site,river,latitude,longitude,region,date,ph,phosphates_mg_l,ammonia_mg_l,dissolved_oxygen_mg_l,turbidity_ntu,water_temp_c,conductivity_us_cm,colour,clarity,algae,current_weather,water_level,water_flow,pollution_sources,notes,qa_status
Tottenham Cemetery,Moselle Brook,51.604345,-0.074322,Haringey,2020-03-01,,3.4,1.6,,12.0,13.8,765.0,clear,clear,,sunny,average,steady,"residential_discharge, urban_discharge","Less silt on the stream bed than usual, when we doing Riverfly testing at the same time.  Silt was probably washed away by heavy rain in previous 24 hours",Reviewed: quality check complete
Friends Bridge,Lea (Old River Lea),51.561403,-0.037255,Hackney,2021-07-31,,2.0,,,,,,,,,,,,,,Reviewed: quality check complete
Friends Bridge,Lea (Old River Lea),51.561403,-0.037255,Hackney,2021-08-07,,2.5,,,,,,,,,,,,,,Reviewed: quality check complete
Friends Bridge,Lea (Old River Lea),51.561403,-0.037255,Hackney,2021-08-14,,2.7,,,,,,,,,,,,,,Reviewed: quality check complete
Friends Bridge,Lea (Old River Lea),51.561403,-0.037255,Hackney,2021-08-21,,2.3,,,,,,,,,,,,,,Reviewed: quality check complete
Friends Bridge,Lea (Old River Lea),51.561403,-0.037255,Hackney,2021-08-28,,2.3,,,,,,,,,,,,,,Reviewed: quality check complete
Friends Bridge,Lea (Old River Lea),51.561403,-0.037255,Hackney,2021-09-04,,2.3,,,,,,,,,,,,,,Reviewed: quality check complete
Friends Bridge,Lea (Old River Lea),51.561403,-0.037255,Hackney,2021-09-11,,2.4,,,,,,,,,,,,,,Reviewed: quality check complete
Friends Bridge,Lea (Old River Lea),51.561403,-0.037255,Hackney,2021-09-18,,2.0,,,,,,,,,,,,,,Reviewed: quality check complete
Friends Bridge,Lea (Old River Lea),51.561403,-0.037255,Hackney,2021-09-25,,2.6,,,,,,,,,,,,,,Reviewed: quality check complete
Friends Bridge,Lea (Old River Lea),51.561403,-0.037255,Hackney,2021-10-02,,2.1,,,,,,,,,,,,,,Reviewed: quality check complete
Friends Bridge,Lea (Old River Lea),51.561403,-0.037255,Hackney,2021-10-09,,1.6,,,,,,,,,,,,,,Reviewed: quality check complete
Friends Bridge,Lea (Old River Lea),51.561403,-0.037255,Hackney,2021-11-06,,2.5,,,,,,,,,,,,,,Reviewed: quality check complete
Friends Bridge,Lea (Old River Lea),51.561403,-0.037255,Hackney,2021-11-13,,2.5,,,,,,,,,,,,,,Reviewed: quality check complete
Friends Bridge,Lea (Old River Lea),51.561403,-0.037255,Hackney,2021-11-19,,2.8,,,,,,,,,,,,,,Reviewed: quality check complete
Friends Bridge,Lea (Old River Lea),51.561403,-0.037255,Hackney,2021-11-26,,3.0,,,,,,,,,,,,,,Reviewed: quality check complete
Friends Bridge,Lea (Old River Lea),51.561403,-0.037255,Hackney,2021-12-03,,2.9,,,,,,,,,,,,,,Reviewed: quality check complete
Friends Bridge,Lea (Old River Lea),51.561403,-0.037255,Hackney,2021-12-10,,2.3,,,,,,,,,,,,,,Reviewed: quality check complete
Friends Bridge,Lea (Old River Lea),51.561403,-0.037255,Hackney,2021-12-17,,2.5,,,,,,,,,,,,,,Reviewed: quality check complete
Friends Bridge,Lea (Old River Lea),51.561403,-0.037255,Hackney,2021-12-24,,2.7,,,,,,,,,,,,,,Reviewed: quality check complete
Friends Bridge,Lea (Old River Lea),51.561403,-0.037255,Hackney,2021-12-31,,2.3,,,,,,,,,,,,,,Reviewed: quality check complete
Friends Bridge,Lea (Old River Lea),51.561403,-0.037255,Hackney,2022-01-07,,2.6,,,,,,,,,,,,,,Reviewed: quality check complete
Friends Bridge,Lea (Old River Lea),51.561403,-0.037255,Hackney,2022-01-14,,2.6,,,,,,,,,,,,,,Reviewed: quality check complete
Friends Bridge,Lea (Old River Lea),51.561403,-0.037255,Hackney,2022-01-21,,2.8,,,,,,,,,,,,,,Reviewed: quality check complete
Friends Bridge,Lea (Old River Lea),51.561403,-0.037255,Hackney,2022-01-28,,2.2,,,,,,,,,,,,,,Reviewed: quality check complete
Friends Bridge,Lea (Old River Lea),51.561403,-0.037255,Hackney,2022-02-04,,2.5,,,,,,,,,,,,,,Reviewed: quality check complete
Friends Bridge,Lea (Old River Lea),51.561403,-0.037255,Hackney,2022-02-11,,2.7,,,,,,,,,,,,,,Reviewed: quality check complete
Friends Bridge,Lea (Old River Lea),51.561403,-0.037255,Hackney,2022-02-18,,2.4,,,,,,,,,,,,,,Reviewed: quality check complete
Friends Bridge,Lea (Old River Lea),51.561403,-0.037255,Hackney,2022-02-25,,2.4,,,,,,,,,,,,,,Reviewed: quality check complete
Friends Bridge,Lea (Old River Lea),51.561403,-0.037255,Hackney,2022-03-04,,2.1,,,,,,,,,,,,,,Reviewed: quality check complete
Friends Bridge,Lea (Old River Lea),51.561403,-0.037255,Hackney,2022-03-11,,2.6,,,,,,,,,,,,,,Reviewed: quality check complete
Friends Bridge,Lea (Old River Lea),51.561403,-0.037255,Hackney,2022-03-18,,2.4,,,,,,,,,,,,,,Reviewed: quality check complete
Friends Bridge,Lea (Old River Lea),51.561403,-0.037255,Hackney,2022-03-25,,2.0,,,,,,,,,,,,,,Reviewed: quality check complete
Friends Bridge,Lea (Old River Lea),51.561403,-0.037255,Hackney,2022-04-01,,2.4,,,,,,,,,,,,,,Reviewed: quality check complete
Friends Bridge,Lea (Old River Lea),51.561403,-0.037255,Hackney,2022-04-08,,1.7,,,,,,,,,,,,,,Reviewed: quality check complete
Friends Bridge,Lea (Old River Lea),51.561403,-0.037255,Hackney,2022-04-15,,1.3,,,,,,,,,,,,,,Reviewed: quality check complete
Friends Bridge,Lea (Old River Lea),51.561403,-0.037255,Hackney,2022-04-22,,2.2,,,,,,,,,,,,,,Reviewed: quality check complete
Friends Bridge,Lea (Old River Lea),51.561403,-0.037255,Hackney,2022-04-29,,2.1,,,,,,,,,,,,,,Reviewed: quality check complete
Friends Bridge,Lea (Old River Lea),51.561403,-0.037255,Hackney,2022-05-06,,1.7,,,,,,,,,,,,,,Reviewed: quality check complete
Friends Bridge,Lea (Old River Lea),51.561403,-0.037255,Hackney,2022-05-13,,2.2,,,,,,,,,,,,,,Reviewed: quality check complete
Friends Bridge,Lea (Old River Lea),51.561403,-0.037255,Hackney,2022-05-20,,1.5,,,,,,,,,,,,,,Reviewed: quality check complete
Friends Bridge,Lea (Old River Lea),51.561403,-0.037255,Hackney,2022-05-27,,1.9,,,,,,,,,,,,,,Reviewed: quality check complete
Friends Bridge,Lea (Old River Lea),51.561403,-0.037255,Hackney,2022-06-02,,1.7,,,,,,,,,,,,,,Reviewed: quality check complete
Friends Bridge,Lea (Old River Lea),51.561403,-0.037255,Hackney,2022-06-10,,1.9,,,,,,,,,,,,,,Reviewed: quality check complete
Friends Bridge,Lea (Old River Lea),51.561403,-0.037255,Hackney,2022-06-17,,2.4,,,,,,,,,,,,,,Reviewed: quality check complete
Friends Bridge,Lea (Old River Lea),51.561403,-0.037255,Hackney,2022-06-24,,2.1,,,,,,,,,,,,,,Reviewed: quality check complete
Friends Bridge,Lea (Old River Lea),51.561403,-0.037255,Hackney,2022-07-01,,2.2,,,,,,,,,,,,,,Reviewed: quality check complete
Friends Bridge,Lea (Old River Lea),51.561403,-0.037255,Hackney,2022-07-08,,2.5,,,,,,,,,,,,,,Reviewed: quality check complete
Friends Bridge,Lea (Old River Lea),51.561403,-0.037255,Hackney,2022-07-15,,1.9,,,,,,,,,,,,,,Reviewed: quality check complete
Friends Bridge,Lea (Old River Lea),51.561403,-0.037255,Hackney,2022-07-22,,1.9,,,,,,,,,,,,,,Reviewed: quality check complete
Friends Bridge,Lea (Old River Lea),51.561403,-0.037255,Hackney,2022-07-29,,2.1,,,,,,,,,,,,,,Reviewed: quality check complete
Friends Bridge,Lea (Old River Lea),51.561403,-0.037255,Hackney,2022-08-05,,1.8,,,,,,,,,,,,,,Reviewed: quality check complete
Friends Bridge,Lea (Old River Lea),51.561403,-0.037255,Hackney,2022-08-12,,1.9,,,,,,,,,,,,,,Reviewed: quality check complete
Friends Bridge,Lea (Old River Lea),51.561403,-0.037255,Hackney,2022-08-19,,1.0,,,,,,,,,,,,,,Reviewed: quality check complete
Friends Bridge,Lea (Old River Lea),51.561403,-0.037255,Hackney,2022-08-26,,1.3,,,,,,,,,,,,,,Reviewed: quality check complete
Friends Bridge,Lea (Old River Lea),51.561403,-0.037255,Hackney,2022-09-02,,2.0,,,,,,,,,,,,,,Reviewed: quality check complete
Friends Bridge,Lea (Old River Lea),51.561403,-0.037255,Hackney,2022-09-09,,1.2,,,,,,,,,,,,,,Reviewed: quality check complete
Friends Bridge,Lea (Old River Lea),51.561403,-0.037255,Hackney,2022-09-16,,1.4,,,,,,,,,,,,,,Reviewed: quality check complete
Friends Bridge,Lea (Old River Lea),51.561403,-0.037255,Hackney,2022-09-23,,1.8,,,,,,,,,,,,,,Reviewed: quality check complete
Friends Bridge,Lea (Old River Lea),51.561403,-0.037255,Hackney,2022-09-30,,2.0,,,,,,,,,,,,,,Reviewed: quality check complete
Friends Bridge,Lea (Old River Lea),51.561403,-0.037255,Hackney,2022-10-09,,1.4,,,,,,,,,,,,,,Reviewed: quality check complete
Friends Bridge,Lea (Old River Lea),51.561403,-0.037255,Hackney,2022-10-14,,1.6,,,,,,,,,,,,,,Reviewed: quality check complete
Friends Bridge,Lea (Old River Lea),51.561403,-0.037255,Hackney,2022-10-21,,1.5,,,,,,,,,,,,,,Reviewed: quality check complete
Friends Bridge,Lea (Old River Lea),51.561403,-0.037255,Hackney,2022-10-28,,1.7,,,,,,,,,,,,,,Reviewed: quality check complete
Friends Bridge,Lea (Old River Lea),51.561403,-0.037255,Hackney,2022-11-04,,1.2,,,,,,,,,,,,,,Reviewed: quality check complete
Friends Bridge,Lea (Old River Lea),51.561403,-0.037255,Hackney,2022-11-11,,1.4,,,,,,,,,,,,,,Reviewed: quality check complete
Friends Bridge,Lea (Old River Lea),51.561403,-0.037255,Hackney,2022-11-18,,1.0,,,,,,,,,,,,,,Reviewed: quality check complete
Friends Bridge,Lea (Old River Lea),51.561403,-0.037255,Hackney,2022-11-25,,1.8,,,,,,,,,,,,,,Reviewed: quality check complete
Friends Bridge,Lea (Old River Lea),51.561403,-0.037255,Hackney,2022-12-09,,1.8,,,,,,,,,,,,,,Reviewed: quality check complete
Friends Bridge,Lea (Old River Lea),51.561403,-0.037255,Hackney,2022-12-17,,1.4,,,,,,,,,,,,,,Reviewed: quality check complete
Friends Bridge,Lea (Old River Lea),51.561403,-0.037255,Hackney,2022-12-30,,1.6,,,,,,,,,,,,,,Reviewed: quality check complete
Friends Bridge,Lea (Old River Lea),51.561403,-0.037255,Hackney,2023-01-06,,1.6,,,,,,,,,,,,,,Reviewed: quality check complete
Friends Bridge,Lea (Old River Lea),51.561403,-0.037255,Hackney,2023-01-13,,1.2,,,,,,,,,,,,,,Reviewed: quality check complete
Friends Bridge,Lea (Old River Lea),51.561403,-0.037255,Hackney,2023-01-20,,1.5,,,,,,,,,,,,,,Reviewed: quality check complete
Friends Bridge,Lea (Old River Lea),51.561403,-0.037255,Hackney,2023-01-27,,1.6,,,,,,,,,,,,,,Reviewed: quality check complete
Friends Bridge,Lea (Old River Lea),51.561403,-0.037255,Hackney,2023-02-03,,1.3,,,,,,,,,,,,,,Reviewed: quality check complete
Friends Bridge,Lea (Old River Lea),51.561403,-0.037255,Hackney,2023-02-10,,1.7,,,,,,,,,,,,,,Reviewed: quality check complete
Friends Bridge,Lea (Old River Lea),51.561403,-0.037255,Hackney,2023-02-17,,1.5,,,,,,,,,,,,,,Reviewed: quality check complete
Friends Bridge,Lea (Old River Lea),51.561403,-0.037255,Hackney,2023-02-24,,1.4,,,,,,,,,,,,,,Reviewed: quality check complete
Friends Bridge,Lea (Old River Lea),51.561403,-0.037255,Hackney,2023-03-03,,1.8,,,,,,,,,,,,,,Reviewed: quality check complete
Friends Bridge,Lea (Old River Lea),51.561403,-0.037255,Hackney,2023-03-10,,1.1,,,,,,,,,,,,,,Reviewed: quality check complete
Friends Bridge,Lea (Old River Lea),51.561403,-0.037255,Hackney,2023-03-17,,1.5,,,,,,,,,,,,,,Reviewed: quality check complete
Friends Bridge,Lea (Old River Lea),51.561403,-0.037255,Hackney,2023-03-24,,1.5,,,,,,,,,,,,,,Reviewed: quality check complete
Eversley Crescent Outfall (Downstream),Salmons Brook/Houndsden Gutter,51.639676,-0.107511,Enfield,2023-03-24,,1.15,0.96,,,,,,,,rainy,,,,,Reviewed: quality check complete
Friends Bridge,Lea (Old River Lea),51.561403,-0.037255,Hackney,2023-03-31,,0.7,,,,,,,,,,,,,,Reviewed: quality check complete
Friends Bridge,Lea (Old River Lea),51.561403,-0.037255,Hackney,2023-04-07,,1.3,,,,,,,,,,,,,,Reviewed: quality check complete
Friends Bridge,Lea (Old River Lea),51.561403,-0.037255,Hackney,2023-04-14,,0.82,,,,,,,,,,,,,,Reviewed: quality check complete
Glenbrook Outfall entry and downstream of Glenbrook Wetland (Upstream),Salmons Brook/Glenbrook Stream,51.646952,-0.118757,Enfield,2023-04-16,,,0.17,,,,,,,,,,,,Lots of bluey grey scum,Reviewed: quality check complete
Glenbrook Outfall entry and downstream of Glenbrook Wetland (Downstream),Salmons Brook/Glenbrook Stream,51.648406,-0.116904,Enfield,2023-04-16,,1.03,0.42,,,,,,,,,,,,Looked clear,Reviewed: quality check complete
Friends Bridge,Lea (Old River Lea),51.561403,-0.037255,Hackney,2023-04-21,,1.86,,,,,,,,,,,,,,Reviewed: quality check complete
Grovelands Park Lake Outfall by cafe and dam,Salmons Brook/Houndsden Gutter/Grovelands Stream,51.632232,-0.112069,Enfield,2023-04-23,,2.5,0.02,,,,,,,,sunny,,,,Phosphate Meter flashing,Reviewed: quality check complete
Eversley Crescent Outfall (Upstream),Salmons Brook/Houndsden Gutter,51.639645,-0.107816,Enfield,2023-04-23,,1.07,1.17,,,,,,,,rainy,,,,,Reviewed: quality check complete
Grovelands Park Lake Entry,Salmons Brook/Houndsden Gutter/Grovelands Stream,51.630718,-0.116322,Enfield,2023-04-23,,1.73,2.0,,,,,,,,sunny,,,,,Reviewed: quality check complete
Waterfall Walk 2 (Downstream),Pymmes Brook,51.62178,-0.136051,Barnet,2023-05-01,,2.5,2.1,,,,,,,,rainy,,,,"Smell of detergent less, water more cloudy following rainfall ",Reviewed: quality check complete
Waterfall Walk 3 (at the outfall),Pymmes Brook,51.62208,-0.136269,Barnet,2023-05-01,,,,,,,,,,,rainy,,slow,,"Visible impact/discoloration within 2 metres of the outfall
Faint Smell
Sewage Fungus
Black silty water
Iridescence from oil observed near to outfall",Reviewed: quality check complete
Friends Bridge,Lea (Old River Lea),51.561403,-0.037255,Hackney,2023-05-01,,1.41,,,,,,,,,,,,,,Reviewed: quality check complete
Waterfall Walk 1 (Upstream),Pymmes Brook,51.622216,-0.13638,Barnet,2023-05-01,,1.2,1.9,,,,,,,,rainy,,,,"RiverFly Score 7
Smell of detergent",Reviewed: quality check complete
Eversley Crescent Outfall (Downstream),Salmons Brook/Houndsden Gutter,51.639676,-0.107511,Enfield,2023-05-07,,0.23,0.49,,,,,,,,,,,,,Reviewed: quality check complete
Eversley Crescent Outfall (Upstream),Salmons Brook/Houndsden Gutter,51.639645,-0.107816,Enfield,2023-05-07,,1.15,0.43,,,,,,,,,,,,,Reviewed: quality check complete
Eversley Crescent Outfall (Downstream),Salmons Brook/Houndsden Gutter,51.639676,-0.107511,Enfield,2023-05-07,,0.23,0.49,,,,,,,,,,,,,Reviewed: quality check complete
Grovelands Park Lake Entry,Salmons Brook/Houndsden Gutter/Grovelands Stream,51.630718,-0.116322,Enfield,2023-05-08,,2.15,2.8,,,,,,,,sunny,,,,,Reviewed: quality check complete
Grovelands Park Lake Outfall by cafe and dam,Salmons Brook/Houndsden Gutter/Grovelands Stream,51.632232,-0.112069,Enfield,2023-05-08,,2.5,0.0,,,,,,,,sunny,,,,Phosphate Meter flashing,Reviewed: quality check complete
Glenbrook Outfall entry and downstream of Glenbrook Wetland (Upstream),Salmons Brook/Glenbrook Stream,51.646952,-0.118757,Enfield,2023-05-14,,2.36,2.09,,,,,,,,,,,,"Lots of bluey grey scm,",Reviewed: quality check complete
Grovelands Park Lake Entry,Salmons Brook/Houndsden Gutter/Grovelands Stream,51.630718,-0.116322,Enfield,2023-05-14,,1.74,0.98,,,,,,,,sunny,,,,,Reviewed: quality check complete
Glenbrook Outfall entry and downstream of Glenbrook Wetland (Downstream),Salmons Brook/Glenbrook Stream,51.648406,-0.116904,Enfield,2023-05-14,,1.81,0.26,,,,,,,,,,,,Looked clear,Reviewed: quality check complete
Grovelands Park Lake Outfall by cafe and dam,Salmons Brook/Houndsden Gutter/Grovelands Stream,51.632232,-0.112069,Enfield,2023-05-14,,2.5,0.0,,,,,,,,sunny,,,,Phosphate Meter flashing,Reviewed: quality check complete
Eversley Crescent Outfall (Upstream),Salmons Brook/Houndsden Gutter,51.639645,-0.107816,Enfield,2023-05-21,,2.5,0.72,,,,,,,,,,,,,Reviewed: quality check complete
Eversley Crescent Outfall (Downstream),Salmons Brook/Houndsden Gutter,51.639676,-0.107511,Enfield,2023-05-21,,2.5,0.54,,,,,,,,,,,,,Reviewed: quality check complete
Grovelands Park Lake Entry,Salmons Brook/Houndsden Gutter/Grovelands Stream,51.630718,-0.116322,Enfield,2023-05-28,,1.85,0.73,,,,,,,,sunny,,,,,Reviewed: quality check complete
Grovelands Park Lake Outfall by cafe and dam,Salmons Brook/Houndsden Gutter/Grovelands Stream,51.632232,-0.112069,Enfield,2023-05-28,,2.5,0.0,,,,,,,,sunny,,,,Phosphate meter flashing,Reviewed: quality check complete
Friends Bridge,Lea (Old River Lea),51.561403,-0.037255,Hackney,2023-06-01,,1.64,,,,,,,,,,,,,,Reviewed: quality check complete
Grovelands Park Lake Entry,Salmons Brook/Houndsden Gutter/Grovelands Stream,51.630718,-0.116322,Enfield,2023-06-04,,2.03,0.95,,,,,,,,sunny,,,,,Reviewed: quality check complete
Grovelands Park Lake Outfall by cafe and dam,Salmons Brook/Houndsden Gutter/Grovelands Stream,51.632232,-0.112069,Enfield,2023-06-04,,2.5,0.42,,,,,,,,sunny,,,,Phosphate Meter flashing,Reviewed: quality check complete
Eversley Crescent Outfall (Upstream),Salmons Brook/Houndsden Gutter,51.639645,-0.107816,Enfield,2023-06-05,,2.5,0.67,,,,,,,,,,,,,Reviewed: quality check complete
Eversley Crescent Outfall (Downstream),Salmons Brook/Houndsden Gutter,51.639676,-0.107511,Enfield,2023-06-05,,1.39,0.67,,,,,,,,,,,,,Reviewed: quality check complete
Grovelands Park Lake Entry,Salmons Brook/Houndsden Gutter/Grovelands Stream,51.630718,-0.116322,Enfield,2023-06-11,,2.5,2.48,,,,,,,,sunny,,,,Phosphate Meter Flashing,Reviewed: quality check complete
Grovelands Park Lake Outfall by cafe and dam,Salmons Brook/Houndsden Gutter/Grovelands Stream,51.632232,-0.112069,Enfield,2023-06-11,,2.5,0.05,,,,,,,,sunny,,,,Phosphate Meter flashing,Reviewed: quality check complete
Eversley Crescent Outfall (Upstream),Salmons Brook/Houndsden Gutter,51.639645,-0.107816,Enfield,2023-06-18,,2.5,3.0,,,,,,,,,,,,,Reviewed: quality check complete
Eversley Crescent Outfall (Downstream),Salmons Brook/Houndsden Gutter,51.639676,-0.107511,Enfield,2023-06-18,,2.5,3.0,,,,,,,,,,,,,Reviewed: quality check complete
Grovelands Park Lake Entry,Salmons Brook/Houndsden Gutter/Grovelands Stream,51.630718,-0.116322,Enfield,2023-06-18,,2.23,1.78,,,,,,,,sunny,,,,,Reviewed: quality check complete
Grovelands Park Lake Outfall by cafe and dam,Salmons Brook/Houndsden Gutter/Grovelands Stream,51.632232,-0.112069,Enfield,2023-06-18,,2.5,0.07,,,,,,,,sunny,,,,Phosphate Meter flashing,Reviewed: quality check complete
Grovelands Park Lake Outfall by cafe and dam,Salmons Brook/Houndsden Gutter/Grovelands Stream,51.632232,-0.112069,Enfield,2023-06-25,,2.5,0.09,,,,,,,,sunny,,,,Phosphate Meter flaashing,Reviewed: quality check complete
Grovelands Park Lake Entry,Salmons Brook/Houndsden Gutter/Grovelands Stream,51.630718,-0.116322,Enfield,2023-06-25,,2.32,1.3,,,,,,,,sunny,,,,,Reviewed: quality check complete
Oak Hill Park 2 (Downstream),Pymmes Brook,51.638422,-0.156959,Barnet,2023-07-01,,1.58,0.37,,,,,,,,rainy,,,,RiverFly Score 7,Reviewed: quality check complete
Oak Hill Park 1 (Upstream),Pymmes Brook,51.639578,-0.1596,Barnet,2023-07-01,,1.78,0.74,,,,,,,,rainy,,,,RiverFly Score 6,Reviewed: quality check complete
Friends Bridge,Lea (Old River Lea),51.561403,-0.037255,Hackney,2023-07-01,,2.5,,,,,,,,,,,,,,Reviewed: quality check complete
Grovelands Park Lake Entry,Salmons Brook/Houndsden Gutter/Grovelands Stream,51.630718,-0.116322,Enfield,2023-07-02,,2.5,2.41,,,,,,,,sunny,,,,,Reviewed: quality check complete
Grovelands Park Lake Outfall by cafe and dam,Salmons Brook/Houndsden Gutter/Grovelands Stream,51.632232,-0.112069,Enfield,2023-07-02,,0.73,0.34,,,,,,,,sunny,,,,,Reviewed: quality check complete
Grovelands Park Lake Outfall by cafe and dam,Salmons Brook/Houndsden Gutter/Grovelands Stream,51.632232,-0.112069,Enfield,2023-07-09,,2.5,0.09,,,,,,,,cloudy,,,,Phosphate meter flashing,Reviewed: quality check complete
Eversley Crescent Outfall (Upstream),Salmons Brook/Houndsden Gutter,51.639645,-0.107816,Enfield,2023-07-09,,2.45,2.1,,,,,,,,,,,,,Reviewed: quality check complete
Grovelands Park Lake Entry,Salmons Brook/Houndsden Gutter/Grovelands Stream,51.630718,-0.116322,Enfield,2023-07-09,,2.32,2.34,,,,,,,,cloudy,,,,,Reviewed: quality check complete
Grovelands Park Lake Outfall by cafe and dam,Salmons Brook/Houndsden Gutter/Grovelands Stream,51.632232,-0.112069,Enfield,2023-07-16,,2.5,0.0,,,,,,,,sunny,,,,Phosphate meter flaashing,Reviewed: quality check complete
Grovelands Park Lake Entry,Salmons Brook/Houndsden Gutter/Grovelands Stream,51.630718,-0.116322,Enfield,2023-07-16,,2.22,1.65,,,,,,,,sunny,,,,,Reviewed: quality check complete
Oak Hill Park 1 (Upstream),Pymmes Brook,51.639578,-0.1596,Barnet,2023-07-23,,2.4,0.34,,,,,,,,,,,,RiverFly Score : 4,Reviewed: quality check complete
Grovelands Park Lake Outfall by cafe and dam,Salmons Brook/Houndsden Gutter/Grovelands Stream,51.632232,-0.112069,Enfield,2023-07-23,,2.5,0.3,,,,,,,,sunny,,,,Phosphate meter flashing,Reviewed: quality check complete
Grovelands Park Lake Entry,Salmons Brook/Houndsden Gutter/Grovelands Stream,51.630718,-0.116322,Enfield,2023-07-23,,2.03,0.59,,,,,,,,sunny,,,,,Reviewed: quality check complete
Eversley Crescent Outfall (Upstream),Salmons Brook/Houndsden Gutter,51.639645,-0.107816,Enfield,2023-07-23,,0.42,0.59,,,,,,,,cloudy,,,,,Reviewed: quality check complete
Eversley Crescent Outfall (Downstream),Salmons Brook/Houndsden Gutter,51.639676,-0.107511,Enfield,2023-07-23,,,0.25,,,,,,,,,,,,,Reviewed: quality check complete
Grovelands Park Lake Outfall by cafe and dam,Salmons Brook/Houndsden Gutter/Grovelands Stream,51.632232,-0.112069,Enfield,2023-07-30,,2.5,0.03,,,,,,,,sunny,,,,Phosphate Meter flashing,Reviewed: quality check complete
Grovelands Park Stream below dam,Salmons Brook/Houndsden Gutter/Grovelands Stream,51.633371,-0.111863,Enfield,2023-07-30,,2.5,0.05,,,,,,,,sunny,,,,Phosphate Meter flashing,Reviewed: quality check complete
Oak Hill Park 2 (Downstream),Pymmes Brook,51.638422,-0.156959,Barnet,2023-07-30,,1.4,0.18,,,,,,,,,,,,RiverFly Score 6,Reviewed: quality check complete
Grovelands Park Lake Entry,Salmons Brook/Houndsden Gutter/Grovelands Stream,51.630718,-0.116322,Enfield,2023-07-30,,2.5,3.0,,,,,,,,sunny,,,,Both meters (Phosphate and Ammonia) flashing,Reviewed: quality check complete
Friends Bridge,Lea (Old River Lea),51.561403,-0.037255,Hackney,2023-08-01,,2.01,,,,,,,,,,,,,,Reviewed: quality check complete
Grovelands Park Lake Entry,Salmons Brook/Houndsden Gutter/Grovelands Stream,51.630718,-0.116322,Enfield,2023-08-06,,1.54,0.7,,,,,,,,sunny,,,,,Reviewed: quality check complete
Eversley Crescent Outfall (Upstream),Salmons Brook/Houndsden Gutter,51.639645,-0.107816,Enfield,2023-08-06,,1.99,1.03,,,,,,,,,,,,,Reviewed: quality check complete
Eversley Crescent Outfall (Downstream),Salmons Brook/Houndsden Gutter,51.639676,-0.107511,Enfield,2023-08-06,,2.08,0.98,,,,,,,,,,,,,Reviewed: quality check complete
Grovelands Park Lake Outfall by cafe and dam,Salmons Brook/Houndsden Gutter/Grovelands Stream,51.632232,-0.112069,Enfield,2023-08-06,,2.5,0.17,,,,,,,,sunny,,,,Phosphate meter flashing,Reviewed: quality check complete
Grovelands Park Stream below dam,Salmons Brook/Houndsden Gutter/Grovelands Stream,51.633371,-0.111863,Enfield,2023-08-06,,2.5,0.18,,,,,,,,sunny,,,,Phosphate meter flashing,Reviewed: quality check complete
Grovelands Park Lake Outfall by cafe and dam,Salmons Brook/Houndsden Gutter/Grovelands Stream,51.632232,-0.112069,Enfield,2023-08-13,,2.5,0.22,,,,,,,,sunny,,,,Phosphate Meter flashing,Reviewed: quality check complete
Grovelands Park Stream below dam,Salmons Brook/Houndsden Gutter/Grovelands Stream,51.633371,-0.111863,Enfield,2023-08-13,,2.5,0.22,,,,,,,,sunny,,,,Phosphate Meter flashing,Reviewed: quality check complete
Grovelands Park Lake Entry,Salmons Brook/Houndsden Gutter/Grovelands Stream,51.630718,-0.116322,Enfield,2023-08-13,,2.01,0.44,,,,,,,,sunny,,,,,Reviewed: quality check complete
Grovelands Park Stream below dam,Salmons Brook/Houndsden Gutter/Grovelands Stream,51.633371,-0.111863,Enfield,2023-08-20,,2.5,0.22,,,,,,,,sunny,,,,Phosphate Meter flashing,Reviewed: quality check complete
Grovelands Park Lake Outfall by cafe and dam,Salmons Brook/Houndsden Gutter/Grovelands Stream,51.632232,-0.112069,Enfield,2023-08-20,,2.5,0.02,,,,,,,,sunny,,,,Phosphate Meter flashing,Reviewed: quality check complete
Grovelands Park Lake Entry,Salmons Brook/Houndsden Gutter/Grovelands Stream,51.630718,-0.116322,Enfield,2023-08-20,,1.92,1.24,,,,,,,,sunny,,,,,Reviewed: quality check complete
Friends Bridge,Lea (Old River Lea),51.561403,-0.037255,Hackney,2023-09-01,,1.93,,,,,,,,,,,,,,Reviewed: quality check complete
Eversley Crescent Outfall (Upstream),Salmons Brook/Houndsden Gutter,51.639645,-0.107816,Enfield,2023-09-03,,,3.0,,,,,,,,,,,,,Reviewed: quality check complete
Grovelands Park Stream below dam,Salmons Brook/Houndsden Gutter/Grovelands Stream,51.633371,-0.111863,Enfield,2023-09-03,,2.5,0.44,,,,,,,,sunny,,,,Phosphate meter flashing,Reviewed: quality check complete
Eversley Crescent Outfall (Downstream),Salmons Brook/Houndsden Gutter,51.639676,-0.107511,Enfield,2023-09-03,,,3.0,,,,,,,,,,,,,Reviewed: quality check complete
Grovelands Park Lake Outfall by cafe and dam,Salmons Brook/Houndsden Gutter/Grovelands Stream,51.632232,-0.112069,Enfield,2023-09-03,,2.5,0.0,,,,,,,,sunny,,,,Phosphate Meter flashing,Reviewed: quality check complete
Grovelands Park Lake Entry,Salmons Brook/Houndsden Gutter/Grovelands Stream,51.630718,-0.116322,Enfield,2023-09-03,,2.24,1.2,,,,,,,,sunny,,,,,Reviewed: quality check complete
Grovelands Park Stream below dam,Salmons Brook/Houndsden Gutter/Grovelands Stream,51.633371,-0.111863,Enfield,2023-09-10,,2.5,0.64,,,,,,,,sunny,,,,Phosphate Meter flashing,Reviewed: quality check complete
Grovelands Park Lake Entry,Salmons Brook/Houndsden Gutter/Grovelands Stream,51.630718,-0.116322,Enfield,2023-09-10,,2.5,3.0,,,,,,,,sunny,,,,Both Ammonia and Phosphate meters flashing,Reviewed: quality check complete
Grovelands Park Lake Outfall by cafe and dam,Salmons Brook/Houndsden Gutter/Grovelands Stream,51.632232,-0.112069,Enfield,2023-09-10,,2.5,0.0,,,,,,,,sunny,,,,Phosphate Meter flashing,Reviewed: quality check complete
Eversley Crescent Outfall (Downstream),Salmons Brook/Houndsden Gutter,51.639676,-0.107511,Enfield,2023-09-23,,2.5,2.5,,,,,,,,,,,,,Reviewed: quality check complete
Grovelands Park Stream below dam,Salmons Brook/Houndsden Gutter/Grovelands Stream,51.633371,-0.111863,Enfield,2023-09-23,,2.5,1.06,,,,,,,,cloudy,,,,Phosphate meter flashing,Reviewed: quality check complete
Grovelands Park Lake Entry,Salmons Brook/Houndsden Gutter/Grovelands Stream,51.630718,-0.116322,Enfield,2023-09-23,,1.86,1.59,,,,,,,,cloudy,,,,,Reviewed: quality check complete
Eversley Crescent Outfall (Upstream),Salmons Brook/Houndsden Gutter,51.639645,-0.107816,Enfield,2023-09-23,,2.5,2.93,,,,,,,,,,,,,Reviewed: quality check complete
Grovelands Park Lake Outfall by cafe and dam,Salmons Brook/Houndsden Gutter/Grovelands Stream,51.632232,-0.112069,Enfield,2023-10-01,,2.5,0.0,,,,,,,,,,,,Phosphate Meter flashing,Reviewed: quality check complete
Grovelands Park Lake Entry,Salmons Brook/Houndsden Gutter/Grovelands Stream,51.630718,-0.116322,Enfield,2023-10-01,,2.5,2.36,,,,,,,,,,,,Phosphate meter flashing,Reviewed: quality check complete
Grovelands Park Stream below dam,Salmons Brook/Houndsden Gutter/Grovelands Stream,51.633371,-0.111863,Enfield,2023-10-01,,2.5,1.13,,,,,,,,,,,,Phosphate Meter flashing,Reviewed: quality check complete
Friends Bridge,Lea (Old River Lea),51.561403,-0.037255,Hackney,2023-10-01,,2.5,,,,,,,,,,,,,,Reviewed: quality check complete
Grovelands Park Lake Entry,Salmons Brook/Houndsden Gutter/Grovelands Stream,51.630718,-0.116322,Enfield,2023-10-08,,2.5,2.31,,,,,,,,,,,,,Reviewed: quality check complete
Eversley Crescent Outfall (Downstream),Salmons Brook/Houndsden Gutter,51.639676,-0.107511,Enfield,2023-10-08,,2.5,3.0,,,,,,,,,,,,,Reviewed: quality check complete
Grovelands Park Lake Outfall by cafe and dam,Salmons Brook/Houndsden Gutter/Grovelands Stream,51.632232,-0.112069,Enfield,2023-10-08,,2.5,0.12,,,,,,,,,,,,Phosphate meter flashing,Reviewed: quality check complete
Eversley Crescent Outfall (Upstream),Salmons Brook/Houndsden Gutter,51.639645,-0.107816,Enfield,2023-10-08,,2.5,3.0,,,,,,,,,,surging,,There has been a lot of rain and the flow is quite fast even though it hasn't rained for a day or two.,Reviewed: quality check complete
The White House Bridge (Old River Lea),River Lea,51.55484,-0.025711,Hackney,2023-10-14,,1.32,0.0,,,,,,,,,,,,Ammonia reading believed to be an error - this was first time using the checkers,Reviewed: quality check complete
Grovelands Park Lake Outfall by cafe and dam,Salmons Brook/Houndsden Gutter/Grovelands Stream,51.632232,-0.112069,Enfield,2023-10-15,,2.5,0.16,,,,,,,,sunny,,,,Phosphate meter flashing,Reviewed: quality check complete
Grovelands Park Lake Entry,Salmons Brook/Houndsden Gutter/Grovelands Stream,51.630718,-0.116322,Enfield,2023-10-15,,1.81,2.28,,,,,,,,sunny,,,,,Reviewed: quality check complete
Grovelands Park Lake Entry,Salmons Brook/Houndsden Gutter/Grovelands Stream,51.630718,-0.116322,Enfield,2023-10-22,,0.95,0.47,,,,,,,,,,,,,Reviewed: quality check complete
Grovelands Park Stream below dam,Salmons Brook/Houndsden Gutter/Grovelands Stream,51.633371,-0.111863,Enfield,2023-10-22,,2.07,1.34,,,,,,,,sunny,,,,,Reviewed: quality check complete
Grovelands Park Lake Outfall by cafe and dam,Salmons Brook/Houndsden Gutter/Grovelands Stream,51.632232,-0.112069,Enfield,2023-10-22,,2.5,0.13,,,,,,,,rainy,,,,,Reviewed: quality check complete
Oak Hill Park 2 (Downstream),Pymmes Brook,51.638422,-0.156959,Barnet,2023-10-23,,0.71,0.13,,,,,,,,,,,,RiverFly Score 5,Reviewed: quality check complete
Grovelands Park Stream below dam,Salmons Brook/Houndsden Gutter/Grovelands Stream,51.633371,-0.111863,Enfield,2023-10-29,,2.32,1.49,,,,,,,,rainy,,,,,Reviewed: quality check complete
Grovelands Park Lake Entry,Salmons Brook/Houndsden Gutter/Grovelands Stream,51.630718,-0.116322,Enfield,2023-10-29,,0.98,0.72,,,,,,,,rainy,,,,,Reviewed: quality check complete
Grovelands Park Lake Outfall by cafe and dam,Salmons Brook/Houndsden Gutter/Grovelands Stream,51.632232,-0.112069,Enfield,2023-10-29,,2.02,0.02,,,,,,,,rainy,,,,,Reviewed: quality check complete
Friends Bridge,Lea (Old River Lea),51.561403,-0.037255,Hackney,2023-11-01,,1.82,,,,,,,,,,,,,,Reviewed: quality check complete
The White House Bridge (Old River Lea),River Lea,51.55484,-0.025711,Hackney,2023-11-04,,0.9,0.02,,,,,brown,cloudy,,"cloudy, rainy",high,surging,,"Previous several days had heavy rainfall; river was high, fast , turbid & very brown",Reviewed: quality check complete
Eversley Crescent Outfall (Downstream),Salmons Brook/Houndsden Gutter,51.639676,-0.107511,Enfield,2023-11-05,,,1.09,,,,,,,,,,,,,Reviewed: quality check complete
Grovelands Park Lake Entry,Salmons Brook/Houndsden Gutter/Grovelands Stream,51.630718,-0.116322,Enfield,2023-11-12,,1.52,3.0,,,,,,,,rainy,,,,Ammonia Meter flashing,Reviewed: quality check complete
Grovelands Park Stream below dam,Salmons Brook/Houndsden Gutter/Grovelands Stream,51.633371,-0.111863,Enfield,2023-11-12,,1.6,1.01,,,,,,,,rainy,,,,,Reviewed: quality check complete
Grovelands Park Lake Outfall by cafe and dam,Salmons Brook/Houndsden Gutter/Grovelands Stream,51.632232,-0.112069,Enfield,2023-11-12,,2.5,0.15,,,,,,,,rainy,,,,,Reviewed: quality check complete
Oak Hill Park 1 (Upstream),Pymmes Brook,51.639578,-0.1596,Barnet,2023-11-15,,0.89,0.38,,,,,,,,,,,,RiverFly Score 6,Reviewed: quality check complete
The Charter Road (Gordon Avenue),The Ching,51.608856,0.009023,Waltham Forest,2023-11-16,,0.68,0.25,,,,,,,,"cloudy, rainy",,,,Observed bubbles in the river,Reviewed: quality check complete
Eversley Crescent Outfall (Upstream),Salmons Brook/Houndsden Gutter,51.639645,-0.107816,Enfield,2023-11-19,,1.64,1.04,,,,,,,,,,,,,Reviewed: quality check complete
Grovelands Park Stream below dam,Salmons Brook/Houndsden Gutter/Grovelands Stream,51.633371,-0.111863,Enfield,2023-11-20,,1.4,0.83,,,,,,,,rainy,,,,,Reviewed: quality check complete
Grovelands Park Lake Entry,Salmons Brook/Houndsden Gutter/Grovelands Stream,51.630718,-0.116322,Enfield,2023-11-20,,1.42,0.43,,,,,,,,rainy,,,,,Reviewed: quality check complete
Grovelands Park Lake Outfall by cafe and dam,Salmons Brook/Houndsden Gutter/Grovelands Stream,51.632232,-0.112069,Enfield,2023-11-20,,2.5,0.04,,,,,,,,rainy,,,,,Reviewed: quality check complete
Source of Ching,The Ching,51.642531,0.026401,Essex,2023-11-23,,0.1,0.59,,,,,,,,,,,,,Reviewed: quality check complete
Downstream of Connaught Water,The Ching,51.63776,0.025654,Essex,2023-11-23,,0.8,0.12,,,,,,,,,,,,,Reviewed: quality check complete
Upstream of Connaught Water,The Ching,51.639917,0.026791,Essex,2023-11-23,,0.0,0.5,,,,,,,,,,,,,Reviewed: quality check complete
Grovelands Park Lake Entry,Salmons Brook/Houndsden Gutter/Grovelands Stream,51.630718,-0.116322,Enfield,2023-11-26,,1.65,1.59,,,,,,,,,,,,,Reviewed: quality check complete
Grovelands Park Lake Outfall by cafe and dam,Salmons Brook/Houndsden Gutter/Grovelands Stream,51.632232,-0.112069,Enfield,2023-11-26,,2.5,0.66,,,,,,,,,,,,,Reviewed: quality check complete
Grovelands Park Stream below dam,Salmons Brook/Houndsden Gutter/Grovelands Stream,51.633371,-0.111863,Enfield,2023-11-26,,1.39,0.8,,,,,,,,,,,,,Reviewed: quality check complete
Friends Bridge,Lea (Old River Lea),51.561403,-0.037255,Hackney,2023-12-01,,1.74,,,,,,,,,,,,,,Reviewed: quality check complete
The White House Bridge (Old River Lea),River Lea,51.55484,-0.025711,Hackney,2023-12-02,,1.66,0.06,,,,,,,,,,,,,Reviewed: quality check complete
Beech Hall,The Ching,51.604636,0.000755,Waltham Forest,2023-12-08,,0.39,0.19,,,,,,,,,high,,,,Reviewed: quality check complete
Wadham Ave,The Ching,51.603672,-0.011865,Waltham Forest,2023-12-08,,0.65,0.08,,,,,,,,,high,,,,Reviewed: quality check complete
Wadham Ave,The Ching,51.603672,-0.011865,Waltham Forest,2023-12-08,,0.65,0.08,,,,,,,,cloudy,high,surging,,,Reviewed: quality check complete
Grovelands Park Lake Outfall by cafe and dam,Salmons Brook/Houndsden Gutter/Grovelands Stream,51.632232,-0.112069,Enfield,2023-12-10,,1.32,0.1,,,,,,,,rainy,,,,,Reviewed: quality check complete
Grovelands Park Lake Entry,Salmons Brook/Houndsden Gutter/Grovelands Stream,51.630718,-0.116322,Enfield,2023-12-10,,0.75,0.51,,,,,,,,rainy,,,,,Reviewed: quality check complete
Grovelands Park Stream below dam,Salmons Brook/Houndsden Gutter/Grovelands Stream,51.633371,-0.111863,Enfield,2023-12-10,,1.24,0.75,,,,,,,,rainy,,,,,Reviewed: quality check complete
Vincent Road,The Ching,51.606119,0.004489,Waltham Forest,2023-12-14,,0.39,0.19,,,,,,,,,high,,,,Reviewed: quality check complete
Sainsbury's,The Ching,51.604505,-0.019121,Waltham Forest,2023-12-15,,0.89,0.19,,,,,,,,,high,,,"Heavy rain the days previously so high water levels
also sighted egret & grey wagtail on the river",Reviewed: quality check complete
Grovelands Park Stream below dam,Salmons Brook/Houndsden Gutter/Grovelands Stream,51.633371,-0.111863,Enfield,2023-12-17,,1.05,0.6,,,,,,,,,,,,,Reviewed: quality check complete
Grovelands Park Lake Entry,Salmons Brook/Houndsden Gutter/Grovelands Stream,51.630718,-0.116322,Enfield,2023-12-17,,1.89,3.0,,,,,,,,,,,,Ammonia Meter flashing,Reviewed: quality check complete
Grovelands Park Lake Outfall by cafe and dam,Salmons Brook/Houndsden Gutter/Grovelands Stream,51.632232,-0.112069,Enfield,2023-12-17,,2.5,0.18,,,,,,,,,,,,,Reviewed: quality check complete
Grovelands Park Lake Outfall by cafe and dam,Salmons Brook/Houndsden Gutter/Grovelands Stream,51.632232,-0.112069,Enfield,2023-12-17,,2.5,0.18,,,,,,,,,,,,,Reviewed: quality check complete
Grovelands Park Stream below dam,Salmons Brook/Houndsden Gutter/Grovelands Stream,51.633371,-0.111863,Enfield,2023-12-24,,0.96,0.68,,,,,,,,rainy,,,,,Reviewed: quality check complete
Grovelands Park Lake Entry,Salmons Brook/Houndsden Gutter/Grovelands Stream,51.630718,-0.116322,Enfield,2023-12-24,,1.65,2.95,,,,,,,,rainy,,,,,Reviewed: quality check complete
Grovelands Park Lake Outfall by cafe and dam,Salmons Brook/Houndsden Gutter/Grovelands Stream,51.632232,-0.112069,Enfield,2023-12-24,,2.5,0.0,,,,,,,,rainy,,,,Phosphate meter flashing,Reviewed: quality check complete
Friends Bridge,Lea (Old River Lea),51.561403,-0.037255,Hackney,2024-01-01,,1.07,,,,,,,,,,,,,,Reviewed: quality check complete
The White House Bridge (Old River Lea),River Lea,51.55484,-0.025711,Hackney,2024-01-06,,0.57,0.0,,,,,brown,opaque,,"cloudy, rainy",high,surging,,"Very heavy rain for several days, river extremely high (the canal had broken its banks just downstream earlier creating several feet of flooding in Dace and Wick Roads), water very brown and turbid, very fast.",Reviewed: quality check complete
Grovelands Park Lake Outfall by cafe and dam,Salmons Brook/Houndsden Gutter/Grovelands Stream,51.632232,-0.112069,Enfield,2024-01-07,,1.26,0.11,,,,,,,,rainy,,,,,Reviewed: quality check complete
Grovelands Park Stream below dam,Salmons Brook/Houndsden Gutter/Grovelands Stream,51.633371,-0.111863,Enfield,2024-01-07,,0.65,0.37,,,,,,,,rainy,,,,,Reviewed: quality check complete
Grovelands Park Lake Entry,Salmons Brook/Houndsden Gutter/Grovelands Stream,51.630718,-0.116322,Enfield,2024-01-07,,1.48,1.49,,,,,,,,,,,,,Reviewed: quality check complete
Grovelands Park Stream below dam,Salmons Brook/Houndsden Gutter/Grovelands Stream,51.633371,-0.111863,Enfield,2024-01-14,,0.7,0.37,,,,,,,,,,,,,Reviewed: quality check complete
Grovelands Park Lake Outfall by cafe and dam,Salmons Brook/Houndsden Gutter/Grovelands Stream,51.632232,-0.112069,Enfield,2024-01-14,,2.5,0.0,,,,,,,,,,,,,Reviewed: quality check complete
Grovelands Park Lake Entry,Salmons Brook/Houndsden Gutter/Grovelands Stream,51.630718,-0.116322,Enfield,2024-01-14,,1.62,3.0,,,,,,,,,,,,Ammonia Meter flashing,Reviewed: quality check complete
Highams Park Lake,The Ching,51.613892,0.009555,Waltham Forest,2024-01-17,,0.62,0.44,,,,,brown,cloudy,no,sunny,average,steady,,,Reviewed: quality check complete
Grovelands Park Stream below dam,Salmons Brook/Houndsden Gutter/Grovelands Stream,51.633371,-0.111863,Enfield,2024-01-21,,0.64,0.51,,,,,,,,rainy,,,,,Reviewed: quality check complete
Grovelands Park Lake Outfall by cafe and dam,Salmons Brook/Houndsden Gutter/Grovelands Stream,51.632232,-0.112069,Enfield,2024-01-21,,0.23,0.52,,,,,,,,rainy,,,,,Reviewed: quality check complete
Grovelands Park Lake Entry,Salmons Brook/Houndsden Gutter/Grovelands Stream,51.630718,-0.116322,Enfield,2024-01-21,,2.5,3.0,,,,,,,,rainy,,,,Both Ammonia and Phosphate meters flashing,Reviewed: quality check complete
Eversley Crescent Outfall (Upstream),Salmons Brook/Houndsden Gutter,51.639645,-0.107816,Enfield,2024-01-25,,2.5,2.93,,,,,,,,,,surging,,There has been a lot of rain and the flow is quite fast even though it hasn't rained for a day or two.,Reviewed: quality check complete
Eversley Crescent Outfall (Downstream),Salmons Brook/Houndsden Gutter,51.639676,-0.107511,Enfield,2024-01-25,,1.36,1.35,,,,,,,,,,,,,Reviewed: quality check complete
Grovelands Park Lake Entry,Salmons Brook/Houndsden Gutter/Grovelands Stream,51.630718,-0.116322,Enfield,2024-01-29,,2.5,3.0,,,,,,,,cloudy,,,,Both readings flashing ie higher than recorded,Reviewed: quality check complete
Grovelands Park Lake Outfall by cafe and dam,Salmons Brook/Houndsden Gutter/Grovelands Stream,51.632232,-0.112069,Enfield,2024-01-29,,0.45,,,,,,,,,cloudy,,,,,Reviewed: quality check complete
Grovelands Park Stream below dam,Salmons Brook/Houndsden Gutter/Grovelands Stream,51.633371,-0.111863,Enfield,2024-01-29,,0.8,0.57,,,,,,,,cloudy,,,,,Reviewed: quality check complete
The White House Bridge (Old River Lea),River Lea,51.55484,-0.025711,Hackney,2024-02-03,,1.54,0.09,,,,,brown,cloudy,,,average,steady,,"Air temp around 12°, water much lower and much slower, still turbid",Reviewed: quality check complete
Friends Bridge,Lea (Old River Lea),51.561403,-0.037255,Hackney,2024-02-03,,1.58,,,,,,,,,,,,,,Reviewed: quality check complete
Grovelands Park Lake Entry,Salmons Brook/Houndsden Gutter/Grovelands Stream,51.630718,-0.116322,Enfield,2024-02-04,,2.5,3.0,,,,,,,,cloudy,,,,Both readings flashing ie above recorded value,Reviewed: quality check complete
Grovelands Park Stream below dam,Salmons Brook/Houndsden Gutter/Grovelands Stream,51.633371,-0.111863,Enfield,2024-02-04,,0.77,0.49,,,,,,,,cloudy,,,,,Reviewed: quality check complete
Grovelands Park Lake Outfall by cafe and dam,Salmons Brook/Houndsden Gutter/Grovelands Stream,51.632232,-0.112069,Enfield,2024-02-04,,0.42,1.17,,,,,,,,cloudy,,,,,Reviewed: quality check complete
Eversley Crescent Outfall (Upstream),Salmons Brook/Houndsden Gutter,51.639645,-0.107816,Enfield,2024-02-11,,1.14,0.77,,,,,,,,,,,,,Reviewed: quality check complete
Eversley Crescent Outfall (Downstream),Salmons Brook/Houndsden Gutter,51.639676,-0.107511,Enfield,2024-02-11,,1.1,0.76,,,,,,,,,,,,,Reviewed: quality check complete
Grovelands Park Lake Outfall by cafe and dam,Salmons Brook/Houndsden Gutter/Grovelands Stream,51.632232,-0.112069,Enfield,2024-02-11,,0.18,0.06,,,,,,,,,,,,,Reviewed: quality check complete
Grovelands Park Lake Entry,Salmons Brook/Houndsden Gutter/Grovelands Stream,51.630718,-0.116322,Enfield,2024-02-11,,2.19,3.0,,,,,,,,cloudy,,,,Ammonia reading flashing ie above recorded value,Reviewed: quality check complete
Grovelands Park Stream below dam,Salmons Brook/Houndsden Gutter/Grovelands Stream,51.633371,-0.111863,Enfield,2024-02-11,,0.71,0.69,,,,,,,,cloudy,,,,,Reviewed: quality check complete
Grovelands Park Stream below dam,Salmons Brook/Houndsden Gutter/Grovelands Stream,51.633371,-0.111863,Enfield,2024-02-18,,0.77,0.59,,,,,,,,cloudy,,,,,Reviewed: quality check complete
Grovelands Park Lake Entry,Salmons Brook/Houndsden Gutter/Grovelands Stream,51.630718,-0.116322,Enfield,2024-02-18,,0.79,0.58,,,,,,,,cloudy,,,,,Reviewed: quality check complete
Grovelands Park Lake Outfall by cafe and dam,Salmons Brook/Houndsden Gutter/Grovelands Stream,51.632232,-0.112069,Enfield,2024-02-18,,0.2,0.07,,,,,,,,cloudy,,,,,Reviewed: quality check complete
Highams Park Lake,The Ching,51.613892,0.009555,Waltham Forest,2024-02-20,,0.89,,,,,,,,,cloudy,,,,,Reviewed: quality check complete
Sainsbury's,The Ching,51.604505,-0.019121,Waltham Forest,2024-02-20,,0.56,0.14,,,,,,,,cloudy,,,,,Reviewed: quality check complete
Turkey Street (Upstream),Turkey Brook,51.668694,-0.034631,Enfield,2024-02-26,,0.28,0.18,,,,,,,,"rainy, windy",,,,,Reviewed: quality check complete
Turkey Street (Downstream),Turkey Brook,51.667892,-0.031325,Enfield,2024-02-26,,0.17,0.14,,,,,,,,"rainy, windy",,,,,Reviewed: quality check complete
Friends Bridge,Lea (Old River Lea),51.561403,-0.037255,Hackney,2024-03-01,,1.09,,,,,,,,,,,,,,Reviewed: quality check complete
Eversley Crescent Outfall (Upstream),Salmons Brook/Houndsden Gutter,51.639645,-0.107816,Enfield,2024-03-03,,0.67,0.2,,,,,,,,,,,,,Reviewed: quality check complete
Grovelands Park Lake Outfall by cafe and dam,Salmons Brook/Houndsden Gutter/Grovelands Stream,51.632232,-0.112069,Enfield,2024-03-03,,1.04,1.52,,,,,,,,cloudy,,,,,Reviewed: quality check complete
Grovelands Park Lake Entry,Salmons Brook/Houndsden Gutter/Grovelands Stream,51.630718,-0.116322,Enfield,2024-03-03,,1.06,1.39,,,,,,,,cloudy,,,,,Reviewed: quality check complete
Eversley Crescent Outfall (Downstream),Salmons Brook/Houndsden Gutter,51.639676,-0.107511,Enfield,2024-03-03,,0.82,0.43,,,,,,,,,,,,,Reviewed: quality check complete
Grovelands Park Stream below dam,Salmons Brook/Houndsden Gutter/Grovelands Stream,51.633371,-0.111863,Enfield,2024-03-03,,0.57,0.34,,,,,,,,cloudy,,,,,Reviewed: quality check complete
The White House Bridge (Old River Lea),River Lea,51.55484,-0.025711,Hackney,2024-03-03,,0.7,0.14,,,,,brown,,,,high,surging,,Water very high & very fast & brown,Reviewed: quality check complete
Tottenham Cemetery,Moselle Brook,51.604345,-0.074322,Haringey,2024-03-05,,1.69,0.94,,,,,clear,clear,not_sure,,average,steady,"residential, urban",,Reviewed: quality check complete
Grovelands Park Lake Outfall by cafe and dam,Salmons Brook/Houndsden Gutter/Grovelands Stream,51.632232,-0.112069,Enfield,2024-03-11,,1.89,0.17,,,,,,,,cloudy,,,,,Reviewed: quality check complete
Grovelands Park Lake Entry,Salmons Brook/Houndsden Gutter/Grovelands Stream,51.630718,-0.116322,Enfield,2024-03-11,,1.47,2.2,,,,,,,,cloudy,,,,,Reviewed: quality check complete
Grovelands Park Stream below dam,Salmons Brook/Houndsden Gutter/Grovelands Stream,51.633371,-0.111863,Enfield,2024-03-11,,0.6,0.57,,,,,,,,cloudy,,,,,Reviewed: quality check complete
Grovelands Park Lake Outfall by cafe and dam,Salmons Brook/Houndsden Gutter/Grovelands Stream,51.632232,-0.112069,Enfield,2024-03-17,,0.71,0.11,,,,,,,,rainy,,,,,Reviewed: quality check complete
Grovelands Park Lake Entry,Salmons Brook/Houndsden Gutter/Grovelands Stream,51.630718,-0.116322,Enfield,2024-03-17,,1.06,1.13,,,,,,,,,,,,,Reviewed: quality check complete
Grovelands Park Stream below dam,Salmons Brook/Houndsden Gutter/Grovelands Stream,51.633371,-0.111863,Enfield,2024-03-17,,0.66,0.41,,,,,,,,,,,,,Reviewed: quality check complete
Turkey Street (Downstream),Turkey Brook,51.667892,-0.031325,Enfield,2024-03-18,,0.39,0.24,,,,,,,,,,,,,Reviewed: quality check complete
Turkey Street (Upstream),Turkey Brook,51.668694,-0.034631,Enfield,2024-03-18,,0.31,0.1,,,,,,,,,,,,,Reviewed: quality check complete
Eversley Crescent Outfall (Upstream),Salmons Brook/Houndsden Gutter,51.639645,-0.107816,Enfield,2024-03-23,,1.92,1.77,,,,,,,,,,,,,Reviewed: quality check complete
Eversley Crescent Outfall (Downstream),Salmons Brook/Houndsden Gutter,51.639676,-0.107511,Enfield,2024-03-23,,1.98,2.5,,,,,,,,,,,,,Reviewed: quality check complete
Grovelands Park Lake Outfall by cafe and dam,Salmons Brook/Houndsden Gutter/Grovelands Stream,51.632232,-0.112069,Enfield,2024-03-24,,2.5,0.12,,,,,,,,cloudy,,,,,Reviewed: quality check complete
Grovelands Park Stream below dam,Salmons Brook/Houndsden Gutter/Grovelands Stream,51.633371,-0.111863,Enfield,2024-03-24,,0.63,0.3,,,,,,,,cloudy,,,,,Reviewed: quality check complete
Grovelands Park Lake Entry,Salmons Brook/Houndsden Gutter/Grovelands Stream,51.630718,-0.116322,Enfield,2024-03-24,,2.5,3.0,,,,,,,,cloudy,,,,Ammonia reading flashing ie above recorded value,Reviewed: quality check complete
Limehouse Cut East Shore (T21 Office),Limehouse Cut,51.523001,-0.008583,Tower Hamlets,2024-03-28,,0.77,0.0,,,,,brown,cloudy,no,,high,slow,,,Reviewed: quality check complete
Eversley Crescent Outfall (Upstream),Salmons Brook/Houndsden Gutter,51.639645,-0.107816,Enfield,2024-03-31,,0.42,0.59,,,,,,,,,,,,,Reviewed: quality check complete
Grovelands Park Lake Entry,Salmons Brook/Houndsden Gutter/Grovelands Stream,51.630718,-0.116322,Enfield,2024-04-01,,0.74,0.65,,,,,,,,rainy,,,,,Reviewed: quality check complete
Grovelands Park Stream below dam,Salmons Brook/Houndsden Gutter/Grovelands Stream,51.633371,-0.111863,Enfield,2024-04-01,,0.76,0.42,,,,,,,,rainy,,,,,Reviewed: quality check complete
Grovelands Park Lake Outfall by cafe and dam,Salmons Brook/Houndsden Gutter/Grovelands Stream,51.632232,-0.112069,Enfield,2024-04-01,,2.09,0.08,,,,,,,,rainy,,,,,Reviewed: quality check complete
Friends Bridge,Lea (Old River Lea),51.561403,-0.037255,Hackney,2024-04-01,,1.66,0.05,,,,,,,,,,,,,Reviewed: quality check complete
Point 2,Old River Lea,51.558503,-0.024698,Waltham Forest,2024-04-06,,0.91,0.08,,,,,brown,opaque,,,high,surging,,,Reviewed: quality check complete
Downstream of Leyton Jubilee Park's double outfall (what3words: ///curving.cups.brings),Dagenham Brook,51.562256,-0.022184,Waltham Forest,2024-04-06,,1.45,1.75,,,,,,,,"sunny, cloudy",,,,,Reviewed: quality check complete
Upstream of Leyton Jubilee Park's double outfall (what3words: ///curving.cups.brings),Dagenham Brook,51.562406,-0.022567,Waltham Forest,2024-04-06,,0.55,1.09,,,,,,,,"sunny, cloudy",,,,,Reviewed: quality check complete
The White House Bridge (Old River Lea),River Lea,51.55484,-0.025711,Hackney,2024-04-06,,0.43,,,,,,brown,opaque,no,cloudy,high,steady,,,Reviewed: quality check complete
Grovelands Park Lake Entry,Salmons Brook/Houndsden Gutter/Grovelands Stream,51.630718,-0.116322,Enfield,2024-04-07,,1.3,1.93,,,,,,,,,,,,,Reviewed: quality check complete
Grovelands Park Lake Outfall by cafe and dam,Salmons Brook/Houndsden Gutter/Grovelands Stream,51.632232,-0.112069,Enfield,2024-04-07,,2.5,0.15,,,,,,,,cloudy,,,,Phosphate reading flashing ie above recorded value,Reviewed: quality check complete
Grovelands Park Stream below dam,Salmons Brook/Houndsden Gutter/Grovelands Stream,51.633371,-0.111863,Enfield,2024-04-07,,0.61,0.25,,,,,,,,cloudy,,,,,Reviewed: quality check complete
Eversley Crescent Outfall (Upstream),Salmons Brook/Houndsden Gutter,51.639645,-0.107816,Enfield,2024-04-14,,,0.86,,,,,,,,cloudy,,,,,Reviewed: quality check complete
Turkey Street (Downstream),Turkey Brook,51.667892,-0.031325,Enfield,2024-04-14,,2.09,3.0,,,,,,,,"cloudy, windy",,,,Lots of dead fish. Half pound Chubb and numerous baby fish,Reviewed: quality check complete
Eversley Crescent Outfall (Downstream),Salmons Brook/Houndsden Gutter,51.639676,-0.107511,Enfield,2024-04-14,,,0.72,,,,,,,,cloudy,,,,,Reviewed: quality check complete
Turkey Street (Upstream),Turkey Brook,51.668694,-0.034631,Enfield,2024-04-14,,1.81,3.0,,,,,,,,cloudy,,,,Lots of dead fish. Half pound Chubb and numerous baby fish,Reviewed: quality check complete
Tottenham Cemetery,Moselle Brook,51.604345,-0.074322,Haringey,2024-04-16,,2.5,3.0,,,,,clear,clear,not_sure,,average,steady,"residential, urban",,Reviewed: quality check complete
Lordship Recreation Ground (Downstream),Moselle Brook,51.594777,-0.086985,Haringey,2024-04-20,,2.5,2.0,,,,,grey,cloudy,no,cloudy,average,steady,"residential, urban",,Reviewed: quality check complete
Turkey Street (Upstream),Turkey Brook,51.668694,-0.034631,Enfield,2024-04-20,,0.82,0.18,,,,,,,,sunny,,,,,Reviewed: quality check complete
Turkey Street (Downstream),Turkey Brook,51.667892,-0.031325,Enfield,2024-04-20,,0.87,0.26,,,,,,,,"sunny, windy",,,,,Reviewed: quality check complete
Grovelands Park Stream below dam,Salmons Brook/Houndsden Gutter/Grovelands Stream,51.633371,-0.111863,Enfield,2024-04-21,,0.61,0.09,,,,,,,,cloudy,,,,,Reviewed: quality check complete
Grovelands Park Lake Outfall by cafe and dam,Salmons Brook/Houndsden Gutter/Grovelands Stream,51.632232,-0.112069,Enfield,2024-04-21,,2.5,0.78,,,,,,,,cloudy,,,,Phosphate reading flashing ie above recorded value,Reviewed: quality check complete
Grovelands Park Lake Entry,Salmons Brook/Houndsden Gutter/Grovelands Stream,51.630718,-0.116322,Enfield,2024-04-21,,2.06,3.0,,,,,,,,cloudy,,,,Ammonia reading flashing ie above recorded value,Reviewed: quality check complete
Turkey Street (Upstream),Turkey Brook,51.668694,-0.034631,Enfield,2024-04-27,,0.82,0.26,,,,,,,,rainy,,,,,Reviewed: quality check complete
Turkey Street (Downstream),Turkey Brook,51.667892,-0.031325,Enfield,2024-04-27,,0.82,0.12,,,,,,,,rainy,,,,,Reviewed: quality check complete
Grovelands Park Lake Outfall by cafe and dam,Salmons Brook/Houndsden Gutter/Grovelands Stream,51.632232,-0.112069,Enfield,2024-04-28,,2.3,0.22,,,,,,,,cloudy,,,,,Reviewed: quality check complete
Grovelands Park Lake Entry,Salmons Brook/Houndsden Gutter/Grovelands Stream,51.630718,-0.116322,Enfield,2024-04-28,,1.03,0.83,,,,,,,,cloudy,,,,,Reviewed: quality check complete
Grovelands Park Stream below dam,Salmons Brook/Houndsden Gutter/Grovelands Stream,51.633371,-0.111863,Enfield,2024-04-28,,0.65,0.36,,,,,,,,cloudy,,,,,Reviewed: quality check complete
Friends Bridge,Lea (Old River Lea),51.561403,-0.037255,Hackney,2024-05-01,,1.06,0.62,,,,,,,,,,,,,Reviewed: quality check complete
Turkey Street (Downstream),Turkey Brook,51.667892,-0.031325,Enfield,2024-05-04,,0.32,0.26,,,,,,,,cloudy,high,,,,Reviewed: quality check complete
Turkey Street (Upstream),Turkey Brook,51.668694,-0.034631,Enfield,2024-05-04,,0.32,0.28,,,,,,,,cloudy,high,,,,Reviewed: quality check complete
Point 2,Old River Lea,51.558503,-0.024698,Waltham Forest,2024-05-04,,1.11,0.21,,,,,brown,opaque,,,high,surging,,,Reviewed: quality check complete
Downstream of Leyton Jubilee Park's double outfall (what3words: ///curving.cups.brings),Dagenham Brook,51.562256,-0.022184,Waltham Forest,2024-05-04,,1.95,2.77,,,,,,,,"sunny, cloudy",,,,,Reviewed: quality check complete
Upstream of Leyton Jubilee Park's double outfall (what3words: ///curving.cups.brings),Dagenham Brook,51.562406,-0.022567,Waltham Forest,2024-05-04,,1.49,2.19,,,,,,,,"sunny, cloudy",,,,,Reviewed: quality check complete
The White House Bridge (Old River Lea),River Lea,51.55484,-0.025711,Hackney,2024-05-04,,0.8,0.16,,,,,brown,opaque,no,sunny,high,steady,,,Reviewed: quality check complete
Grovelands Park Lake Outfall by cafe and dam,Salmons Brook/Houndsden Gutter/Grovelands Stream,51.632232,-0.112069,Enfield,2024-05-05,,2.5,0.26,,,,,,,,sunny,,,,Phosphate reading flashing ie above displayed value,Reviewed: quality check complete
Grovelands Park Stream below dam,Salmons Brook/Houndsden Gutter/Grovelands Stream,51.633371,-0.111863,Enfield,2024-05-05,,0.71,0.29,,,,,,,,sunny,,,,,Reviewed: quality check complete
Eversley Crescent Outfall (Downstream),Salmons Brook/Houndsden Gutter,51.639676,-0.107511,Enfield,2024-05-05,,1.49,2.46,,,,,,,,,,,,,Reviewed: quality check complete
Grovelands Park Lake Entry,Salmons Brook/Houndsden Gutter/Grovelands Stream,51.630718,-0.116322,Enfield,2024-05-05,,1.26,1.46,,,,,,,,sunny,,,,,Reviewed: quality check complete
Eversley Crescent Outfall (Upstream),Salmons Brook/Houndsden Gutter,51.639645,-0.107816,Enfield,2024-05-05,,2.1099999999999994,2.51,,,,,,,,sunny,,,,,Reviewed: quality check complete
Grovelands Park Lake Outfall by cafe and dam,Salmons Brook/Houndsden Gutter/Grovelands Stream,51.632232,-0.112069,Enfield,2024-05-12,,2.5,0.05,,,,,,,,sunny,,,,Phosphate reading flashing ie above displayed value,Reviewed: quality check complete
Grovelands Park Stream below dam,Salmons Brook/Houndsden Gutter/Grovelands Stream,51.633371,-0.111863,Enfield,2024-05-12,,0.86,0.18,,,,,,,,,,,,,Reviewed: quality check complete
Grovelands Park Lake Entry,Salmons Brook/Houndsden Gutter/Grovelands Stream,51.630718,-0.116322,Enfield,2024-05-12,,1.51,1.99,,,,,,,,sunny,,,,,Reviewed: quality check complete
Turkey Street (Upstream),Turkey Brook,51.668694,-0.034631,Enfield,2024-05-18,,1.0,0.2,,,,,,,,cloudy,average,,,,Reviewed: quality check complete
Turkey Street (Downstream),Turkey Brook,51.667892,-0.031325,Enfield,2024-05-18,,0.97,0.16,,,,,,,,cloudy,average,,,,Reviewed: quality check complete
Eversley Crescent Outfall (Upstream),Salmons Brook/Houndsden Gutter,51.639645,-0.107816,Enfield,2024-05-19,,2.5,3.0,,,,,,,,sunny,,,,Both ammonia and phosphate readings were flashing indicating above the maximum level tat the Hanna checkers can read .,Reviewed: quality check complete
Eversley Crescent Outfall (Downstream),Salmons Brook/Houndsden Gutter,51.639676,-0.107511,Enfield,2024-05-19,,2.5,3.0,,,,,,,,sunny,,,,Both ammonia and phosphate readings on the Hanna checker were flashing ..ie above the maximum level that the checker can read.,Reviewed: quality check complete
Grovelands Park Stream below dam,Salmons Brook/Houndsden Gutter/Grovelands Stream,51.633371,-0.111863,Enfield,2024-05-20,,1.17,0.19,,,,,,,,sunny,,,,,Reviewed: quality check complete
Grovelands Park Lake Outfall by cafe and dam,Salmons Brook/Houndsden Gutter/Grovelands Stream,51.632232,-0.112069,Enfield,2024-05-20,,2.5,0.0,,,,,,,,sunny,,,,Phosphate reading flashing ie above recorded value,Reviewed: quality check complete
Grovelands Park Lake Entry,Salmons Brook/Houndsden Gutter/Grovelands Stream,51.630718,-0.116322,Enfield,2024-05-20,,1.8,2.72,,,,,,,,sunny,,,,,Reviewed: quality check complete
Tottenham Cemetery,Moselle Brook,51.604345,-0.074322,Haringey,2024-05-21,,2.5,3.0,,,,,clear,clear,not_sure,cloudy,low,steady,"residential, urban",The readings for Ammonia were 3.00 flashing and for Phosphate was 2.50 flashing.   ,Reviewed: quality check complete
Highams Park Lake,The Ching,51.613892,0.009555,Waltham Forest,2024-05-24,,0.65,,,,,,brown,clear,no,cloudy,average,steady,,,Reviewed: quality check complete
Downstream of Connaught Water,The Ching,51.63776,0.025654,Essex,2024-05-24,,0.62,,,,,,brown,cloudy,no,cloudy,average,steady,,,Reviewed: quality check complete
The Charter Road (Gordon Avenue),The Ching,51.608856,0.009023,Waltham Forest,2024-05-24,,0.73,,,,,,brown,clear,no,cloudy,average,steady,urban,,Reviewed: quality check complete
Upstream of Connaught Water,The Ching,51.639917,0.026791,Essex,2024-05-24,,0.15,,,,,,brown,clear,no,cloudy,average,steady,,,Reviewed: quality check complete
The Charter Road (Gordon Avenue),The Ching,51.608856,0.009023,Waltham Forest,2024-05-31,,1.38,0.23,,,,,brown,clear,no,cloudy,average,steady,,,Reviewed: quality check complete
Highams Park Lake,The Ching,51.613892,0.009555,Waltham Forest,2024-05-31,,1.47,0.23,,,,,brown,clear,no,cloudy,average,steady,residential,,Reviewed: quality check complete
Downstream of Connaught Water,The Ching,51.63776,0.025654,Essex,2024-05-31,,0.69,0.54,,,,,"brown, grey",cloudy,no,rainy,average,steady,,Foam in river and scum on river 30m downstream,Reviewed: quality check complete
Upstream of Connaught Water,The Ching,51.639917,0.026791,Essex,2024-05-31,,0.0,0.56,,,,,brown,clear,no,cloudy,average,steady,,,Reviewed: quality check complete
Friends Bridge,Lea (Old River Lea),51.561403,-0.037255,Hackney,2024-06-01,,1.6,1.1,,,,,,,,,,,,,Reviewed: quality check complete
Downstream of Leyton Jubilee Park's double outfall (what3words: ///curving.cups.brings),Dagenham Brook,51.562256,-0.022184,Waltham Forest,2024-06-01,,,2.34,,,,,,,,cloudy,,,,,Reviewed: quality check complete
Upstream of Leyton Jubilee Park's double outfall (what3words: ///curving.cups.brings),Dagenham Brook,51.562406,-0.022567,Waltham Forest,2024-06-01,,2.39,1.93,,,,,,,,cloudy,,,,,Reviewed: quality check complete
The White House Bridge (Old River Lea),River Lea,51.55484,-0.025711,Hackney,2024-06-02,,1.4,0.15,,,,,clear,clear,no,sunny,average,steady,,"Warm, sunny day, temperature around 22°. No rain in previous 48 hours, fairly frequent light rain in the days preceding.",Reviewed: quality check complete
Turkey Street (Downstream),Turkey Brook,51.667892,-0.031325,Enfield,2024-06-02,,0.86,0.13,,,,,,,,sunny,average,steady,,,Reviewed: quality check complete
Turkey Street (Upstream),Turkey Brook,51.668694,-0.034631,Enfield,2024-06-02,,0.86,0.15,,,,,,,,sunny,average,steady,,,Reviewed: quality check complete
Point 2,Old River Lea,51.558503,-0.024698,Waltham Forest,2024-06-02,,1.38,1.0,,,,,clear,clear,no,sunny,average,steady,,,Reviewed: quality check complete
The Charter Road (Gordon Avenue),The Ching,51.608856,0.009023,Waltham Forest,2024-06-07,,1.94,0.08,,,,,brown,clear,no,sunny,average,steady,,,Reviewed: quality check complete
Upstream of Connaught Water,The Ching,51.639917,0.026791,Essex,2024-06-07,,0.0,1.36,,,,,other,cloudy,no,cloudy,low,still,,Ching dried up upstream of the footpath bridge. Sample takenfrom pool downstream of bridge,Reviewed: quality check complete
Downstream of Connaught Water,The Ching,51.63776,0.025654,Essex,2024-06-07,,0.77,0.42,,,,,brown,clear,,cloudy,low,slow,,,Reviewed: quality check complete
Highams Park Lake,The Ching,51.613892,0.009555,Waltham Forest,2024-06-07,,2.02,0.13,,,,,grey,cloudy,no,sunny,average,steady,,,Reviewed: quality check complete
Grovelands Park Lake Entry,Salmons Brook/Houndsden Gutter/Grovelands Stream,51.630718,-0.116322,Enfield,2024-06-09,,2.3,3.0,,,,,,,,sunny,,,,Ammonia reading flashing ie higher than measured value,Reviewed: quality check complete
Grovelands Park Stream below dam,Salmons Brook/Houndsden Gutter/Grovelands Stream,51.633371,-0.111863,Enfield,2024-06-09,,1.33,0.08,,,,,,,,sunny,,,,,Reviewed: quality check complete
Grovelands Park Lake Outfall by cafe and dam,Salmons Brook/Houndsden Gutter/Grovelands Stream,51.632232,-0.112069,Enfield,2024-06-09,,2.5,0.09,,,,,,,,sunny,,,,Phosphate reading flashing ie higher than measured value,Reviewed: quality check complete
Upstream of Connaught Water,The Ching,51.639917,0.026791,Essex,2024-06-14,,,,,,,,brown,opaque,no,cloudy,low,still,,"There was no flow at this location so it was impossible to take a sample. No Testing carried out

ammonia reading of 0 ppm and phosphates total reading of 0 ppm removed by admin (jonas@waterrangers.ca) since no testing was carried out",Reviewed: quality check complete
Downstream of Connaught Water,The Ching,51.63776,0.025654,Essex,2024-06-14,,0.61,0.41,,,,,brown,cloudy,no,cloudy,low,slow,other,,Reviewed: quality check complete
Highams Park Lake,The Ching,51.613892,0.009555,Waltham Forest,2024-06-14,,2.42,0.25,,,,,brown,clear,no,cloudy,average,steady,residential,,Reviewed: quality check complete
The Charter Road (Gordon Avenue),The Ching,51.608856,0.009023,Waltham Forest,2024-06-14,,2.2,0.11,,,,,brown,clear,no,cloudy,average,steady,"residential, urban",,Reviewed: quality check complete
Lordship Recreation Ground (Downstream),Moselle Brook,51.594777,-0.086985,Haringey,2024-06-15,,2.5,3.0,,,,,clear,clear,yes,"cloudy, rainy",average,steady,urban,"The Hanna checkers were flashing, so the true reading is Ammonia 3.00 flashing and Phosphate 2.50 flashing.",Reviewed: quality check complete
Grovelands Park Lake Outfall by cafe and dam,Salmons Brook/Houndsden Gutter/Grovelands Stream,51.632232,-0.112069,Enfield,2024-06-16,,2.5,0.14,,,,,,,,sunny,,,,Phosphate reading flashing ie above recorded value,Reviewed: quality check complete
Grovelands Park Stream below dam,Salmons Brook/Houndsden Gutter/Grovelands Stream,51.633371,-0.111863,Enfield,2024-06-16,,1.12,0.0,,,,,,,,sunny,,,,,Reviewed: quality check complete
Grovelands Park Lake Entry,Salmons Brook/Houndsden Gutter/Grovelands Stream,51.630718,-0.116322,Enfield,2024-06-16,,2.5,3.0,,,,,,,,sunny,,,,Both ammonia and phosphate readings flashing ie above recorded values,Reviewed: quality check complete
Tottenham Cemetery,Moselle Brook,51.604345,-0.074322,Haringey,2024-06-18,,2.5,3.0,,,,,clear,clear,,sunny,low,slow,,The Hanna checkers were both flashing .  So the true reading was Phosphate 2.50 flashing and Ammonia - 3.00 flashing.,Reviewed: quality check complete
The Charter Road (Gordon Avenue),The Ching,51.608856,0.009023,Waltham Forest,2024-06-21,,2.04,0.04,,,,,brown,clear,no,sunny,average,steady,"residential, urban",Some bubbles floating downstream,Reviewed: quality check complete
Upstream of Connaught Water,The Ching,51.639917,0.026791,Essex,2024-06-21,,0.0,0.0,,,,,other,opaque,no,sunny,low,still,,River was dryed up with just damp mud from this location to the source of the Ching upstream,Reviewed: quality check complete
Downstream of Connaught Water,The Ching,51.63776,0.025654,Essex,2024-06-21,,0.35,0.52,,,,,brown,clear,no,sunny,low,slow,other,,Reviewed: quality check complete
Beech Hall,The Ching,51.604636,0.000755,Waltham Forest,2024-06-21,,2.5,0.62,,,,,,,,sunny,,,,,Reviewed: quality check complete
Wadham Ave,The Ching,51.603672,-0.011865,Waltham Forest,2024-06-21,,2.48,1.17,,,,,,,,sunny,,,,Water crickets!,Reviewed: quality check complete
Sainsbury's,The Ching,51.604505,-0.019121,Waltham Forest,2024-06-21,,2.5,3.0,,,,,,,,sunny,,,,Lime bike upstream (second pic),Reviewed: quality check complete
Highams Park Lake,The Ching,51.613892,0.009555,Waltham Forest,2024-06-21,,2.34,0.02,,,,,brown,clear,no,sunny,average,steady,"residential, urban",,Reviewed: quality check complete
Grovelands Park Lake Entry,Salmons Brook/Houndsden Gutter/Grovelands Stream,51.630718,-0.116322,Enfield,2024-06-23,,2.5,3.0,,,,,,,,sunny,,,,Both ammonia and phosphate readings flashing ie above measured values,Reviewed: quality check complete
Grovelands Park Lake Outfall by cafe and dam,Salmons Brook/Houndsden Gutter/Grovelands Stream,51.632232,-0.112069,Enfield,2024-06-23,,2.5,0.04,,,,,,,,sunny,,,,Phosphate reading flashing ie above measured value,Reviewed: quality check complete
Grovelands Park Stream below dam,Salmons Brook/Houndsden Gutter/Grovelands Stream,51.633371,-0.111863,Enfield,2024-06-23,,1.87,0.77,,,,,,,"yes, dispersed",sunny,,,,Readings affected by green algae suspended in the sample,Reviewed: quality check complete
Highams Park Lake,The Ching,51.613892,0.009555,Waltham Forest,2024-06-28,,2.5,0.02,,,,,brown,clear,no,sunny,average,steady,"residential, urban",,Reviewed: quality check complete
The Charter Road (Gordon Avenue),The Ching,51.608856,0.009023,Waltham Forest,2024-06-28,,2.44,0.04,,,,,brown,clear,no,sunny,average,steady,"residential, urban",,Reviewed: quality check complete
Upstream of Connaught Water,The Ching,51.639917,0.026791,Essex,2024-06-28,,0.0,0.0,,,,,other,opaque,no,cloudy,low,still,,River dried up so it was not possible to take a sample,Reviewed: quality check complete
Limehouse Cut East Shore (T21 Office),Limehouse Cut,51.523001,-0.008583,Tower Hamlets,2024-06-28,,1.15,0.0,,,,,green,opaque,,"cloudy, windy",average,slow,,Training session with Philly. Some duckweed on canal surface.,Reviewed: quality check complete
Downstream of Connaught Water,The Ching,51.63776,0.025654,Essex,2024-06-28,,0.48,0.43,,,,,brown,clear,no,cloudy,low,slow,other,,Reviewed: quality check complete
Markfield Park (Stonebridge Brook) CSO,River Lea,51.58111,-0.060575,Haringey,2024-06-29,,2.31,0.2,,,,,clear,clear,"yes, not_sure",cloudy,average,slow,,,Reviewed: quality check complete
Turkey Street (Upstream),Turkey Brook,51.668694,-0.034631,Enfield,2024-06-29,,1.13,0.12,,,,,,,"yes, not_sure",sunny,average,steady,,,Reviewed: quality check complete
Turkey Street (Downstream),Turkey Brook,51.667892,-0.031325,Enfield,2024-06-29,,1.0,0.23,,,,,,,no,sunny,average,steady,,,Reviewed: quality check complete
Upstream of Markfield Park (Stonebridge Brook) CSO ,River Lea,51.58119,-0.060253,Waltham Forest,2024-06-29,,1.7,0.27,,,,,clear,clear,"yes, not_sure",cloudy,low,slow,,,Reviewed: quality check complete
Grovelands Park Lake Outfall by cafe and dam,Salmons Brook/Houndsden Gutter/Grovelands Stream,51.632232,-0.112069,Enfield,2024-06-30,,2.5,0.03,,,,,,,,cloudy,,,,Phosphate reading flashing ie higher than recorded value,Reviewed: quality check complete
Grovelands Park Stream below dam,Salmons Brook/Houndsden Gutter/Grovelands Stream,51.633371,-0.111863,Enfield,2024-06-30,,1.85,0.0,,,,,,,,rainy,,,,Readings affected by green algae suspended in the sample,Reviewed: quality check complete
Grovelands Park Lake Entry,Salmons Brook/Houndsden Gutter/Grovelands Stream,51.630718,-0.116322,Enfield,2024-06-30,,2.5,3.0,,,,,,,,cloudy,,,,Both ammonia & phosphate readings flashing ie higher than recorded value,Reviewed: quality check complete
Friends Bridge,Lea (Old River Lea),51.561403,-0.037255,Hackney,2024-07-01,,2.05,0.74,,,,,,,,,,,,,Reviewed: quality check complete
Wadham Ave,The Ching,51.603672,-0.011865,Waltham Forest,2024-07-01,,2.5,0.0,,,,,,,,cloudy,,,,"Water v. cloudy from at least HP Lake 

No obvious smell / bubbles / debris

Water crickets still present",Reviewed: quality check complete
Highams Park Lake,The Ching,51.613892,0.009555,Waltham Forest,2024-07-05,,0.88,0.49,,,,,brown,opaque,no,rainy,high,surging,"residential, urban",heavy rain in the 3 hours prior to taking this sample has resulted in fast flowing opaque water,Reviewed: quality check complete
Downstream of Connaught Water,The Ching,51.63776,0.025654,Essex,2024-07-05,,0.69,0.99,,,,,,clear,no,rainy,low,slow,,,Reviewed: quality check complete
Upstream of Connaught Water,The Ching,51.639917,0.026791,Essex,2024-07-05,,0.0,0.0,,,,,other,,no,rainy,low,still,,No water flow therefore not possible to take a sample,Reviewed: quality check complete
The Charter Road (Gordon Avenue),The Ching,51.608856,0.009023,Waltham Forest,2024-07-05,,0.89,0.52,,,,,brown,opaque,no,rainy,high,surging,"residential, urban",,Reviewed: quality check complete
Point 2,Old River Lea,51.558503,-0.024698,Waltham Forest,2024-07-06,,1.14,0.07,,,,,brown,opaque,no,"sunny, windy",high,surging,,,Reviewed: quality check complete
The White House Bridge (Old River Lea),River Lea,51.55484,-0.025711,Hackney,2024-07-06,,0.26,1.15,,,,,brown,opaque,no,"sunny, rainy, windy",high,surging,,,Reviewed: quality check complete
Grovelands Park Stream below dam,Salmons Brook/Houndsden Gutter/Grovelands Stream,51.633371,-0.111863,Enfield,2024-07-07,,2.5,0.17,,,,,,,,rainy,,,,"Readings affected by green algae suspended in the sample
Phosphate reading flashing ie higher than recorded value",Reviewed: quality check complete
Grovelands Park Lake Outfall by cafe and dam,Salmons Brook/Houndsden Gutter/Grovelands Stream,51.632232,-0.112069,Enfield,2024-07-07,,2.5,0.07,,,,,,,,rainy,,,,Phosphate reading flashing ie higher than recorded value,Reviewed: quality check complete
Grovelands Park Lake Entry,Salmons Brook/Houndsden Gutter/Grovelands Stream,51.630718,-0.116322,Enfield,2024-07-07,,1.84,2.5,,,,,,,,rainy,,,,,Reviewed: quality check complete
Highams Park Lake,The Ching,51.613892,0.009555,Waltham Forest,2024-07-09,,0.4699999999999999,0.17,,,17.0,517.0,,,,rainy,,,,,Reviewed: quality check complete
Highams Park Lake,The Ching,51.613892,0.009555,Waltham Forest,2024-07-12,,1.1,0.33,,,,,brown,clear,no,cloudy,average,steady,"residential, urban",,Reviewed: quality check complete
The Charter Road (Gordon Avenue),The Ching,51.608856,0.009023,Waltham Forest,2024-07-12,,1.01,0.18,,,,,brown,clear,no,cloudy,average,steady,"residential, urban",,Reviewed: quality check complete
Wadham Ave,The Ching,51.603672,-0.011865,Waltham Forest,2024-07-13,,1.44,0.18,,,,,,,,cloudy,,,,,Reviewed: quality check complete
Upstream of Connaught Water,The Ching,51.639917,0.026791,Essex,2024-07-13,,0.04,0.24,,,,,clear,clear,not_sure,cloudy,average,slow,,,Reviewed: quality check complete
Grovelands Park Lake Entry,Salmons Brook/Houndsden Gutter/Grovelands Stream,51.630718,-0.116322,Enfield,2024-07-13,,1.85,2.69,,,,,,,,sunny,,,,,Reviewed: quality check complete
Beech Hall,The Ching,51.604636,0.000755,Waltham Forest,2024-07-13,,1.15,0.0,,,,,,,,cloudy,,,,,Reviewed: quality check complete
Sainsbury's,The Ching,51.604505,-0.019121,Waltham Forest,2024-07-13,,1.74,1.89,,,,,,,,cloudy,,,,Smell from rubbish caught in roots,Reviewed: quality check complete
Grovelands Park Lake Outfall by cafe and dam,Salmons Brook/Houndsden Gutter/Grovelands Stream,51.632232,-0.112069,Enfield,2024-07-13,,2.5,0.05,,,,,,,,sunny,,,,Phosphate reading flashing ie higher than recorded value,Reviewed: quality check complete
Downstream of Connaught Water,The Ching,51.63776,0.025654,Essex,2024-07-13,,0.33,0.07,,,,,clear,clear,no,cloudy,average,slow,urban,,Reviewed: quality check complete
Grovelands Park Stream below dam,Salmons Brook/Houndsden Gutter/Grovelands Stream,51.633371,-0.111863,Enfield,2024-07-13,,2.5,0.0,,,,,,,,sunny,,,,Readings affected by green algae suspended in the water,Reviewed: quality check complete
Eversley Crescent Outfall (Upstream),Salmons Brook/Houndsden Gutter,51.639645,-0.107816,Enfield,2024-07-14,,2.5,3.0,,,,,,,,cloudy,,,,,Reviewed: quality check complete
Eversley Crescent Outfall (Downstream),Salmons Brook/Houndsden Gutter,51.639676,-0.107511,Enfield,2024-07-14,,1.72,3.0,,,,,,,,,,,,,Reviewed: quality check complete
Whitehall Plain,The Ching,51.627561,0.020547,Waltham Forest,2024-07-14,,0.48,0.38,,,,,,,,"sunny, cloudy",,,,"///tender.encounter.earth
Dogs in river and cyclists using path to cross river seen after water quality test was taken.",Reviewed: quality check complete
Eversley Crescent Outfall (Downstream),Salmons Brook/Houndsden Gutter,51.639676,-0.107511,Enfield,2024-07-14,,,,,,,,,,,,,,,,Reviewed: quality check complete
Footbridge near Rangers Road,Ching Brook,51.634055,0.025535,Essex,2024-07-14,,0.54,0.27,,,,,,,,,,,,,Reviewed: quality check complete
Eversley Crescent Outfall (Upstream),Salmons Brook/Houndsden Gutter,51.639645,-0.107816,Enfield,2024-07-14,,2.5,3.0,,,,,,,,,,,,,Reviewed: quality check complete
Turkey Street (Downstream),Turkey Brook,51.667892,-0.031325,Enfield,2024-07-15,,1.13,0.11,,,,,,,no,cloudy,average,still,,,Reviewed: quality check complete
Turkey Street (Upstream),Turkey Brook,51.668694,-0.034631,Enfield,2024-07-15,,0.91,0.07,,,,,,,no,cloudy,average,slow,,,Reviewed: quality check complete
Whitehall Outfalls,The Ching,51.626392,0.019922,Redbridge,2024-07-19,,1.67,0.68,,,,,,,,sunny,,,,,Reviewed: quality check complete
D/S Whitehall Rd,The Ching,51.625457,0.019402,Redbridge,2024-07-19,,2.06,0.34,,,,,,,,sunny,,,,,Reviewed: quality check complete
Downstream of Connaught Water,The Ching,51.63776,0.025654,Essex,2024-07-19,,0.59,0.86,,,,,brown,clear,no,sunny,low,slow,other,,Reviewed: quality check complete
Highams Park Lake,The Ching,51.613892,0.009555,Waltham Forest,2024-07-19,,1.86,0.11,,,,,clear,clear,no,sunny,average,steady,residential,Several dogs entered the water after we took the sample,Reviewed: quality check complete
The Charter Road (Gordon Avenue),The Ching,51.608856,0.009023,Waltham Forest,2024-07-19,,1.6,0.16,,,,,clear,clear,no,sunny,average,steady,"residential, urban",,Reviewed: quality check complete
Sainsbury's,The Ching,51.604505,-0.019121,Waltham Forest,2024-07-19,,1.9099999999999997,0.89,,,,,,,,sunny,,,,Smell of manure (potentially sewage) further up from monitoring point,Reviewed: quality check complete
Wadham Ave,The Ching,51.603672,-0.011865,Waltham Forest,2024-07-19,,1.54,,,,,,,,,sunny,,,,,Reviewed: quality check complete
Beech Hall,The Ching,51.604636,0.000755,Waltham Forest,2024-07-19,,1.69,,,,,,,,,sunny,,,,,Reviewed: quality check complete
Newgate Street,The Ching,51.621835,0.016257,Waltham Forest,2024-07-19,,1.69,0.3,,,,,,,,sunny,,,,,Reviewed: quality check complete
Upstream of Connaught Water,The Ching,51.639917,0.026791,Essex,2024-07-19,,0.13,0.46,,,,,brown,clear,no,sunny,low,still,,,Reviewed: quality check complete
Lordship Recreation Ground (Downstream),Moselle Brook,51.594777,-0.086985,Haringey,2024-07-20,,2.5,2.83,,,,,clear,clear,no,cloudy,average,steady,"residential, urban","The display on the Hanna checker for phosphates showed a flashing reading of 2.50, ie higher than 2.50",Reviewed: quality check complete
Tottenham Cemetery,Moselle Brook,51.604345,-0.074322,Haringey,2024-07-23,,2.5,3.0,,,,,,,,,,,,"The ammonia reading display was 3.00, flashing, ie greater than 3.00
The phosphate reading display was 2.50 flashing, ie greater than 2.50",Reviewed: quality check complete
Footbridge near Rangers Road,Ching Brook,51.634055,0.025535,Essex,2024-07-24,,0.51,0.33,,,,,,,,,,,,,Reviewed: quality check complete
Whitehall Plain,The Ching,51.627561,0.020547,Waltham Forest,2024-07-24,,0.77,0.28,,,,,,,,"sunny, cloudy",,,,,Reviewed: quality check complete
Upstream of Connaught Water,The Ching,51.639917,0.026791,Essex,2024-07-26,,0.0,0.0,,,,,other,opaque,,sunny,low,still,,No water - source of the ching above Connaught Water dried up,Reviewed: quality check complete
Downstream of Connaught Water,The Ching,51.63776,0.025654,Essex,2024-07-26,,0.51,0.32,,,,,brown,cloudy,no,sunny,low,slow,urban,,Reviewed: quality check complete
D/S Whitehall Rd,The Ching,51.625457,0.019402,Redbridge,2024-07-26,,2.5,1.95,,,,,,,,,,,,,Reviewed: quality check complete
Whitehall Outfalls,The Ching,51.626392,0.019922,Redbridge,2024-07-26,,2.3799999999999994,2.03,,,,,,,,,,,,,Reviewed: quality check complete
Newgate Street,The Ching,51.621835,0.016257,Waltham Forest,2024-07-26,,1.96,0.24,,,,,,,,,,,,,Reviewed: quality check complete
The Charter Road (Gordon Avenue),The Ching,51.608856,0.009023,Waltham Forest,2024-07-26,,2.01,0.06,,,,,clear,clear,no,sunny,average,steady,"residential, urban",Little Egret spotted in river,Reviewed: quality check complete
Highams Park Lake,The Ching,51.613892,0.009555,Waltham Forest,2024-07-26,,2.15,0.02,,,,,other,cloudy,no,sunny,average,steady,"residential, urban",slight surface cloudiness,Reviewed: quality check complete
Upstream of Markfield Park (Stonebridge Brook) CSO ,River Lea,51.58119,-0.060253,Waltham Forest,2024-07-28,,1.97,0.22,,,,,clear,clear,no,sunny,low,slow,,,Reviewed: quality check complete
Markfield Park (Stonebridge Brook) CSO,River Lea,51.58111,-0.060575,Haringey,2024-07-28,,2.18,0.27,,,,,clear,clear,no,sunny,low,slow,,,Reviewed: quality check complete
Wadham Ave,The Ching,51.603672,-0.011865,Waltham Forest,2024-07-28,,2.3,0.11,,,,,,,,sunny,,,,,Reviewed: quality check complete
Beech Hall,The Ching,51.604636,0.000755,Waltham Forest,2024-07-28,,2.4,0.89,,,,,,,,sunny,,,,,Reviewed: quality check complete
Sainsbury's,The Ching,51.604505,-0.019121,Waltham Forest,2024-07-28,,2.32,0.29,,,,,,,,sunny,,,,,Reviewed: quality check complete
Friends Bridge,Lea (Old River Lea),51.561403,-0.037255,Hackney,2024-08-02,,1.35,0.08,,,,,,,,,,,,,Reviewed: quality check complete
Whitehall Plain,The Ching,51.627561,0.020547,Waltham Forest,2024-08-02,,0.86,0.41,,,,,,,,cloudy,,,,"No flowing water - river dried up in many areas, sample taken from remaining pools.",Reviewed: quality check complete
Footbridge near Rangers Road,Ching Brook,51.634055,0.025535,Essex,2024-08-02,,0.8,0.45,,,,,,,,,,,,"Little to no water flow, river dried up in many areas.",Reviewed: quality check complete
Highams Park Lake,The Ching,51.613892,0.009555,Waltham Forest,2024-08-02,,2.5,0.22,,,,,grey,cloudy,no,cloudy,average,steady,"residential, urban",,Reviewed: quality check complete
Upstream of Connaught Water,The Ching,51.639917,0.026791,Essex,2024-08-02,,0.0,0.0,,,,,,,no,cloudy,,still,,River has dried up - no water available to test,Reviewed: quality check complete
Downstream of Connaught Water,The Ching,51.63776,0.025654,Essex,2024-08-02,,0.48,0.32,,,,,brown,cloudy,no,cloudy,low,still,other,,Reviewed: quality check complete
The Charter Road (Gordon Avenue),The Ching,51.608856,0.009023,Waltham Forest,2024-08-02,,2.28,0.22,,,,,clear,clear,no,cloudy,low,slow,"residential, urban",Sample taken after several days hot dry wealther,Reviewed: quality check complete
Wadham Ave,The Ching,51.603672,-0.011865,Waltham Forest,2024-08-03,,2.5,0.42,,,,,,,,cloudy,,,,,Reviewed: quality check complete
Beech Hall,The Ching,51.604636,0.000755,Waltham Forest,2024-08-03,,2.5,1.53,,,,,,,,cloudy,,,,,Reviewed: quality check complete
Sainsbury's,The Ching,51.604505,-0.019121,Waltham Forest,2024-08-03,,,,,,,,,,,,,,,,Reviewed: quality check complete
The White House Bridge (Old River Lea),River Lea,51.55484,-0.025711,Hackney,2024-08-04,,,,,,,,clear,clear,,cloudy,average,steady,,"Small bubbles coming up in the water in some places. Some splashes from fish; two people were fishing.
Both tests came up as inv. on my low range testers. I measured the other samples afterwards with no issues so it’s not a problem with the Hanna Checker.",Reviewed: quality check complete
D/S Whitehall Rd,The Ching,51.625457,0.019402,Redbridge,2024-08-04,,2.5,0.31,,,,,,,,,,,,,Reviewed: quality check complete
Newgate Street,The Ching,51.621835,0.016257,Waltham Forest,2024-08-04,,2.32,0.22,,,,,,,,,,,,,Reviewed: quality check complete
Whitehall Outfalls,The Ching,51.626392,0.019922,Redbridge,2024-08-04,,2.5,1.89,,,,,,,,,,,,,Reviewed: quality check complete
Grovelands Park Lake Entry,Salmons Brook/Houndsden Gutter/Grovelands Stream,51.630718,-0.116322,Enfield,2024-08-04,,2.5,2.52,,,,,,,,cloudy,,,,,Reviewed: quality check complete
Grovelands Park Lake Outfall by cafe and dam,Salmons Brook/Houndsden Gutter/Grovelands Stream,51.632232,-0.112069,Enfield,2024-08-04,,2.5,0.05,,,,,,,,cloudy,,,,Phosphate reading flashing ie higher than recorded value,Reviewed: quality check complete
Point 2,Old River Lea,51.558503,-0.024698,Waltham Forest,2024-08-04,,1.49,0.08,,,,,clear,clear,,cloudy,average,steady,,"Small, slow bubbles rising. ",Reviewed: quality check complete
Whitehall Plain,The Ching,51.627561,0.020547,Waltham Forest,2024-08-07,,0.91,0.25,,,,,,,,cloudy,,,,"Water sample collected from pools left on the river bed, no running water along the river.",Reviewed: quality check complete
Footbridge near Rangers Road,Ching Brook,51.634055,0.025535,Essex,2024-08-07,,0.33,0.27,,,,,,,,"sunny, cloudy",,,,,Reviewed: quality check complete
The Charter Road (Gordon Avenue),The Ching,51.608856,0.009023,Waltham Forest,2024-08-09,,2.5,0.23,,,,,clear,clear,no,sunny,low,slow,"residential, urban",no additional flow entering the river from Highams Park Lake overflows,Reviewed: quality check complete
Wadham Ave,The Ching,51.603672,-0.011865,Waltham Forest,2024-08-09,,2.2,0.09,,,,,,,,cloudy,,,,,Reviewed: quality check complete
Beech Hall,The Ching,51.604636,0.000755,Waltham Forest,2024-08-09,,2.5,0.61,,,,,,,,cloudy,,,,Phosphate maxxed out,Reviewed: quality check complete
Sainsbury's,The Ching,51.604505,-0.019121,Waltham Forest,2024-08-09,,2.5,1.28,,,,,,,,cloudy,,,,,Reviewed: quality check complete
Downstream of Connaught Water,The Ching,51.63776,0.025654,Essex,2024-08-09,,0.71,0.41,,,,,"brown, grey",cloudy,no,sunny,low,still,other,Only a trickle of water entering the river from Connaught Water therefore the river is virtually static,Reviewed: quality check complete
Highams Park Lake,The Ching,51.613892,0.009555,Waltham Forest,2024-08-09,,2.5,0.15,,,,,brown,cloudy,no,sunny,average,steady,"residential, urban",Water upstream of the outfall pipe was clear whereas downstream of the outfall it was cloudy with a brown suspension possibly of silt,Reviewed: quality check complete
Top of Berms,Old Lea,51.561327,-0.035427,Waltham Forest,2024-08-10,,2.36,0.43,,,,,clear,clear,"yes, attached",sunny,low,steady,,,Reviewed: quality check complete
Flood Relief Channel outflow,Old Lea,51.561278,-0.029612,Waltham Forest,2024-08-10,,2.5,0.13,,,,,clear,clear,"yes, floating",sunny,low,steady,,,Reviewed: quality check complete
Bottom of Berms,Old Lea,51.560985,-0.034761,Waltham Forest,2024-08-10,,1.65,0.16,,,,,clear,clear,"yes, attached",sunny,low,steady,other,,Reviewed: quality check complete
Lea Bridge Weir (downstream),Old Lea,51.561715,-0.043795,Hackney,2024-08-10,,2.5,0.3,,,,,clear,clear,"yes, attached",sunny,low,steady,,,Reviewed: quality check complete
Whitehall Outfalls,The Ching,51.626392,0.019922,Redbridge,2024-08-12,,2.5,0.44,,,,,,,,,,,,,Reviewed: quality check complete
Grovelands Park Lake Entry,Salmons Brook/Houndsden Gutter/Grovelands Stream,51.630718,-0.116322,Enfield,2024-08-12,,2.5,3.83,,12.0,21.1,724.0,,,,sunny,,,,From this reading using medium range Hanna Checker.,Reviewed: quality check complete
Grovelands Park Lake Downstream of reedbeds,Salmons Brook/Houndsden Gutter/Grovelands Stream,51.630991,-0.115829,Enfield,2024-08-12,,2.29,0.08,,12.0,26.6,444.0,,,,sunny,,,,,Reviewed: quality check complete
Grovelands Park Lake Outfall by cafe and dam,Salmons Brook/Houndsden Gutter/Grovelands Stream,51.632232,-0.112069,Enfield,2024-08-12,,2.5,0.33,,12.0,22.3,639.0,,,,sunny,,,,,Reviewed: quality check complete
Grovelands Park Stream below dam,Salmons Brook/Houndsden Gutter/Grovelands Stream,51.633371,-0.111863,Enfield,2024-08-12,,2.5,0.14,,12.0,22.3,446.0,,,,sunny,,,,Phosphate reading flashing ie greater than recorded value,Reviewed: quality check complete
Newgate Street,The Ching,51.621835,0.016257,Waltham Forest,2024-08-12,,2.5,0.22,,,,,,,,,,,,,Reviewed: quality check complete
Downstream of Leyton Jubilee Park's double outfall (what3words: ///curving.cups.brings),Dagenham Brook,51.562256,-0.022184,Waltham Forest,2024-08-12,,2.5,0.85,,,,,,,,sunny,,,,,Reviewed: quality check complete
Upstream of Leyton Jubilee Park's double outfall (what3words: ///curving.cups.brings),Dagenham Brook,51.562406,-0.022567,Waltham Forest,2024-08-12,,2.5,2.19,,,,,,,,sunny,,,,,Reviewed: quality check complete
D/S Whitehall Rd,The Ching,51.625457,0.019402,Redbridge,2024-08-12,,2.5,0.08,,,,,,,,,,,,,Reviewed: quality check complete
Whitehall Plain,The Ching,51.627561,0.020547,Waltham Forest,2024-08-14,,0.96,0.27,,,,,,,,"sunny, cloudy",,,,River dried up with no flow. Sample taken from remaining standing pools of water.,Reviewed: quality check complete
Footbridge near Rangers Road,Ching Brook,51.634055,0.025535,Essex,2024-08-14,,,,,,,,,,,"sunny, cloudy",,,,"River in location and upstream completely dried up, muddy sections of riverbed further downstream.",Reviewed: quality check complete
The Charter Road (Gordon Avenue),The Ching,51.608856,0.009023,Waltham Forest,2024-08-16,,2.5,0.07,,,,,clear,clear,no,sunny,average,steady,residential,,Reviewed: quality check complete
Highams Park Lake,The Ching,51.613892,0.009555,Waltham Forest,2024-08-16,,2.5,0.23,,,,,clear,clear,no,sunny,average,steady,residential,,Reviewed: quality check complete
Newgate Street,The Ching,51.621835,0.016257,Waltham Forest,2024-08-16,,2.5,0.21,,,,,,,,,,,,,Reviewed: quality check complete
Whitehall Outfalls,The Ching,51.626392,0.019922,Redbridge,2024-08-16,,2.5,0.86,,,,,,,,,,,,,Reviewed: quality check complete
Highams Park Lake,The Ching,51.613892,0.009555,Waltham Forest,2024-08-16,,0.07,0.23,,,,,clear,clear,no,sunny,average,steady,residential,,Reviewed: quality check complete
D/S Whitehall Rd,The Ching,51.625457,0.019402,Redbridge,2024-08-16,,2.5,0.9,,,,,,,,,,,,,Reviewed: quality check complete
Downstream of Connaught Water,The Ching,51.63776,0.025654,Essex,2024-08-17,,0.51,0.4,,,,,brown,cloudy,,sunny,low,still,other,The Ching downstream of this site has almost dried up with just wet pebbles in some places with puddles of still water in between,Reviewed: quality check complete
D/S Whitehall Rd,The Ching,51.625457,0.019402,Redbridge,2024-08-17,,2.5,1.57,,,,,brown,cloudy,"yes, not_sure",sunny,low,slow,urban,Sewage smell at the large outfall (LHS as you look upstream and black slimey mud /  algae / sewage fungus on riverbed ,Reviewed: quality check complete
Lordship Recreation Ground (Downstream),Moselle Brook,51.594777,-0.086985,Haringey,2024-08-17,,2.5,3.0,,,,,grey,cloudy,no,sunny,average,steady,"residential, urban",The Ammonia reading was 3.00 flashing:  The Phosphates reading was 2.50 flashing.  There was lots of  sewage fungus evident clearing showing as white strands on vegetation,Reviewed: quality check complete
Upstream of Markfield Park (Stonebridge Brook) CSO ,River Lea,51.58119,-0.060253,Waltham Forest,2024-08-18,,1.72,0.17,,,,,clear,clear,no,sunny,low,slow,,,Reviewed: quality check complete
Markfield Park (Stonebridge Brook) CSO,River Lea,51.58111,-0.060575,Haringey,2024-08-18,,1.77,0.43,,,,,clear,clear,no,sunny,low,slow,,,Reviewed: quality check complete
Grovelands Park Lake Entry,Salmons Brook/Houndsden Gutter/Grovelands Stream,51.630718,-0.116322,Enfield,2024-08-18,,2.5,5.94,,12.0,18.9,1060.0,,,,sunny,,,,,Reviewed: quality check complete
Grovelands Park Lake Downstream of reedbeds,Salmons Brook/Houndsden Gutter/Grovelands Stream,51.630991,-0.115829,Enfield,2024-08-18,,2.5,1.05,,12.0,20.7,475.0,,,,sunny,,,,Phosphate reading flashing ie higher than recorded value,Reviewed: quality check complete
Grovelands Park Lake Outfall by cafe and dam,Salmons Brook/Houndsden Gutter/Grovelands Stream,51.632232,-0.112069,Enfield,2024-08-18,,2.5,0.06,,12.0,19.2,631.0,,,,sunny,,,,Phosphate reading flashing ie higher than recorded value,Reviewed: quality check complete
Grovelands Park Stream below dam,Salmons Brook/Houndsden Gutter/Grovelands Stream,51.633371,-0.111863,Enfield,2024-08-18,,2.5,0.0,,12.0,19.2,471.0,,,,sunny,,,,Phosphate reading flashing ie higher than recorded value,Reviewed: quality check complete
Eversley Crescent Outfall (Downstream),Salmons Brook/Houndsden Gutter,51.639676,-0.107511,Enfield,2024-08-19,,2.5,1.42,,,,,,,,cloudy,,,,Phosphate flashing 2.5,Reviewed: quality check complete
Eversley Crescent Outfall (Upstream),Salmons Brook/Houndsden Gutter,51.639645,-0.107816,Enfield,2024-08-19,,,,,,,,,,,cloudy,,,,,Reviewed: quality check complete
Turkey Street (Downstream),Turkey Brook,51.667892,-0.031325,Enfield,2024-08-20,,1.23,0.04,,,,,clear,clear,no,sunny,low,still,,,Reviewed: quality check complete
Turkey Street (Upstream),Turkey Brook,51.668694,-0.034631,Enfield,2024-08-20,,1.55,0.07,,,,,,,no,sunny,low,slow,,,Reviewed: quality check complete
Whitehall Outfalls,The Ching,51.626392,0.019922,Redbridge,2024-08-23,,2.19,0.59,,,,,,,,,,,,,Reviewed: quality check complete
Downstream of Connaught Water,The Ching,51.63776,0.025654,Essex,2024-08-23,,0.36,0.26,,,,,brown,cloudy,no,sunny,low,slow,other,,Reviewed: quality check complete
D/S Whitehall Rd,The Ching,51.625457,0.019402,Redbridge,2024-08-23,,1.97,0.29,,,,,,,,,,,,,Reviewed: quality check complete
Newgate Street,The Ching,51.621835,0.016257,Waltham Forest,2024-08-23,,1.87,0.64,,,,,,,,,,,,,Reviewed: quality check complete
The Charter Road (Gordon Avenue),The Ching,51.608856,0.009023,Waltham Forest,2024-08-23,,1.85,0.11,,,,,clear,clear,no,sunny,average,steady,urban,,Reviewed: quality check complete
Highams Park Lake,The Ching,51.613892,0.009555,Waltham Forest,2024-08-23,,2.24,0.36,,,,,brown,cloudy,no,sunny,average,steady,other,,Reviewed: quality check complete
Tottenham Cemetery,Moselle Brook,51.604345,-0.074322,Haringey,2024-08-28,,2.5,3.0,,,,,clear,clear,no,"sunny, cloudy",low,slow,"industrial, residential, urban","The readings were both flashing, ie values were higher than 3.00 and 2.50.   There was a great deal of sewage fungus evident showing as white deposits.   The sewage fungus had not been visible in the previous 4 visits to this site, so there was a marked deterioration in the appearance of the Brook.  ",Reviewed: quality check complete
Downstream of Connaught Water,The Ching,51.63776,0.025654,Essex,2024-08-29,,0.37,0.32,,,,,"brown, green",cloudy,no,sunny,low,still,other,,Reviewed: quality check complete
Highams Park Lake,The Ching,51.613892,0.009555,Waltham Forest,2024-08-29,,2.5,0.08,,,,,clear,clear,no,sunny,low,slow,other,Result flashing indicating that the reading is over 2.5,Reviewed: quality check complete
The Charter Road (Gordon Avenue),The Ching,51.608856,0.009023,Waltham Forest,2024-08-29,,2.5,0.07,,,,,clear,clear,no,sunny,low,slow,urban,Result 2.5 flashing indicating that the reading is above 2.5,Reviewed: quality check complete
Newgate Street,The Ching,51.621835,0.016257,Waltham Forest,2024-08-30,,2.5,0.26,,,,,,,,,,,,,Reviewed: quality check complete
Whitehall Outfalls,The Ching,51.626392,0.019922,Redbridge,2024-08-30,,2.5,1.89,,,,,,,,,,,,,Reviewed: quality check complete
D/S Whitehall Rd,The Ching,51.625457,0.019402,Redbridge,2024-08-30,,2.5,0.81,,,,,,,,,,,,,Reviewed: quality check complete
Friends Bridge,Lea (Old River Lea),51.561403,-0.037255,Hackney,2024-09-01,,1.91,0.2,,,,,,,,,,,,,Reviewed: quality check complete
Upstream of Leyton Jubilee Park's double outfall (what3words: ///curving.cups.brings),Dagenham Brook,51.562406,-0.022567,Waltham Forest,2024-09-01,,2.5,0.68,,,,,,,,sunny,,,,,Reviewed: quality check complete
Downstream of Leyton Jubilee Park's double outfall (what3words: ///curving.cups.brings),Dagenham Brook,51.562256,-0.022184,Waltham Forest,2024-09-01,,2.5,3.5,,,,,,,,sunny,,,,,Reviewed: quality check complete
Dagenham Brook D/S,Dagenham Brook ,51.564646,-0.023369,Waltham Forest,2024-09-01,,2.5,0.9,,,,,,,,sunny,,,,,Reviewed: quality check complete
Dagenham Brook U/S,Dagenham Brook ,51.564859,-0.023691,Waltham Forest,2024-09-01,,2.5,0.24,,,,,,,,sunny,,,,,Reviewed: quality check complete
Beech Hall,The Ching,51.604636,0.000755,Waltham Forest,2024-09-01,,2.1,0.5,,,,,,,,sunny,,,,,Reviewed: quality check complete
Sainsbury's,The Ching,51.604505,-0.019121,Waltham Forest,2024-09-01,,2.4,1.1,,,,,,,,sunny,,,,"Manure smell from alotments upstream, blood worms in water",Reviewed: quality check complete
Wadham Ave,The Ching,51.603672,-0.011865,Waltham Forest,2024-09-01,,2.1,0.09,,,,,,,,sunny,,,,Water crickets,Reviewed: quality check complete
Grovelands Park Lake Downstream of reedbeds,Salmons Brook/Houndsden Gutter/Grovelands Stream,51.630991,-0.115829,Enfield,2024-09-02,,2.5,1.9,,12.0,20.6,487.0,,,,cloudy,,,,Phosphate reading flashing ie higher than recorded value,Reviewed: quality check complete
Grovelands Park Lake Outfall by cafe and dam,Salmons Brook/Houndsden Gutter/Grovelands Stream,51.632232,-0.112069,Enfield,2024-09-02,,2.5,0.0,,12.0,19.3,672.0,,,,cloudy,,,,Phosphate reading flashing ie higher than recorded value,Reviewed: quality check complete
Grovelands Park Stream below dam,Salmons Brook/Houndsden Gutter/Grovelands Stream,51.633371,-0.111863,Enfield,2024-09-02,,2.5,0.09,,12.0,20.6,480.0,,,,cloudy,,,,Phosphate reading flashing ie higher than recorded value,Reviewed: quality check complete
Eversley Crescent Outfall (Downstream),Salmons Brook/Houndsden Gutter,51.639676,-0.107511,Enfield,2024-09-02,,2.5,3.93,,,,,,,,cloudy,,,,Phosphate 2.5 flashing,Reviewed: quality check complete
Grovelands Park Lake Entry,Salmons Brook/Houndsden Gutter/Grovelands Stream,51.630718,-0.116322,Enfield,2024-09-02,,2.5,4.54,,12.0,19.4,805.0,,,,cloudy,,,,Phosphate reading flashing ie higher than recorded value,Reviewed: quality check complete
The White House Bridge (Old River Lea),River Lea,51.55484,-0.025711,Hackney,2024-09-03,,1.67,0.22,,,,,clear,clear,no,"sunny, windy",average,slow,,,Reviewed: quality check complete
Point 2,Old River Lea,51.558503,-0.024698,Waltham Forest,2024-09-03,,1.65,0.12,,,,,clear,,,"sunny, windy",average,steady,,,Reviewed: quality check complete
Whitehall Plain,The Ching,51.627561,0.020547,Waltham Forest,2024-09-04,,0.89,0.54,,,,,,,,sunny,,,,"No water flow, river bed dry in most areas with pools of still water.",Reviewed: quality check complete
Footbridge near Rangers Road,Ching Brook,51.634055,0.025535,Essex,2024-09-04,,,,,,,,,,,cloudy,,,,"River dried up completely, no water flow.",Reviewed: quality check complete
D/S Whitehall Rd,The Ching,51.625457,0.019402,Redbridge,2024-09-05,,1.95,0.23,,,,,,,,,,,,,Reviewed: quality check complete
Sainsbury's,The Ching,51.604505,-0.019121,Waltham Forest,2024-09-06,8.1,2.5,3.0,,,19.6,904.0,,,,cloudy,,,,,Reviewed: quality check complete
Whitehall Outfalls,The Ching,51.626392,0.019922,Redbridge,2024-09-06,,2.5,1.1,,,,,,,,,,,,,Reviewed: quality check complete
Downstream of Connaught Water,The Ching,51.63776,0.025654,Essex,2024-09-06,9.0,0.42,0.4,,,21.2,434.0,brown,clear,no,cloudy,low,still,other,,Reviewed: quality check complete
Highams Park Lake,The Ching,51.613892,0.009555,Waltham Forest,2024-09-06,8.0,2.44,0.1,,,18.1,827.0,clear,clear,no,cloudy,average,slow,other,,Reviewed: quality check complete
Wadham Ave,The Ching,51.603672,-0.011865,Waltham Forest,2024-09-06,8.4,2.5,0.01,,,19.4,807.0,,,,"cloudy, rainy",,,,,Reviewed: quality check complete
Beech Hall,The Ching,51.604636,0.000755,Waltham Forest,2024-09-06,,2.5,1.6299999999999997,,,,,,,,cloudy,,,,,Reviewed: quality check complete
Newgate Street,The Ching,51.621835,0.016257,Waltham Forest,2024-09-06,,2.16,0.2,,,,,,,,,,,,,Reviewed: quality check complete
The Charter Road (Gordon Avenue),The Ching,51.608856,0.009023,Waltham Forest,2024-09-06,8.1,2.5,0.19,,,18.1,806.0,clear,clear,no,cloudy,low,slow,urban,,Reviewed: quality check complete
Grovelands Park Lake Downstream of reedbeds,Salmons Brook/Houndsden Gutter/Grovelands Stream,51.630991,-0.115829,Enfield,2024-09-09,,2.5,1.53,,12.0,17.8,498.0,,,,cloudy,,,,Phosphate reading flashing ie higher than recorded value,Reviewed: quality check complete
Grovelands Park Lake Entry,Salmons Brook/Houndsden Gutter/Grovelands Stream,51.630718,-0.116322,Enfield,2024-09-09,,2.5,3.39,,12.0,17.3,734.0,,,,cloudy,,,,Phosphate reading flashing ie higher than recorded value,Reviewed: quality check complete
Grovelands Park Stream below dam,Salmons Brook/Houndsden Gutter/Grovelands Stream,51.633371,-0.111863,Enfield,2024-09-09,,2.5,0.75,,12.0,18.2,490.0,,,,cloudy,,,,Phosphate reading flashing ie higher than recorded value,Reviewed: quality check complete
Grovelands Park Lake Outfall by cafe and dam,Salmons Brook/Houndsden Gutter/Grovelands Stream,51.632232,-0.112069,Enfield,2024-09-09,,2.5,0.05,,12.0,18.0,643.0,,,,cloudy,,,,Phosphate reading flashing ie higher than recorded value,Reviewed: quality check complete
Downstream of Connaught Water,The Ching,51.63776,0.025654,Essex,2024-09-11,,0.23,0.23,,,,,,,,"sunny, windy",,,,Water sample taken from pool at the base of the lake overflow structure.,Reviewed: quality check complete
Markfield Park (Stonebridge Brook) CSO,River Lea,51.58111,-0.060575,Haringey,2024-09-11,,1.91,0.33,,,,,clear,clear,not_sure,sunny,average,slow,,,Reviewed: quality check complete
Whitehall Plain,The Ching,51.627561,0.020547,Waltham Forest,2024-09-11,,0.66,0.1,,,,,,,,cloudy,,,,Manure smell and hoof prints from grazing cattle poaching soil on the banks of the river.,Reviewed: quality check complete
Upstream of Markfield Park (Stonebridge Brook) CSO ,River Lea,51.58119,-0.060253,Waltham Forest,2024-09-11,,1.96,0.29,,,,,clear,clear,not_sure,sunny,average,slow,,,Reviewed: quality check complete
Sainsbury's,The Ching,51.604505,-0.019121,Waltham Forest,2024-09-13,,1.7,2.83,,,14.4,727.0,,,,sunny,,,,,Reviewed: quality check complete
Wadham Ave,The Ching,51.603672,-0.011865,Waltham Forest,2024-09-13,8.2,1.7,2.83,,,14.2,639.0,,,,sunny,,,,,Reviewed: quality check complete
Beech Hall,The Ching,51.604636,0.000755,Waltham Forest,2024-09-13,,1.51,0.58,,,,,,,,sunny,,,,,Reviewed: quality check complete
Newgate Street,The Ching,51.621835,0.016257,Waltham Forest,2024-09-13,,1.33,0.16,,,,,,,,,,,,,Reviewed: quality check complete
D/S Whitehall Rd,The Ching,51.625457,0.019402,Redbridge,2024-09-13,,2.5,0.35,,,,,,,,,,,,,Reviewed: quality check complete
Whitehall Outfalls,The Ching,51.626392,0.019922,Redbridge,2024-09-13,,2.5,1.92,,,,,,,,,,,,,Reviewed: quality check complete
Flood Relief Channel outflow,Old Lea,51.561278,-0.029612,Waltham Forest,2024-09-14,,,0.55,,,,,clear,clear,"yes, attached",sunny,low,steady,,,Reviewed: quality check complete
Bottom of Berms,Old Lea,51.560985,-0.034761,Waltham Forest,2024-09-14,,2.04,0.07,,,,,clear,clear,"yes, attached",sunny,low,steady,other,,Reviewed: quality check complete
Top of Berms,Old Lea,51.561327,-0.035427,Waltham Forest,2024-09-14,,1.85,0.13,,,,,clear,clear,"yes, attached",sunny,low,steady,other,,Reviewed: quality check complete
Lea Bridge Weir (downstream),Old Lea,51.561715,-0.043795,Hackney,2024-09-14,,,0.1,,,,,clear,clear,"yes, attached",sunny,low,steady,,,Reviewed: quality check complete
Grovelands Park Lake Downstream of reedbeds,Salmons Brook/Houndsden Gutter/Grovelands Stream,51.630991,-0.115829,Enfield,2024-09-15,,2.5,1.75,,12.0,16.1,506.0,,,,sunny,,,,Phosphate reading flashing ie higher than recorded value,Reviewed: quality check complete
Grovelands Park Stream below dam,Salmons Brook/Houndsden Gutter/Grovelands Stream,51.633371,-0.111863,Enfield,2024-09-15,,2.5,0.34,,12.0,15.6,492.0,,,,sunny,,,,Phosphate reading flashing ie higher than recorded value,Reviewed: quality check complete
Grovelands Park Lake Entry,Salmons Brook/Houndsden Gutter/Grovelands Stream,51.630718,-0.116322,Enfield,2024-09-15,,2.5,6.3,,12.0,17.5,772.0,,,,sunny,,,,Phosphate reading flashing ie higher than recorded value,Reviewed: quality check complete
Grovelands Park Lake Outfall by cafe and dam,Salmons Brook/Houndsden Gutter/Grovelands Stream,51.632232,-0.112069,Enfield,2024-09-15,,2.5,0.06,,12.0,17.6,645.0,,,,sunny,,,,Phosphate reading flashing ie higher than recorded value,Reviewed: quality check complete
Eversley Crescent Outfall (Downstream),Salmons Brook/Houndsden Gutter,51.639676,-0.107511,Enfield,2024-09-15,,2.5,3.98,,,,,,,,cloudy,,,,Po4 flashing. No rain 72 hrs,Reviewed: quality check complete
Newgate Street,The Ching,51.621835,0.016257,Waltham Forest,2024-09-20,,2.5,0.06,,,,,,,,,,,,,Reviewed: quality check complete
Highams Park Lake,The Ching,51.613892,0.009555,Waltham Forest,2024-09-20,,2.5,0.1,,,,,clear,cloudy,no,sunny,average,slow,other,,Reviewed: quality check complete
The Charter Road (Gordon Avenue),The Ching,51.608856,0.009023,Waltham Forest,2024-09-20,,2.5,0.09,,,,,clear,clear,no,sunny,low,slow,"residential, urban",,Reviewed: quality check complete
D/S Whitehall Rd,The Ching,51.625457,0.019402,Redbridge,2024-09-20,,2.5,0.55,,,,,,,,,,,,,Reviewed: quality check complete
Wadham Ave,The Ching,51.603672,-0.011865,Waltham Forest,2024-09-20,8.1,2.29,0.09,,,19.3,602.0,,,,cloudy,,,,,Reviewed: quality check complete
Sainsbury's,The Ching,51.604505,-0.019121,Waltham Forest,2024-09-20,8.3,2.34,3.0,,,8.3,850.0,,,,cloudy,,,,,Reviewed: quality check complete
Beech Hall,The Ching,51.604636,0.000755,Waltham Forest,2024-09-20,,1.61,0.34,,,,,,,,cloudy,,,,,Reviewed: quality check complete
Footbridge near Rangers Road,Ching Brook,51.634055,0.025535,Essex,2024-09-20,,,,,,,,,,,"sunny, cloudy",,,,"River bed completely dry, no water flow.",Reviewed: quality check complete
Whitehall Outfalls,The Ching,51.626392,0.019922,Redbridge,2024-09-20,,2.5,2.15,,,,,,,,,,,,,Reviewed: quality check complete
Whitehall Plain,The Ching,51.627561,0.020547,Waltham Forest,2024-09-20,,0.72,0.21,,,,,,,,"sunny, cloudy",,,,"No water flow, sections of dry riverbed. Pools of still water remaining. Cattle manure on and beside river as well as poached soil on the river bank and bed.",Reviewed: quality check complete
Downstream of Connaught Water,The Ching,51.63776,0.025654,Essex,2024-09-21,8.0,0.42,0.4,,,20.7,490.0,green,cloudy,no,sunny,low,still,other,Small static pool of water downstream of Connaught Water below which the river is completely dried up.,Reviewed: quality check complete
Outside the Princess of Wales,River Lea,51.561855,-0.045483,Hackney,2024-09-22,,0.39,2.95,,,,,brown,opaque,,cloudy,average,steady,,,Reviewed: quality check complete
Grovelands Park Lake Entry,Salmons Brook/Houndsden Gutter/Grovelands Stream,51.630718,-0.116322,Enfield,2024-09-22,,1.34,0.48,,12.0,19.0,465.0,,,,cloudy,,,,,Reviewed: quality check complete
Grovelands Park Stream below dam,Salmons Brook/Houndsden Gutter/Grovelands Stream,51.633371,-0.111863,Enfield,2024-09-22,,2.5,1.44,,12.0,18.6,470.0,,,,cloudy,,,,Phosphate reading flashing ie higher than recorded amount,Reviewed: quality check complete
Grovelands Park Lake Outfall by cafe and dam,Salmons Brook/Houndsden Gutter/Grovelands Stream,51.632232,-0.112069,Enfield,2024-09-22,,2.5,0.1,,12.0,18.2,610.0,,,,cloudy,,,,Phosphate reading flashing ie higher than recorded amount,Reviewed: quality check complete
Cattlegate Road,Turkey Brook,51.687656,-0.116533,Enfield,2024-09-23,,1.0,0.21,,,,,,,,cloudy,,,,,Reviewed: quality check complete
Rectory farm footbridge,Turkey Brook,51.677474,-0.111935,Enfield,2024-09-23,,1.0,0.39,,,,,,,,cloudy,,,,,Reviewed: quality check complete
Jolly Farmers Bridge,Salmons Brook,51.65511,-0.107409,Enfield,2024-09-23,,0.37,0.29,,,,,,,,cloudy,,,,,Reviewed: quality check complete
Hadley Road Bridge,Salmons Brook,51.665942,-0.118121,Enfield,2024-09-23,,0.55,0.19,,,,,,,,cloudy,,,,,Reviewed: quality check complete
Botany Bay bridge,Salmons Brook,51.673647,-0.134477,Enfield,2024-09-23,,0.54,0.2,,,,,,,,cloudy,,,,,Reviewed: quality check complete
Rectory farm footbridge,Turkey Brook,51.677474,-0.111935,Enfield,2024-09-23,,0.41,0.39,,,,,,,,cloudy,,,,,Reviewed: quality check complete
Turkey Street (Downstream),Turkey Brook,51.667892,-0.031325,Enfield,2024-09-24,,0.73,0.14,,,,,brown,,no,cloudy,high,slow,,,Reviewed: quality check complete
Turkey Street (Upstream),Turkey Brook,51.668694,-0.034631,Enfield,2024-09-24,,0.73,0.11,,,,,brown,,no,cloudy,high,steady,,,Reviewed: quality check complete
Footbridge near Rangers Road,Ching Brook,51.634055,0.025535,Essex,2024-09-26,,0.47,0.21,,,,,,,,cloudy,,,,,Reviewed: quality check complete
Whitehall Plain,The Ching,51.627561,0.020547,Waltham Forest,2024-09-26,,0.4,0.21,,,,,,,,,,,,,Reviewed: quality check complete
Highams Park Lake,The Ching,51.613892,0.009555,Waltham Forest,2024-09-27,7.7,0.36,0.0,,,13.7,239.0,brown,clear,no,rainy,high,surging,other,,Reviewed: quality check complete
Upstream of Connaught Water,The Ching,51.639917,0.026791,Essex,2024-09-27,5.5,0.04,0.2,,,13.3,325.0,brown,cloudy,no,rainy,low,slow,,,Reviewed: quality check complete
Downstream of Connaught Water,The Ching,51.63776,0.025654,Essex,2024-09-27,8.1,0.17,0.15,,,14.0,398.0,brown,cloudy,no,rainy,low,slow,other,,Reviewed: quality check complete
D/S Whitehall Rd,The Ching,51.625457,0.019402,Redbridge,2024-09-27,,0.52,0.16,,,,,brown,clear,no,rainy,average,steady,,,Reviewed: quality check complete
Newgate Street,The Ching,51.621835,0.016257,Waltham Forest,2024-09-27,,0.29,0.03,,,,,brown,clear,no,rainy,average,steady,,,Reviewed: quality check complete
Eversley Crescent Outfall (Downstream),Salmons Brook/Houndsden Gutter,51.639676,-0.107511,Enfield,2024-09-27,,0.8100000000000002,0.22,,,,,,,,"cloudy, rainy",,,,Fast flowing  murky river,Reviewed: quality check complete
Grovelands Park Stream below dam,Salmons Brook/Houndsden Gutter/Grovelands Stream,51.633371,-0.111863,Enfield,2024-09-30,,2.5,1.17,,12.0,14.4,414.0,,,,cloudy,,,,Phosphate reading flashing ie higher than recorded value,Reviewed: quality check complete
Grovelands Park Lake Outfall by cafe and dam,Salmons Brook/Houndsden Gutter/Grovelands Stream,51.632232,-0.112069,Enfield,2024-09-30,,2.5,0.0,,12.0,16.0,614.0,,,,cloudy,,,,Phosphate reading flashing ie higher than recorded value,Reviewed: quality check complete
Grovelands Park Lake Entry,Salmons Brook/Houndsden Gutter/Grovelands Stream,51.630718,-0.116322,Enfield,2024-09-30,,1.12,0.41,,12.0,16.0,563.0,,,,cloudy,,,,,Reviewed: quality check complete
Grovelands Park Lake Downstream of reedbeds,Salmons Brook/Houndsden Gutter/Grovelands Stream,51.630991,-0.115829,Enfield,2024-09-30,,2.5,1.19,,12.0,14.8,392.0,,,,cloudy,,,,,Reviewed: quality check complete
Friends Bridge,Lea (Old River Lea),51.561403,-0.037255,Hackney,2024-10-01,,0.45,0.03,,,,,,,,,,,,,Reviewed: quality check complete
Hillyfields park,Turkey brook,51.66987,-0.088862,Enfield,2024-10-02,,0.35,0.32,,,,,,,,rainy,,,,,Reviewed: quality check complete
Cuffley brook upstream,Turkey Brook,51.674322,-0.080231,Enfield,2024-10-02,,0.78,0.48,,,,,,,,sunny,,,,,Reviewed: quality check complete
Cuffley Brook Downstream,Cuffley Brook,51.673615,-0.064663,Enfield,2024-10-02,,0.5,0.24,,,,,,,,sunny,,,,,Reviewed: quality check complete
Forty hill,Turkey brook,51.673624,-0.064679,Enfield,2024-10-02,,0.97,0.14,,,,,,,,rainy,,,,,Reviewed: quality check complete
Upstream of Markfield Park (Stonebridge Brook) CSO ,River Lea,51.58119,-0.060253,Waltham Forest,2024-10-04,,1.5,0.1,,,,,clear,clear,,sunny,average,steady,,Low ammonia at this site today- ? due to lots of rainfall up river,Reviewed: quality check complete
Beech Hall,The Ching,51.604636,0.000755,Waltham Forest,2024-10-04,8.9,1.33,0.15,,,16.2,708.0,,,,sunny,,,,,Reviewed: quality check complete
Wadham Ave,The Ching,51.603672,-0.011865,Waltham Forest,2024-10-04,8.4,1.22,0.52,,,16.2,740.0,,,,sunny,,,,,Reviewed: quality check complete
Sainsbury's,The Ching,51.604505,-0.019121,Waltham Forest,2024-10-04,8.3,1.8,1.49,,,15.7,774.0,,,,sunny,,,,Thames Water works ongoing upstream - still sewage smell present,Reviewed: quality check complete
Highams Park Lake,The Ching,51.613892,0.009555,Waltham Forest,2024-10-04,,1.25,0.04,,,,,clear,clear,,sunny,average,steady,other,,Reviewed: quality check complete
The Charter Road (Gordon Avenue),The Ching,51.608856,0.009023,Waltham Forest,2024-10-04,,0.82,0.07,,,,,clear,clear,no,sunny,average,steady,"residential, urban",,Reviewed: quality check complete
Downstream of Connaught Water,The Ching,51.63776,0.025654,Essex,2024-10-04,,0.06,0.17,,,,,brown,clear,no,sunny,low,slow,other,,Reviewed: quality check complete
Whitehall Plain,The Ching,51.627561,0.020547,Waltham Forest,2024-10-04,,0.49,0.17,,,,,,,,sunny,,,,,Reviewed: quality check complete
Footbridge near Rangers Road,Ching Brook,51.634055,0.025535,Essex,2024-10-04,,0.41,0.18,,,,,,,,cloudy,,,,,Reviewed: quality check complete
Markfield Park (Stonebridge Brook) CSO,River Lea,51.58111,-0.060575,Haringey,2024-10-04,,1.28,0.34,,,,,clear,clear,,sunny,average,steady,,,Reviewed: quality check complete
Upstream of Connaught Water,The Ching,51.639917,0.026791,Essex,2024-10-04,,0.1,0.25,,,,,brown,cloudy,no,sunny,low,still,,,Reviewed: quality check complete
D/S Whitehall Rd,The Ching,51.625457,0.019402,Redbridge,2024-10-04,,1.25,0.45,,,,,,,,,,,,,Reviewed: quality check complete
Newgate Street,The Ching,51.621835,0.016257,Waltham Forest,2024-10-04,,1.05,0.12,,,,,,,,,,,,,Reviewed: quality check complete
Whitehall Outfalls,The Ching,51.626392,0.019922,Redbridge,2024-10-04,,1.46,0.32,,,,,,,,,,,,,Reviewed: quality check complete
Dagenham Brook D/S,Dagenham Brook ,51.564646,-0.023369,Waltham Forest,2024-10-05,,2.01,1.35,,,,,,,,sunny,,,,,Reviewed: quality check complete
Upstream of Leyton Jubilee Park's double outfall (what3words: ///curving.cups.brings),Dagenham Brook,51.562406,-0.022567,Waltham Forest,2024-10-05,,1.67,1.1,,,,,,,,sunny,,,,,Reviewed: quality check complete
Downstream of Leyton Jubilee Park's double outfall (what3words: ///curving.cups.brings),Dagenham Brook,51.562256,-0.022184,Waltham Forest,2024-10-05,,2.45,1.77,,,,,,,,sunny,,,,,Reviewed: quality check complete
Dagenham Brook U/S,Dagenham Brook ,51.564859,-0.023691,Waltham Forest,2024-10-05,,1.67,1.03,,,,,,,,sunny,,,,,Reviewed: quality check complete
The White House Bridge (Old River Lea),River Lea,51.55484,-0.025711,Hackney,2024-10-05,,1.15,0.02,,,,,brown,clear,no,sunny,average,steady,,"Water clear, fast flowing. Several dragonflies seen.",Reviewed: quality check complete
Point 2,Old River Lea,51.558503,-0.024698,Waltham Forest,2024-10-05,,1.56,0.11,,,,,brown,clear,no,sunny,average,steady,,"Flow steady, coots and a cormorant seen.",Reviewed: quality check complete
Grovelands Park Lake Entry,Salmons Brook/Houndsden Gutter/Grovelands Stream,51.630718,-0.116322,Enfield,2024-10-06,,1.68,2.01,,12.0,16.5,672.0,,,,cloudy,,,,,Reviewed: quality check complete
Grovelands Park Lake Downstream of reedbeds,Salmons Brook/Houndsden Gutter/Grovelands Stream,51.630991,-0.115829,Enfield,2024-10-06,,2.27,1.44,,12.0,14.2,456.0,,,,cloudy,,,,,Reviewed: quality check complete
Grovelands Park Lake Outfall by cafe and dam,Salmons Brook/Houndsden Gutter/Grovelands Stream,51.632232,-0.112069,Enfield,2024-10-06,,0.37,0.18,,12.0,15.8,816.0,,,,cloudy,,,,,Reviewed: quality check complete
Grovelands Park Stream below dam,Salmons Brook/Houndsden Gutter/Grovelands Stream,51.633371,-0.111863,Enfield,2024-10-06,,2.5,0.53,,12.0,14.4,414.0,,,,cloudy,,,,Phosphate reading flashing ie higher than recorded value,Reviewed: quality check complete
Footbridge near Rangers Road,Ching Brook,51.634055,0.025535,Essex,2024-10-09,,0.42,0.12,,,,,,,,cloudy,,,,,Reviewed: quality check complete
Whitehall Plain,The Ching,51.627561,0.020547,Waltham Forest,2024-10-09,,0.65,0.21,,,,,,,,cloudy,,,,Cattle manure present on river bank.,Reviewed: quality check complete
Highams Park Lake,The Ching,51.613892,0.009555,Waltham Forest,2024-10-11,8.1,1.17,0.03,,,10.5,744.0,brown,cloudy,no,sunny,average,steady,other,Dog in the water prior to sampling,Reviewed: quality check complete
The Charter Road (Gordon Avenue),The Ching,51.608856,0.009023,Waltham Forest,2024-10-11,8.4,1.21,0.07,,,10.2,762.0,clear,clear,no,sunny,average,steady,other,,Reviewed: quality check complete
Eversley Crescent Outfall (Downstream),Salmons Brook/Houndsden Gutter,51.639676,-0.107511,Enfield,2024-10-11,,1.04,0.82,,,,,,,,sunny,,,,,Reviewed: quality check complete
Lea Bridge Weir (downstream),Old Lea,51.561715,-0.043795,Hackney,2024-10-12,,1.7,0.15,,,,,clear,clear,"yes, attached","sunny, cloudy",average,steady,urban,,Reviewed: quality check complete
Top of Berms,Old Lea,51.561327,-0.035427,Waltham Forest,2024-10-12,,2.14,0.06,,,,,clear,clear,"yes, attached","sunny, cloudy",average,steady,,,Reviewed: quality check complete
Bottom of Berms,Old Lea,51.560985,-0.034761,Waltham Forest,2024-10-12,,1.47,0.54,,,,,clear,clear,"yes, attached","sunny, cloudy",average,steady,other,,Reviewed: quality check complete
Flood Relief Channel outflow,Old Lea,51.561278,-0.029612,Waltham Forest,2024-10-12,,1.21,0.12,,,,,clear,clear,"yes, attached","sunny, cloudy",average,steady,,,Reviewed: quality check complete
Grovelands Park Lake Entry,Salmons Brook/Houndsden Gutter/Grovelands Stream,51.630718,-0.116322,Enfield,2024-10-13,,1.63,1.76,,12.0,15.2,670.0,,,,cloudy,,,,,Reviewed: quality check complete
Grovelands Park Lake Downstream of reedbeds,Salmons Brook/Houndsden Gutter/Grovelands Stream,51.630991,-0.115829,Enfield,2024-10-13,,2.5,1.14,,12.0,12.0,413.0,,,,cloudy,,,,,Reviewed: quality check complete
Grovelands Park Stream below dam,Salmons Brook/Houndsden Gutter/Grovelands Stream,51.633371,-0.111863,Enfield,2024-10-13,,2.5,0.65,,12.0,12.5,409.0,,,,cloudy,,,,Phosphate reading flashing ie higher than recorded value,Reviewed: quality check complete
Grovelands Park Lake Outfall by cafe and dam,Salmons Brook/Houndsden Gutter/Grovelands Stream,51.632232,-0.112069,Enfield,2024-10-13,,2.5,0.28,,12.0,14.8,638.0,,,,cloudy,,,,Phosphate reading flashing ie higher than recorded value,Reviewed: quality check complete
Sainsbury's,The Ching,51.604505,-0.019121,Waltham Forest,2024-10-17,8.7,1.16,0.29,,,18.3,697.0,,,,"cloudy, sunny",,,,,Reviewed: quality check complete
Wadham Ave,The Ching,51.603672,-0.011865,Waltham Forest,2024-10-17,8.2,0.71,0.3,,,18.0,403.0,,,,"cloudy, sunny",,,,,Reviewed: quality check complete
Beech Hall,The Ching,51.604636,0.000755,Waltham Forest,2024-10-17,,1.1799999999999995,0.36,,,,,,,,"sunny, cloudy",,,,,Reviewed: quality check complete
Whitehall Plain,The Ching,51.627561,0.020547,Waltham Forest,2024-10-18,,0.34,0.14,,,,,,,,cloudy,,,,Cattle tracks in area,Reviewed: quality check complete
Downstream of Connaught Water,The Ching,51.63776,0.025654,Essex,2024-10-18,8.4,0.03,0.21,,,14.7,442.0,clear,clear,no,sunny,average,steady,other,,Reviewed: quality check complete
Highams Park Lake,The Ching,51.613892,0.009555,Waltham Forest,2024-10-18,8.0,1.14,0.05,,,13.7,650.0,clear,clear,no,cloudy,average,steady,other,,Reviewed: quality check complete
The Charter Road (Gordon Avenue),The Ching,51.608856,0.009023,Waltham Forest,2024-10-18,8.3,1.2,0.22,,,13.6,859.0,clear,clear,no,cloudy,average,steady,"residential, urban",Bubbles present on the surface of the water just downstream of riffles,Reviewed: quality check complete
Footbridge near Rangers Road,Ching Brook,51.634055,0.025535,Essex,2024-10-18,,0.31,0.12,,,,,,,,cloudy,,,,,Reviewed: quality check complete
Newgate Street,The Ching,51.621835,0.016257,Waltham Forest,2024-10-18,,0.91,0.1,,,,,,,,,,,,,Reviewed: quality check complete
Whitehall Outfalls,The Ching,51.626392,0.019922,Redbridge,2024-10-18,,1.0,0.39,,,,,,,,,,,,,Reviewed: quality check complete
D/S Whitehall Rd,The Ching,51.625457,0.019402,Redbridge,2024-10-18,,1.07,0.76,,,,,,,,,,,,,Reviewed: quality check complete
Upstream of Connaught Water,The Ching,51.639917,0.026791,Essex,2024-10-18,6.3,0.07,0.26,,,13.0,269.0,clear,clear,no,sunny,low,still,,,Reviewed: quality check complete
Grovelands Park Lake Entry,Salmons Brook/Houndsden Gutter/Grovelands Stream,51.630718,-0.116322,Enfield,2024-10-21,,1.59,1.07,,12.0,15.6,706.0,,,,cloudy,,,,,Reviewed: quality check complete
Grovelands Park Stream below dam,Salmons Brook/Houndsden Gutter/Grovelands Stream,51.633371,-0.111863,Enfield,2024-10-21,,2.5,0.94,,12.0,14.3,407.0,,,,cloudy,,,,,Reviewed: quality check complete
Grovelands Park Lake Outfall by cafe and dam,Salmons Brook/Houndsden Gutter/Grovelands Stream,51.632232,-0.112069,Enfield,2024-10-21,,2.5,0.0,,12.0,15.4,637.0,,,,cloudy,,,,,Reviewed: quality check complete
Grovelands Park Lake Downstream of reedbeds,Salmons Brook/Houndsden Gutter/Grovelands Stream,51.630991,-0.115829,Enfield,2024-10-21,,2.23,1.28,,12.0,13.8,452.0,,,,cloudy,,,,,Reviewed: quality check complete
Tottenham Cemetery,Moselle Brook,51.604345,-0.074322,Haringey,2024-10-23,,2.5,3.0,,,,,clear,clear,no,cloudy,average,steady,"residential, urban","In contrast to the previous water monitoring in August, the Moselle Brook showed no signs of white deposits from sewage fungus and the water and stream bed was clear with good clarity.   However the readings were still flashing, indicating the true amounts ppm were above 2.50 and 3.00.",Reviewed: quality check complete
Sainsbury's,The Ching,51.604505,-0.019121,Waltham Forest,2024-10-24,8.3,1.59,0.03,,,16.3,825.0,,,,sunny,,,,,Reviewed: quality check complete
Wadham Ave,The Ching,51.603672,-0.011865,Waltham Forest,2024-10-24,8.2,1.54,0.22,,,16.3,785.0,,,,sunny,,,,,Reviewed: quality check complete
Beech Hall,The Ching,51.604636,0.000755,Waltham Forest,2024-10-24,,1.68,0.41,,,,,,,,sunny,,,,,Reviewed: quality check complete
The Charter Road (Gordon Avenue),The Ching,51.608856,0.009023,Waltham Forest,2024-10-25,8.2,1.8,0.2,,,14.5,790.0,green,clear,no,cloudy,average,steady,"residential, urban",,Reviewed: quality check complete
Highams Park Lake,The Ching,51.613892,0.009555,Waltham Forest,2024-10-25,7.9,1.72,0.23,,,14.2,892.0,clear,clear,no,cloudy,average,steady,other,,Reviewed: quality check complete
Newgate Street,The Ching,51.621835,0.016257,Waltham Forest,2024-10-26,7.9,1.37,0.16,,,12.8,779.0,brown,clear,no,cloudy,low,slow,other,Few bubbles downstream of riffles under Newgate Street bridge,Reviewed: quality check complete
Downstream of Connaught Water,The Ching,51.63776,0.025654,Essex,2024-10-26,8.4,0.15,0.16,,,14.2,494.0,brown,clear,no,cloudy,low,slow,other,,Reviewed: quality check complete
Whitehall Outfalls,The Ching,51.626392,0.019922,Redbridge,2024-10-26,8.1,1.96,0.68,,,14.2,850.0,brown,clear,"yes, not_sure",cloudy,low,slow,"residential, urban",Scum on the water surface for 50 yards downstream of the outfalls. Reported to Thames Water who visited and closed the job within 2 hours (case number 00835587),Reviewed: quality check complete
D/S Whitehall Rd,The Ching,51.625457,0.019402,Redbridge,2024-10-26,8.3,1.66,0.23,,,14.0,854.0,clear,clear,no,cloudy,low,slow,,,Reviewed: quality check complete
Grovelands Park Lake Outfall by cafe and dam,Salmons Brook/Houndsden Gutter/Grovelands Stream,51.632232,-0.112069,Enfield,2024-10-27,,2.5,0.13,,12.0,15.1,641.0,,,,sunny,,,,Phosphate reading flashing ie higher than recorded value,Reviewed: quality check complete
Grovelands Park Stream below dam,Salmons Brook/Houndsden Gutter/Grovelands Stream,51.633371,-0.111863,Enfield,2024-10-27,,2.49,1.33,,12.0,14.0,424.0,,,,sunny,,,,,Reviewed: quality check complete
Whitehall Plain,The Ching,51.627561,0.020547,Waltham Forest,2024-10-27,,0.3,0.22,,,,,,,,,,,,,Reviewed: quality check complete
Footbridge near Rangers Road,Ching Brook,51.634055,0.025535,Essex,2024-10-27,,0.38,0.16,,,,,,,,sunny,,,,,Reviewed: quality check complete
Grovelands Park Lake Entry,Salmons Brook/Houndsden Gutter/Grovelands Stream,51.630718,-0.116322,Enfield,2024-10-27,,2.5,9.5,,12.0,16.6,789.0,,,,sunny,,,,Phosphate reading flashing ie higher than recorded value,Reviewed: quality check complete
Turkey Street (Downstream),Turkey Brook,51.667892,-0.031325,Enfield,2024-10-29,,0.95,0.12,,,,,clear,clear,no,cloudy,average,still,,,Reviewed: quality check complete
Markfield Park (Stonebridge Brook) CSO,River Lea,51.58111,-0.060575,Haringey,2024-10-29,,1.67,0.32,,,,,clear,clear,,cloudy,average,slow,,,Reviewed: quality check complete
Upstream of Markfield Park (Stonebridge Brook) CSO ,River Lea,51.58119,-0.060253,Waltham Forest,2024-10-29,,1.48,0.22,,,,,clear,clear,,cloudy,average,slow,,,Reviewed: quality check complete
Turkey Street (Upstream),Turkey Brook,51.668694,-0.034631,Enfield,2024-10-29,,0.94,0.17,,,,,clear,,no,cloudy,average,still,,,Reviewed: quality check complete
Downstream of Connaught Water,The Ching,51.63776,0.025654,Essex,2024-11-01,8.2,0.1,0.24,,,13.0,451.0,clear,clear,no,cloudy,low,slow,other,Scum and bubbles on the surface of the water along with fallen leaves,Reviewed: quality check complete
Sainsbury's,The Ching,51.604505,-0.019121,Waltham Forest,2024-11-01,8.5,2.2200000000000006,0.6,,,15.6,703.0,,,,"cloudy, sunny",,,,,Reviewed: quality check complete
Beech Hall,The Ching,51.604636,0.000755,Waltham Forest,2024-11-01,,2.2200000000000006,0.4,,,,,,,,"cloudy, sunny",,,,,Reviewed: quality check complete
Wadham Ave,The Ching,51.603672,-0.011865,Waltham Forest,2024-11-01,8.5,2.05,0.1,,,15.6,815.0,,,,"sunny, cloudy",,,,,Reviewed: quality check complete
The Charter Road (Gordon Avenue),The Ching,51.608856,0.009023,Waltham Forest,2024-11-01,8.1,2.03,0.26,,,13.2,760.0,clear,clear,no,cloudy,average,slow,"residential, urban",Slight oily film on surface. Water flowing in channel from the lake.,Reviewed: quality check complete
Friends Bridge,Lea (Old River Lea),51.561403,-0.037255,Hackney,2024-11-01,,1.0,0.54,,,,,,,,,,,,,Reviewed: quality check complete
Whitehall Outfalls,The Ching,51.626392,0.019922,Redbridge,2024-11-01,,1.75,0.37,,,,,,,,,,,,,Reviewed: quality check complete
D/S Whitehall Rd,The Ching,51.625457,0.019402,Redbridge,2024-11-01,,2.19,0.9,,,,,,,,,,,,,Reviewed: quality check complete
Newgate Street,The Ching,51.621835,0.016257,Waltham Forest,2024-11-01,,1.74,0.18,,,,,,,,,,,,,Reviewed: quality check complete
Grovelands Park Lake Entry,Salmons Brook/Houndsden Gutter/Grovelands Stream,51.630718,-0.116322,Enfield,2024-11-02,,2.5,9.69,,12.0,15.8,853.0,,,,cloudy,,,,Phosphate reading flashing ie higher than recorded value,Reviewed: quality check complete
Grovelands Park Lake Outfall by cafe and dam,Salmons Brook/Houndsden Gutter/Grovelands Stream,51.632232,-0.112069,Enfield,2024-11-02,,2.5,1.58,,12.0,15.0,673.0,,,,cloudy,,,,Phosphate reading flashing ie higher than recorded value,Reviewed: quality check complete
Eversley Crescent Outfall (Downstream),Salmons Brook/Houndsden Gutter,51.639676,-0.107511,Enfield,2024-11-03,,2.4,1.6299999999999997,,,,,,,,cloudy,,,,Some small signs sewage fungus,Reviewed: quality check complete
The White House Bridge (Old River Lea),River Lea,51.55484,-0.025711,Hackney,2024-11-03,,1.65,0.07,,,,,clear,clear,,"cloudy, windy",average,steady,,"Slight oily sheen on the surface, otherwise clear and fairly fast moving. Mallards swimming.",Reviewed: quality check complete
Point 2,Old River Lea,51.558503,-0.024698,Waltham Forest,2024-11-03,,1.24,0.04,,,,,clear,clear,,"cloudy, windy",average,steady,,Water very clear. Another pair of Mallards.,Reviewed: quality check complete
Downstream of Leyton Jubilee Park's double outfall (what3words: ///curving.cups.brings),Dagenham Brook,51.562256,-0.022184,Waltham Forest,2024-11-04,,2.5,6.66,,,,,,,,cloudy,,,,,Reviewed: quality check complete
Upstream of Leyton Jubilee Park's double outfall (what3words: ///curving.cups.brings),Dagenham Brook,51.562406,-0.022567,Waltham Forest,2024-11-04,,2.38,1.0,,,,,,,,cloudy,,,,,Reviewed: quality check complete
Dagenham Brook U/S,Dagenham Brook ,51.564859,-0.023691,Waltham Forest,2024-11-04,,2.32,0.74,,,,,,,,cloudy,,,,,Reviewed: quality check complete
Dagenham Brook D/S,Dagenham Brook ,51.564646,-0.023369,Waltham Forest,2024-11-04,,2.46,1.0,,,,,,,,cloudy,,,,,Reviewed: quality check complete
Beech Hall Crescent CSO,River Ching,51.604332,0.000129,Waltham Forest,2024-11-05,,2.5,0.28,,,,,brown,clear,no,cloudy,average,steady,residential,,Reviewed: quality check complete
Highams Park Lake,The Ching,51.613892,0.009555,Waltham Forest,2024-11-08,7.9,2.43,0.51,,,12.3,838.0,clear,clear,no,cloudy,average,slow,other,,Reviewed: quality check complete
The Charter Road (Gordon Avenue),The Ching,51.608856,0.009023,Waltham Forest,2024-11-08,8.4,2.25,0.3,,,11.6,859.0,clear,clear,no,cloudy,low,slow,"residential, urban",,Reviewed: quality check complete
Upstream of Connaught Water,The Ching,51.639917,0.026791,Essex,2024-11-08,,0.0,0.0,,,,,other,,,cloudy,low,still,,There was no water in the river due to lack of rain,Reviewed: quality check complete
Downstream of Connaught Water,The Ching,51.63776,0.025654,Essex,2024-11-08,8.1,0.22,0.22,,,10.9,429.0,clear,clear,no,cloudy,low,still,other,,Reviewed: quality check complete
Lea Bridge Weir (downstream),Old Lea,51.561715,-0.043795,Hackney,2024-11-09,,1.98,0.53,,,,,clear,clear,"yes, attached",cloudy,average,steady,other,,Reviewed: quality check complete
Top of Berms,Old Lea,51.561327,-0.035427,Waltham Forest,2024-11-09,,1.76,0.12,,,,,clear,clear,attached,cloudy,average,steady,,,Reviewed: quality check complete
Bottom of Berms,Old Lea,51.560985,-0.034761,Waltham Forest,2024-11-09,,1.83,0.13,,,,,clear,clear,attached,cloudy,average,steady,,,Reviewed: quality check complete
Flood Relief Channel outflow,Old Lea,51.561278,-0.029612,Waltham Forest,2024-11-09,,1.34,0.23,,,,,clear,clear,attached,cloudy,average,steady,,,Reviewed: quality check complete
Newgate Street,The Ching,51.621835,0.016257,Waltham Forest,2024-11-09,,2.11,0.2,,,,,,,,,,,,,Reviewed: quality check complete
D/S Whitehall Rd,The Ching,51.625457,0.019402,Redbridge,2024-11-09,,2.5,1.76,,,,,,,,,,,,,Reviewed: quality check complete
Whitehall Outfalls,The Ching,51.626392,0.019922,Redbridge,2024-11-09,,2.5,5.25,,,,,,,,,,,,,Reviewed: quality check complete
Waterfall Walk 2 (Downstream),Pymmes Brook,51.62178,-0.136051,Barnet,2024-11-10,,1.59,0.49,,,,,"brown, grey",cloudy,,cloudy,low,steady,,See upstream report,Reviewed: quality check complete
Footbridge near Rangers Road,Ching Brook,51.634055,0.025535,Essex,2024-11-10,,0.56,0.21,,,,,,,,"cloudy, rainy",,,,,Reviewed: quality check complete
Whitehall Plain,The Ching,51.627561,0.020547,Waltham Forest,2024-11-10,,0.4,0.15,,,,,,,,cloudy,,,,,Reviewed: quality check complete
Waterfall Walk 1 (Upstream),Pymmes Brook,51.622216,-0.13638,Barnet,2024-11-10,,1.54,0.17,,,,,"brown, grey",cloudy,,cloudy,low,steady,residential,"Smell of petrol. Oily scum seemed to stop upstream of the test site so assume it must have come from the outfall pipe. Reported by telephone to Environment Agency and on website to Thames Water who later texted saying 'we visited to clear a blockage and after a full investigation we found our sewer lines to be clear'. This was irrelevant to the complaint and I have no idea if they really visited.
There was some sign of ceremonial use, fresh flowers floating from upstream. ",Reviewed: quality check complete
Waterfall Walk 3 (at the outfall),Pymmes Brook,51.62208,-0.136269,Barnet,2024-11-10,,,,,,,,"brown, grey",cloudy,no,cloudy,low,steady,"residential, urban",Tested above and below outfall. Strong petrol smell but didn't seem noticeably stronger at either of the outfall pipes.,Reviewed: quality check complete
Arnos Park,Pymmes Brook,51.618148,-0.132155,Enfield,2024-11-10,,,,,,,,brown,cloudy,no,cloudy,average,steady,,We were there to do riverfly monitoring but noted the oily sheen.,Reviewed: quality check complete
Grovelands Park Lake Entry,Salmons Brook/Houndsden Gutter/Grovelands Stream,51.630718,-0.116322,Enfield,2024-11-10,,2.5,9.54,,12.0,14.5,845.0,,,,cloudy,,,,,Reviewed: quality check complete
Beech Hall,The Ching,51.604636,0.000755,Waltham Forest,2024-11-12,,2.5,0.08,,,,,clear,clear,no,cloudy,average,steady,,,Reviewed: quality check complete
Beech Hall Crescent CSO,River Ching,51.604332,0.000129,Waltham Forest,2024-11-12,,2.5,0.09,,,,,brown,clear,no,cloudy,average,steady,,,Reviewed: quality check complete
The Charter Road (Gordon Avenue),The Ching,51.608856,0.009023,Waltham Forest,2024-11-15,7.1,2.4,0.55,,,10.5,,clear,clear,no,sunny,average,steady,"residential, other",The brown colour at the testing point upstream today is no longer evident at this testing point,Reviewed: quality check complete
Wadham Ave,The Ching,51.603672,-0.011865,Waltham Forest,2024-11-15,8.4,2.35,0.11,,,12.8,855.0,,,,"sunny, cloudy",,,,,Reviewed: quality check complete
Sainsbury's,The Ching,51.604505,-0.019121,Waltham Forest,2024-11-15,8.4,2.46,0.35,,,13.0,1010.0,,,,"cloudy, sunny",,,,,Reviewed: quality check complete
Newgate Street,The Ching,51.621835,0.016257,Waltham Forest,2024-11-16,,2.5,1.02,,,,,,,,,,,,,Reviewed: quality check complete
D/S Whitehall Rd,The Ching,51.625457,0.019402,Redbridge,2024-11-16,,2.5,4.09,,,,,,,,,,,,,Reviewed: quality check complete
Whitehall Outfalls,The Ching,51.626392,0.019922,Redbridge,2024-11-16,,2.5,4.65,,,,,,,,,,,,,Reviewed: quality check complete
Plumridge Farm 1,Salmons Brook,51.674437,-0.162223,England,2024-11-17,7.92,,,,,9.3,1027.0,,,,,,,,,Reviewed: quality check complete
Cuffley Brook upstream,Cuffley Brook,51.674388,-0.07931,England,2024-11-17,7.57,,,,,8.7,793.0,,,,,,,,,Reviewed: quality check complete
Enfield Golf Course,Salmons Brook,51.653327,-0.10528,England,2024-11-17,7.9,,,,,9.3,727.0,,,,,,,,,Reviewed: quality check complete
Eversley Crescent Outfall (Downstream),Salmons Brook/Houndsden Gutter,51.639676,-0.107511,Enfield,2024-11-17,,2.5,1.21,,,,,,,,cloudy,,,,No sewage fungus,Reviewed: quality check complete
Cuffley Brook Downstream,Cuffley Brook,51.673615,-0.064663,Enfield,2024-11-17,7.76,,,,,9.6,1007.0,,,,,,,,,Reviewed: quality check complete
Grovelands Park Lake Entry,Salmons Brook/Houndsden Gutter/Grovelands Stream,51.630718,-0.116322,Enfield,2024-11-18,,2.5,6.84,,12.0,13.8,770.0,,,,cloudy,,,,Phosphate reading flashing ie higher than recorded value,Reviewed: quality check complete
Beech Hall,The Ching,51.604636,0.000755,Waltham Forest,2024-11-19,,2.5,0.54,,,,,brown,cloudy,no,rainy,high,surging,,,Reviewed: quality check complete
Beech Hall Crescent CSO,River Ching,51.604332,0.000129,Waltham Forest,2024-11-19,,0.6,0.09,,,,,brown,cloudy,no,rainy,high,surging,"urban, other","CSO discharging today.  Looked like runoff water, but there was a sewage smell and some visible sheets of toilet paper or wet wipes stuck on the outflow. ",Reviewed: quality check complete
The Charter Road (Gordon Avenue),The Ching,51.608856,0.009023,Waltham Forest,2024-11-22,,0.3,0.19,,,6.7,1060.0,clear,clear,,sunny,average,steady,residential,,Reviewed: quality check complete
Highams Park Lake,The Ching,51.613892,0.009555,Waltham Forest,2024-11-22,,1.06,0.12,,,6.2,1030.0,clear,clear,,cloudy,average,steady,other,,Reviewed: quality check complete
Newgate Street,The Ching,51.621835,0.016257,Waltham Forest,2024-11-23,,1.0,0.48,,,,,,,,,,,,,Reviewed: quality check complete
Whitehall Outfalls,The Ching,51.626392,0.019922,Redbridge,2024-11-23,,1.27,1.25,,,,,,,,,,,,,Reviewed: quality check complete
D/S Whitehall Rd,The Ching,51.625457,0.019402,Redbridge,2024-11-23,,1.59,1.43,,,,,,,,,,,,,Reviewed: quality check complete
Downstream of Connaught Water,The Ching,51.63776,0.025654,Essex,2024-11-24,,0.25,0.75,,,,,clear,clear,no,cloudy,average,steady,other,,Reviewed: quality check complete
Upstream of Connaught Water,The Ching,51.639917,0.026791,Essex,2024-11-24,,0.0,0.48,,,,,brown,cloudy,no,cloudy,low,still,,,Reviewed: quality check complete
Grovelands Park Lake Outfall by cafe and dam,Salmons Brook/Houndsden Gutter/Grovelands Stream,51.632232,-0.112069,Enfield,2024-11-24,,0.31,0.49,,12.0,14.9,693.0,,,,cloudy,,,,,Reviewed: quality check complete
Grovelands Park Lake Entry,Salmons Brook/Houndsden Gutter/Grovelands Stream,51.630718,-0.116322,Enfield,2024-11-24,,2.03,3.9,,12.0,14.8,653.0,,,,cloudy,,,,,Reviewed: quality check complete
Beech Hall Crescent CSO,River Ching,51.604332,0.000129,Waltham Forest,2024-11-25,,0.82,0.17,,,,,brown,clear,no,sunny,high,surging,residential,,Reviewed: quality check complete
Beech Hall,The Ching,51.604636,0.000755,Waltham Forest,2024-11-25,,0.77,0.15,,,,,clear,clear,no,sunny,high,surging,,,Reviewed: quality check complete
Wadham Ave,The Ching,51.603672,-0.011865,Waltham Forest,2024-11-29,8.4,0.732,0.28,,,9.3,632.0,,,,cloudy,,,,,Reviewed: quality check complete
The Charter Road (Gordon Avenue),The Ching,51.608856,0.009023,Waltham Forest,2024-11-29,,0.61,0.18,,,7.4,582.0,"clear, brown",clear,no,cloudy,average,steady,"residential, urban",There was a flood warning for the Ching on Wed 27th Nov and very heavy rain caused the river to rise rapidly during the morning,Reviewed: quality check complete
Highams Park Lake,The Ching,51.613892,0.009555,Waltham Forest,2024-11-29,,0.63,0.2,,,,,brown,cloudy,no,cloudy,average,steady,other,Flood warning on the Ching on Wed 27/11/24 with rver rising throughout the morning,Reviewed: quality check complete
Sainsbury's,The Ching,51.604505,-0.019121,Waltham Forest,2024-11-29,8.7,0.7,0.21,,,9.7,753.0,,,,cloudy,,,,,Reviewed: quality check complete
Upstream of Connaught Water,The Ching,51.639917,0.026791,Essex,2024-11-30,,0.0,0.29,,,10.4,169.0,clear,clear,no,cloudy,average,steady,,,Reviewed: quality check complete
Downstream of Connaught Water,The Ching,51.63776,0.025654,Essex,2024-11-30,,0.14,0.44,,,9.4,396.0,clear,clear,no,cloudy,average,steady,other,,Reviewed: quality check complete
The White House Bridge (Old River Lea),River Lea,51.55484,-0.025711,Hackney,2024-12-01,,1.21,0.11,,,,,brown,opaque,,rainy,high,surging,,,Reviewed: quality check complete
Friends Bridge,Lea (Old River Lea),51.561403,-0.037255,Hackney,2024-12-01,,1.32,1.86,,,,,,,,,,,,,Reviewed: quality check complete
Grovelands Park Lake Downstream of reedbeds,Salmons Brook/Houndsden Gutter/Grovelands Stream,51.630991,-0.115829,Enfield,2024-12-01,,1.41,1.75,,12.0,10.0,476.0,,,,rainy,,,,,Reviewed: quality check complete
Grovelands Park Lake Entry,Salmons Brook/Houndsden Gutter/Grovelands Stream,51.630718,-0.116322,Enfield,2024-12-01,,1.03,1.53,,12.0,13.1,929.0,,,,rainy,,,,,Reviewed: quality check complete
Grovelands Park Stream below dam,Salmons Brook/Houndsden Gutter/Grovelands Stream,51.633371,-0.111863,Enfield,2024-12-01,,1.4,1.41,,12.0,9.9,447.0,,,,rainy,,,,,Reviewed: quality check complete
Beech Hall,The Ching,51.604636,0.000755,Waltham Forest,2024-12-03,,1.04,0.28,,,,,brown,clear,no,cloudy,average,steady,,,Reviewed: quality check complete
Beech Hall Crescent CSO,River Ching,51.604332,0.000129,Waltham Forest,2024-12-03,,1.11,0.29,,,,,brown,clear,no,cloudy,average,steady,residential,,Reviewed: quality check complete
Markfield Park (Stonebridge Brook) CSO,River Lea,51.58111,-0.060575,Haringey,2024-12-03,,1.45,0.23,,,,,clear,clear,,cloudy,average,steady,,,Reviewed: quality check complete
Upstream of Markfield Park (Stonebridge Brook) CSO ,River Lea,51.58119,-0.060253,Waltham Forest,2024-12-03,,1.38,0.19,,,,,clear,clear,,cloudy,,steady,,,Reviewed: quality check complete
Downstream of Connaught Water,The Ching,51.63776,0.025654,Essex,2024-12-06,,0.22,0.42,,,8.3,416.0,clear,clear,no,cloudy,average,steady,other,,Reviewed: quality check complete
Upstream of Connaught Water,The Ching,51.639917,0.026791,Essex,2024-12-06,,0.0,0.36,,,9.2,163.0,clear,clear,no,cloudy,average,steady,,Moorhen in water,Reviewed: quality check complete
Wadham Ave,The Ching,51.603672,-0.011865,Waltham Forest,2024-12-06,,0.77,0.11,,,,,,,,"sunny, cloudy",,,,,Reviewed: quality check complete
The Charter Road (Gordon Avenue),The Ching,51.608856,0.009023,Waltham Forest,2024-12-06,,0.53,0.15,,,10.1,605.0,brown,clear,no,cloudy,average,steady,"residential, urban",Slight bubbles in water. Moorhen in river,Reviewed: quality check complete
Highams Park Lake,The Ching,51.613892,0.009555,Waltham Forest,2024-12-06,,0.5,0.1,,,10.1,590.0,brown,cloudy,no,cloudy,average,steady,other,Silt on river bottom. Outflow pipe running. Ducks in river.,Reviewed: quality check complete
Newgate Street,The Ching,51.621835,0.016257,Waltham Forest,2024-12-06,,0.56,0.2,,,,,,,,,,,,,Reviewed: quality check complete
Whitehall Outfalls,The Ching,51.626392,0.019922,Redbridge,2024-12-06,,0.23,0.25,,,,,,,,,,,,,Reviewed: quality check complete
D/S Whitehall Rd,The Ching,51.625457,0.019402,Redbridge,2024-12-06,,0.38,0.22,,,,,,,,,,,,,Reviewed: quality check complete
Sainsbury's,The Ching,51.604505,-0.019121,Waltham Forest,2024-12-06,,0.76,0.15,,,,,,,,"cloudy, sunny",,,,,Reviewed: quality check complete
Beech Hall Crescent CSO,River Ching,51.604332,0.000129,Waltham Forest,2024-12-10,,0.68,0.08,,,,,brown,clear,no,cloudy,high,steady,urban,,Reviewed: quality check complete
Beech Hall,The Ching,51.604636,0.000755,Waltham Forest,2024-12-10,,0.69,0.17,,,,,brown,clear,no,cloudy,high,steady,,,Reviewed: quality check complete
Sainsbury's,The Ching,51.604505,-0.019121,Waltham Forest,2024-12-12,,0.88,0.21,,,,,,,,"cloudy, sunny",,,,,Reviewed: quality check complete
Wadham Ave,The Ching,51.603672,-0.011865,Waltham Forest,2024-12-12,,0.84,0.01,,,,,,,,"sunny, cloudy",,,,,Reviewed: quality check complete
The Charter Road (Gordon Avenue),The Ching,51.608856,0.009023,Waltham Forest,2024-12-13,,0.69,0.13,,,8.8,668.0,brown,clear,no,rainy,average,steady,"residential, urban",,Reviewed: quality check complete
Highams Park Lake,The Ching,51.613892,0.009555,Waltham Forest,2024-12-13,,0.64,0.12,,,9.4,651.0,brown,clear,no,rainy,average,steady,residential,,Reviewed: quality check complete
Upstream of Connaught Water,The Ching,51.639917,0.026791,Essex,2024-12-15,,0.03,0.43,,,,,clear,clear,no,cloudy,average,steady,,,Reviewed: quality check complete
Footbridge near Rangers Road,Ching Brook,51.634055,0.025535,Essex,2024-12-15,,0.34,0.19,,,,,,,,,,,,,Reviewed: quality check complete
Whitehall Plain,The Ching,51.627561,0.020547,Waltham Forest,2024-12-15,,0.16,0.22,,,,,,,,cloudy,,,,,Reviewed: quality check complete
Grovelands Park Lake Entry,Salmons Brook/Houndsden Gutter/Grovelands Stream,51.630718,-0.116322,Enfield,2024-12-15,,2.43,5.34,,12.0,13.1,710.0,,,,cloudy,,,,,Reviewed: quality check complete
Downstream of Connaught Water,The Ching,51.63776,0.025654,Essex,2024-12-15,,0.17,0.4,,,,,clear,clear,no,cloudy,average,steady,other,,Reviewed: quality check complete
Whitehall Outfalls,The Ching,51.626392,0.019922,Redbridge,2024-12-15,,0.73,0.32,,,,,brown,cloudy,"yes, not_sure",cloudy,average,steady,"residential, urban",,Reviewed: quality check complete
D/S Whitehall Rd,The Ching,51.625457,0.019402,Redbridge,2024-12-15,,0.59,0.34,,,,,brown,clear,no,cloudy,average,steady,,,Reviewed: quality check complete
Grovelands Park Lake Downstream of reedbeds,Salmons Brook/Houndsden Gutter/Grovelands Stream,51.630991,-0.115829,Enfield,2024-12-15,,1.21,1.86,,12.0,9.4,477.0,,,,cloudy,,,,,Reviewed: quality check complete
Grovelands Park Lake Outfall by cafe and dam,Salmons Brook/Houndsden Gutter/Grovelands Stream,51.632232,-0.112069,Enfield,2024-12-15,,0.36,0.23,,12.0,12.5,739.0,,,,cloudy,,,,,Reviewed: quality check complete
Grovelands Park Stream below dam,Salmons Brook/Houndsden Gutter/Grovelands Stream,51.633371,-0.111863,Enfield,2024-12-15,,1.07,1.13,,12.0,8.2,454.0,,,,cloudy,,,,,Reviewed: quality check complete
Newgate Street,The Ching,51.621835,0.016257,Waltham Forest,2024-12-15,,0.72,0.26,,,,,brown,clear,no,cloudy,average,steady,,,Reviewed: quality check complete
Sainsbury's,The Ching,51.604505,-0.019121,Waltham Forest,2024-12-19,,1.29,0.21,,,,,,,,"sunny, cloudy",,,,,Reviewed: quality check complete
Wadham Ave,The Ching,51.603672,-0.011865,Waltham Forest,2024-12-19,,1.02,0.19,,,,,,,,"sunny, cloudy",,,,,Reviewed: quality check complete
Tottenham Cemetery,Moselle Brook,51.604345,-0.074322,Haringey,2024-12-19,,2.5,1.89,,,,,clear,clear,no,cloudy,average,steady,,"The readings for ammonia showed a great improvement as previous readings for several months had been at  3.00 flashing, ie the highest for the Hanna checkers I use.
The readings for phosphates also showed an improvement as the 2.50 reading was not flashing, as it had been for several months.
The water level in the Moselle Brook in Tottenham Cemetery in the stretch where we test is not deep.   It ranges from a 3-15 cms.",Reviewed: quality check complete
Hollyhill brook,Holyhill Brook,51.681288,-0.116497,England,2024-12-19,8.09,0.14,0.04,,,6.7,519.0,,,,,,,,,Reviewed: quality check complete
Plumridge Farm 2,Salmons Brook,51.675,-0.169446,England,2024-12-19,8.06,0.17,0.31,,,7.8,728.0,,,,,,,,,Reviewed: quality check complete
Newgate Street,The Ching,51.621835,0.016257,Waltham Forest,2024-12-20,,0.66,0.12,,,,,,,,,,,,,Reviewed: quality check complete
D/S Whitehall Rd,The Ching,51.625457,0.019402,Redbridge,2024-12-20,,0.79,0.2,,,,,,,,,,,,,Reviewed: quality check complete
The Charter Road (Gordon Avenue),The Ching,51.608856,0.009023,Waltham Forest,2024-12-20,,0.9,0.07,,,,,clear,clear,no,cloudy,average,steady,"residential, urban",,Reviewed: quality check complete
Whitehall Outfalls,The Ching,51.626392,0.019922,Redbridge,2024-12-20,,0.67,0.32,,,,,,,,,,,,,Reviewed: quality check complete
Highams Park Lake,The Ching,51.613892,0.009555,Waltham Forest,2024-12-20,,0.82,0.11,,,,,clear,clear,no,cloudy,average,steady,other,,Reviewed: quality check complete
Downstream of Connaught Water,The Ching,51.63776,0.025654,Essex,2024-12-21,,0.12,0.23,,,9.8,400.0,clear,clear,no,cloudy,average,steady,other,,Reviewed: quality check complete
Upstream of Connaught Water,The Ching,51.639917,0.026791,Essex,2024-12-21,,0.0,0.3,,,10.2,168.0,clear,clear,no,cloudy,low,slow,,,Reviewed: quality check complete
Grovelands Park Lake Outfall by cafe and dam,Salmons Brook/Houndsden Gutter/Grovelands Stream,51.632232,-0.112069,Enfield,2024-12-22,,0.47,0.13,,12.0,10.4,681.0,,,,sunny,,,,,Reviewed: quality check complete
Grovelands Park Lake Downstream of reedbeds,Salmons Brook/Houndsden Gutter/Grovelands Stream,51.630991,-0.115829,Enfield,2024-12-22,,1.12,1.51,,12.0,7.1,473.0,,,,sunny,,,,,Reviewed: quality check complete
Grovelands Park Lake Entry,Salmons Brook/Houndsden Gutter/Grovelands Stream,51.630718,-0.116322,Enfield,2024-12-22,,2.5,6.63,,12.0,10.8,795.0,,,,sunny,,,,Phosphate reading flashing ie higher than recorded value,Reviewed: quality check complete
Grovelands Park Stream below dam,Salmons Brook/Houndsden Gutter/Grovelands Stream,51.633371,-0.111863,Enfield,2024-12-22,,1.1,1.1,,12.0,7.5,468.0,,,,sunny,,,,,Reviewed: quality check complete
Footbridge near Rangers Road,Ching Brook,51.634055,0.025535,Essex,2024-12-24,,0.61,0.15,,,,,,,,cloudy,,,,,Reviewed: quality check complete
Whitehall Plain,The Ching,51.627561,0.020547,Waltham Forest,2024-12-24,,0.37,0.11,,,,,,,,cloudy,,,,,Reviewed: quality check complete
Turkey Street (Downstream),Turkey Brook,51.667892,-0.031325,Enfield,2024-12-27,,0.72,0.08,,,,,,cloudy,no,cloudy,low,slow,,,Reviewed: quality check complete
Highams Park Lake,The Ching,51.613892,0.009555,Waltham Forest,2024-12-27,,1.16,0.12,,,,,clear,clear,no,cloudy,average,steady,other,,Reviewed: quality check complete
The Charter Road (Gordon Avenue),The Ching,51.608856,0.009023,Waltham Forest,2024-12-27,,1.22,0.18,,,,,clear,clear,no,cloudy,average,steady,"residential, urban",,Reviewed: quality check complete
Turkey Street (Upstream),Turkey Brook,51.668694,-0.034631,Enfield,2024-12-27,,0.59,0.11,,,,,,cloudy,no,cloudy,low,slow,,,Reviewed: quality check complete
Grovelands Park Lake Entry,Salmons Brook/Houndsden Gutter/Grovelands Stream,51.630718,-0.116322,Enfield,2024-12-29,,1.51,2.68,,12.0,11.6,696.0,,,,cloudy,,,,,Reviewed: quality check complete
Downstream of Connaught Water,The Ching,51.63776,0.025654,Essex,2024-12-29,,0.04,0.15,,,,,clear,clear,no,cloudy,average,steady,other,,Reviewed: quality check complete
Grovelands Park Lake Outfall by cafe and dam,Salmons Brook/Houndsden Gutter/Grovelands Stream,51.632232,-0.112069,Enfield,2024-12-29,,0.5,0.36,,12.0,10.8,734.0,,,,cloudy,,,,,Reviewed: quality check complete
Grovelands Park Stream below dam,Salmons Brook/Houndsden Gutter/Grovelands Stream,51.633371,-0.111863,Enfield,2024-12-29,,1.13,1.04,,12.0,7.5,478.0,,,,cloudy,,,,,Reviewed: quality check complete
Grovelands Park Lake Downstream of reedbeds,Salmons Brook/Houndsden Gutter/Grovelands Stream,51.630991,-0.115829,Enfield,2024-12-29,,1.44,2.13,,12.0,7.5,522.0,,,,cloudy,,,,,Reviewed: quality check complete
Upstream of Connaught Water,The Ching,51.639917,0.026791,Essex,2024-12-29,,0.0,0.26,,,,,clear,clear,no,cloudy,low,slow,,,Reviewed: quality check complete
Footbridge near Rangers Road,Ching Brook,51.634055,0.025535,Essex,2024-12-31,,0.34,0.21,,,,,,,,cloudy,,,,,Reviewed: quality check complete
Whitehall Plain,The Ching,51.627561,0.020547,Waltham Forest,2024-12-31,,,0.13,,,,,,,,cloudy,,,,,Reviewed: quality check complete
Flood Relief Channel outflow,Old Lea,51.561278,-0.029612,Waltham Forest,2025-01-01,,0.55,0.0,,,,,,,,,,,,,Reviewed: quality check complete
Friends Bridge,Lea (Old River Lea),51.561403,-0.037255,Hackney,2025-01-01,,1.55,0.39,,,,,,,,,,,,,Reviewed: quality check complete
Highams Park Lake,The Ching,51.613892,0.009555,Waltham Forest,2025-01-03,,0.62,0.11,,,5.3,750.0,clear,clear,no,cloudy,average,steady,other,,Reviewed: quality check complete
The Charter Road (Gordon Avenue),The Ching,51.608856,0.009023,Waltham Forest,2025-01-03,,0.8,0.11,,,5.5,764.0,clear,clear,no,cloudy,average,steady,other,,Reviewed: quality check complete
Upstream of Connaught Water,The Ching,51.639917,0.026791,Essex,2025-01-03,,0.31,0.49,,,,167.0,clear,clear,no,cloudy,low,slow,,,Reviewed: quality check complete
Beech Hall,The Ching,51.604636,0.000755,Waltham Forest,2025-01-04,,1.18,0.14,,,,,brown,clear,no,sunny,low,slow,,,Reviewed: quality check complete
Beech Hall Crescent CSO,River Ching,51.604332,0.000129,Waltham Forest,2025-01-04,,1.3,0.0,,,,,brown,clear,no,sunny,low,slow,urban,,Reviewed: quality check complete
Upstream of Connaught Water,The Ching,51.639917,0.026791,Essex,2025-01-10,,0.04,0.39,,,6.8,173.0,clear,clear,no,cloudy,average,steady,,Sample brought home to test so temperature increased from 2-3 degrees when sampled,Reviewed: quality check complete
Highams Park Lake,The Ching,51.613892,0.009555,Waltham Forest,2025-01-10,,0.35,0.14,,,3.5,538.0,brown,clear,no,sunny,average,steady,other,,Reviewed: quality check complete
The Charter Road (Gordon Avenue),The Ching,51.608856,0.009023,Waltham Forest,2025-01-10,,1.41,0.15,,,3.2,547.0,brown,clear,no,sunny,average,steady,"residential, urban",Phosphate reagent still visible as particles after 2 mins shaking,Reviewed: quality check complete
Downstream of Connaught Water,The Ching,51.63776,0.025654,Essex,2025-01-10,,0.1,0.15,,,2.6,339.0,clear,clear,no,cloudy,average,steady,other,Phosphate reagent did not dissolve completely possibly due to temperature,Reviewed: quality check complete
Footbridge near Rangers Road,Ching Brook,51.634055,0.025535,Essex,2025-01-12,,0.22,0.16,,,,,,,,cloudy,,,,Connaught Water lake upstream frozen over.,Reviewed: quality check complete
Grovelands Park Lake Outfall by cafe and dam,Salmons Brook/Houndsden Gutter/Grovelands Stream,51.632232,-0.112069,Enfield,2025-01-12,,0.86,0.37,,12.0,9.5,775.0,,,,sunny,,,,,Reviewed: quality check complete
Grovelands Park Lake Entry,Salmons Brook/Houndsden Gutter/Grovelands Stream,51.630718,-0.116322,Enfield,2025-01-12,,1.84,2.62,,12.0,9.6,712.0,,,,sunny,,,,,Reviewed: quality check complete
Whitehall Plain,The Ching,51.627561,0.020547,Waltham Forest,2025-01-12,,,0.25,,,,,,,,cloudy,,,,,Reviewed: quality check complete
Grovelands Park Stream below dam,Salmons Brook/Houndsden Gutter/Grovelands Stream,51.633371,-0.111863,Enfield,2025-01-12,,0.87,0.97,,12.0,4.9,475.0,,,,sunny,,,,,Reviewed: quality check complete
Beech Hall Crescent CSO,River Ching,51.604332,0.000129,Waltham Forest,2025-01-12,,1.62,0.28,,,,,brown,clear,no,cloudy,low,steady,urban,,Reviewed: quality check complete
Beech Hall,The Ching,51.604636,0.000755,Waltham Forest,2025-01-12,,0.83,0.14,,,,,brown,clear,no,cloudy,low,steady,,,Reviewed: quality check complete
Cuffley Brook upstream,Cuffley Brook,51.674388,-0.07931,England,2025-01-14,7.97,0.48,0.05,,,5.0,909.0,,,,,,,,,Reviewed: quality check complete
Hollyhill brook,Holyhill Brook,51.681288,-0.116497,England,2025-01-14,7.57,0.58,0.01,,,6.2,536.0,,,,,,,,,Reviewed: quality check complete
Botany Bay Bridge,Salmons Brook,51.673608,-0.134733,England,2025-01-14,8.2,0.19,0.11,,,5.0,987.0,,,,,,,,,Reviewed: quality check complete
Markfield Park (Stonebridge Brook) CSO,River Lea,51.58111,-0.060575,Haringey,2025-01-16,,1.9,0.29,,,,,brown,clear,,cloudy,average,slow,,,Reviewed: quality check complete
Upstream of Markfield Park (Stonebridge Brook) CSO ,River Lea,51.58119,-0.060253,Waltham Forest,2025-01-16,,1.69,0.26,,,,,brown,clear,,cloudy,average,slow,,,Reviewed: quality check complete
Tottenham Cemetery,Moselle Brook,51.604345,-0.074322,Haringey,2025-01-16,,1.28,2.47,,,,,clear,clear,no,cloudy,average,steady,"residential, urban","The best results for some time, particularly the phosphates",Reviewed: quality check complete
Highams Park Lake,The Ching,51.613892,0.009555,Waltham Forest,2025-01-17,,1.39,0.27,,,9.2,685.0,clear,clear,no,cloudy,average,steady,residential,,Reviewed: quality check complete
Eversley Crescent Outfall (Downstream),Salmons Brook/Houndsden Gutter,51.639676,-0.107511,Enfield,2025-01-17,,2.02,1.15,,,,,,,,cloudy,,,,"Water quite turbid , small amount of sewage fugus observed on some rocks",Reviewed: quality check complete
The Charter Road (Gordon Avenue),The Ching,51.608856,0.009023,Waltham Forest,2025-01-17,,0.73,0.37,,,7.4,702.0,clear,clear,no,cloudy,average,steady,other,,Reviewed: quality check complete
Lordship Recreation Ground (Downstream),Moselle Brook,51.594777,-0.086985,Haringey,2025-01-18,,2.5,1.64,,,,,clear,clear,"yes, attached",,average,steady,"residential, urban","The ammonium reading was lower than it had been for a long time, so I was surprised when the phosphate reading was 2.50 flashing, (ie the highest it can show) and didn't show a similar drop to the ammonia.

The vegetation in the water at the side of the Moselle Brook almost always shows sewage fungus attached.  That is why I noted Algae - attached above.",Reviewed: quality check complete
Beech Hall Crescent CSO,River Ching,51.604332,0.000129,Waltham Forest,2025-01-19,,1.35,0.24,,,,,brown,clear,no,cloudy,low,slow,urban,,Reviewed: quality check complete
Grovelands Park Lake Entry,Salmons Brook/Houndsden Gutter/Grovelands Stream,51.630718,-0.116322,Enfield,2025-01-19,,1.38,1.4,,12.0,9.6,709.0,,,,cloudy,,,,,Reviewed: quality check complete
Downstream of Connaught Water,The Ching,51.63776,0.025654,Essex,2025-01-19,,0.29,0.33,,,16.6,341.0,clear,clear,no,cloudy,average,steady,other,Water temp was lower when sample was taken - 16.6 when tsted at home,Reviewed: quality check complete
Grovelands Park Stream below dam,Salmons Brook/Houndsden Gutter/Grovelands Stream,51.633371,-0.111863,Enfield,2025-01-19,,0.9,0.84,,12.0,6.0,482.0,,,,cloudy,,,,,Reviewed: quality check complete
Grovelands Park Lake Downstream of reedbeds,Salmons Brook/Houndsden Gutter/Grovelands Stream,51.630991,-0.115829,Enfield,2025-01-19,,1.05,0.07,,12.0,5.6,501.0,,,,cloudy,,,,,Reviewed: quality check complete
Grovelands Park Lake Outfall by cafe and dam,Salmons Brook/Houndsden Gutter/Grovelands Stream,51.632232,-0.112069,Enfield,2025-01-19,,0.41,0.3,,12.0,9.8,756.0,,,,cloudy,,,,,Reviewed: quality check complete
Beech Hall,The Ching,51.604636,0.000755,Waltham Forest,2025-01-19,,1.61,0.11,,,,,brown,clear,no,cloudy,low,slow,,,Reviewed: quality check complete
Upstream of Connaught Water,The Ching,51.639917,0.026791,Essex,2025-01-19,,0.5,0.57,,,14.7,174.0,clear,clear,no,cloudy,average,steady,,Water temp was lower when samole was taken - 14.7 when tested at home,Reviewed: quality check complete
Slopers Farm 1,Salmons Brook,51.674718,-0.173883,England,2025-01-20,8.18,,,,,6.1,970.0,,,,,,,,,Reviewed: quality check complete
Plumridge Farm 1,Salmons Brook,51.674437,-0.162223,England,2025-01-20,8.11,0.86,0.07,,,4.1,1390.0,,,,,,,,,Reviewed: quality check complete
Plumridge Farm 2,Salmons Brook,51.675,-0.169446,England,2025-01-20,7.87,0.14,0.07,,,5.0,470.0,,,,,,,,,Reviewed: quality check complete
Plumridge Farm 2,Salmons Brook,51.673322,-0.154733,England,2025-01-20,8.07,1.34,0.15,,,4.4,1080.0,,,,,,,,,Reviewed: quality check complete
Rectory Farm Footbridge,Turkey Brook,51.677515,-0.111974,England,2025-01-20,8.15,0.51,0.16,,,4.6,1240.0,,,,,,,,,Reviewed: quality check complete
Cattlegate Road,Turkey Brook,51.687675,-0.116758,England,2025-01-20,8.27,0.43,,,,5.5,1320.0,,,,,,,,,Reviewed: quality check complete
The Charter Road (Gordon Avenue),The Ching,51.608856,0.009023,Waltham Forest,2025-01-22,,,,,,,,,,,,,,,,Reviewed: quality check complete
The Charter Road (Gordon Avenue),The Ching,51.608856,0.009023,Waltham Forest,2025-01-22,,1.77,0.14,,,,,grey,cloudy,no,cloudy,average,steady,"residential, urban",Watermain burst at Friday Hill /Whitehall Rd junction previous day possible cause of grey silt,Reviewed: quality check complete
Whitehall Outfalls,The Ching,51.626392,0.019922,Redbridge,2025-01-24,,0.23,0.22,,,,,,,,,,,,,Reviewed: quality check complete
Upstream of Connaught Water,The Ching,51.639917,0.026791,Essex,2025-01-24,,0.0,0.32,,,,,,,,"sunny, windy",,,,,Reviewed: quality check complete
Highams Park Lake,The Ching,51.613892,0.009555,Waltham Forest,2025-01-24,,0.44,0.12,,,10.2,630.0,grey,cloudy,no,"cloudy, windy",average,steady,residential,,Reviewed: quality check complete
The Charter Road (Gordon Avenue),The Ching,51.608856,0.009023,Waltham Forest,2025-01-24,,0.57,0.1,,,9.3,674.0,grey,cloudy,no,"cloudy, windy",average,steady,"residential, urban",,Reviewed: quality check complete
Downstream of Connaught Water,The Ching,51.63776,0.025654,Essex,2025-01-24,,0.06,0.32,,,,,,,,"sunny, windy",,,,,Reviewed: quality check complete
Newgate Street,The Ching,51.621835,0.016257,Waltham Forest,2025-01-24,,0.39,0.2,,,,,,,,,,,,,Reviewed: quality check complete
D/S Whitehall Rd,The Ching,51.625457,0.019402,Redbridge,2025-01-24,,0.35,0.26,,,,,,,,,,,,,Reviewed: quality check complete
Beech Hall,The Ching,51.604636,0.000755,Waltham Forest,2025-01-28,,0.5,0.12,,,,,brown,clear,no,rainy,high,steady,,,Reviewed: quality check complete
Beech Hall Crescent CSO,River Ching,51.604332,0.000129,Waltham Forest,2025-01-28,,0.43,0.2,,,,,brown,clear,no,rainy,high,steady,,,Reviewed: quality check complete
Wadham Ave,The Ching,51.603672,-0.011865,Waltham Forest,2025-01-30,9.9,0.58,0.13,,,9.9,733.0,,,,sunny,,,,,Reviewed: quality check complete
Turkey Street (Upstream),Turkey Brook,51.668694,-0.034631,Enfield,2025-01-30,,0.42,0.05,,,6.5,544.0,brown,cloudy,no,sunny,high,steady,,Tube 50,Reviewed: quality check complete
Turkey Street (Downstream),Turkey Brook,51.667892,-0.031325,Enfield,2025-01-30,,0.38,0.06,,,7.0,546.0,brown,cloudy,no,sunny,high,steady,,Tube35,Reviewed: quality check complete
The Charter Road (Gordon Avenue),The Ching,51.608856,0.009023,Waltham Forest,2025-01-31,,0.22,0.0,,,7.1,532.0,clear,clear,no,rainy,average,steady,"residential, urban",,Reviewed: quality check complete
Downstream of Connaught Water,The Ching,51.63776,0.025654,Essex,2025-01-31,,0.19,0.18,,,,,,,,rainy,,,,Water flowing out of lake overflow rapidly.,Reviewed: quality check complete
Highams Park Lake,The Ching,51.613892,0.009555,Waltham Forest,2025-01-31,,0.41,0.09,,,8.5,553.0,grey,cloudy,no,rainy,average,steady,residential,,Reviewed: quality check complete
Upstream of Connaught Water,The Ching,51.639917,0.026791,Essex,2025-01-31,,0.15,0.32,,,,,,,,rainy,,,,Water flowing briskly after weeks of wet weather,Reviewed: quality check complete
Flood Relief Channel outflow,Old Lea,51.561278,-0.029612,Waltham Forest,2025-02-01,,0.45,0.33,,,,,,,,,,,,,Reviewed: quality check complete
Rectory Farm Footbridge,Turkey Brook,51.677515,-0.111974,England,2025-02-01,,0.33,,,60.0,,715.0,,,,,,,,,Reviewed: quality check complete
Friends Bridge,Lea (Old River Lea),51.561403,-0.037255,Hackney,2025-02-01,,1.05,0.48,,,,,,,,,,,,,Reviewed: quality check complete
Newgate Street,The Ching,51.621835,0.016257,Waltham Forest,2025-02-01,,0.34,0.14,,,,,,,,,,,,,Reviewed: quality check complete
Dagenham Brook D/S,Dagenham Brook ,51.564646,-0.023369,Waltham Forest,2025-02-01,,1.8,1.24,,,,,,,,cloudy,,,,,Reviewed: quality check complete
Rectory Farm,Turkey Brook,51.671883,-0.105772,England,2025-02-01,,0.33,,,,,715.0,brown,cloudy,no,cloudy,average,slow,,"Tube 60
Unable to do ammonia testing as water too cloudy
Error cod Lilo",Reviewed: quality check complete
Dagenham Brook D/S,Dagenham Brook ,51.564646,-0.023369,Waltham Forest,2025-02-01,,1.63,1.24,,,,,,,,cloudy,,,,,Reviewed: quality check complete
Upstream of Leyton Jubilee Park's double outfall (what3words: ///curving.cups.brings),Dagenham Brook,51.562406,-0.022567,Waltham Forest,2025-02-01,,1.89,1.25,,,,,,,,cloudy,,,,,Reviewed: quality check complete
Dagenham Brook U/S,Dagenham Brook ,51.564859,-0.023691,Waltham Forest,2025-02-01,,1.8,1.09,,,,,,,,cloudy,,,,,Reviewed: quality check complete
D/S Whitehall Rd,The Ching,51.625457,0.019402,Redbridge,2025-02-01,,0.29,0.13,,,,,,,,,,,,,Reviewed: quality check complete
Whitehall Outfalls,The Ching,51.626392,0.019922,Redbridge,2025-02-01,,0.36,0.24,,,,,,,,,,,,,Reviewed: quality check complete
Downstream of Leyton Jubilee Park's double outfall (what3words: ///curving.cups.brings),Dagenham Brook,51.562256,-0.022184,Waltham Forest,2025-02-01,,2.5,7.43,,,,,,,,cloudy,,,,,Reviewed: quality check complete
Eversley Crescent Outfall (Downstream),Salmons Brook/Houndsden Gutter,51.639676,-0.107511,Enfield,2025-02-02,,,,,,,,,,,,,,,,Reviewed: quality check complete
Grovelands Park Lake Outfall by cafe and dam,Salmons Brook/Houndsden Gutter/Grovelands Stream,51.632232,-0.112069,Enfield,2025-02-02,,0.29,0.11,,12.0,10.3,760.0,,,,sunny,,,,,Reviewed: quality check complete
Beech Hall,The Ching,51.604636,0.000755,Waltham Forest,2025-02-02,,0.73,0.21,,,,,brown,clear,no,sunny,average,steady,,,Reviewed: quality check complete
Grovelands Park Stream below dam,Salmons Brook/Houndsden Gutter/Grovelands Stream,51.633371,-0.111863,Enfield,2025-02-02,,0.77,0.74,,12.0,7.1,486.0,,,,sunny,,,,,Reviewed: quality check complete
Beech Hall Crescent CSO,River Ching,51.604332,0.000129,Waltham Forest,2025-02-02,,0.73,0.24,,,,,brown,clear,no,sunny,average,steady,,,Reviewed: quality check complete
Grovelands Park Lake Entry,Salmons Brook/Houndsden Gutter/Grovelands Stream,51.630718,-0.116322,Enfield,2025-02-02,,0.98,1.31,,12.0,10.6,664.0,,,,sunny,,,,,Reviewed: quality check complete
Grovelands Park Lake Downstream of reedbeds,Salmons Brook/Houndsden Gutter/Grovelands Stream,51.630991,-0.115829,Enfield,2025-02-02,,0.82,0.92,,12.0,6.6,518.0,,,,sunny,,,,,Reviewed: quality check complete
Downstream of Connaught Water,The Ching,51.63776,0.025654,Essex,2025-02-07,,0.16,0.2,,,,,clear,clear,no,"rainy, windy",high,surging,urban,,Reviewed: quality check complete
Upstream of Connaught Water,The Ching,51.639917,0.026791,Essex,2025-02-07,,0.19,0.36,,,,,clear,clear,no,"rainy, windy",high,steady,urban,,Reviewed: quality check complete
Highams Park Lake,The Ching,51.613892,0.009555,Waltham Forest,2025-02-07,,0.44,0.13,,,5.9,700.0,grey,clear,no,rainy,average,,residential,,Reviewed: quality check complete
The Charter Road (Gordon Avenue),The Ching,51.608856,0.009023,Waltham Forest,2025-02-07,,0.88,0.57,,,5.6,731.0,grey,clear,no,rainy,average,steady,"residential, urban",,Reviewed: quality check complete
D/S Whitehall Rd,The Ching,51.625457,0.019402,Redbridge,2025-02-08,,0.22,0.22,,,,,grey,clear,no,cloudy,average,steady,urban,Samples taken home to analyse,Reviewed: quality check complete
Newgate Street,The Ching,51.621835,0.016257,Waltham Forest,2025-02-08,,0.27,0.34,,,,,grey,clear,no,cloudy,average,steady,other,Samples taken home to test,Reviewed: quality check complete
Firs Farm south inlet and wetland cell (upstream),Pymmes Brook/Moore Brook/Firs Farm Wetland,51.627314,-0.088231,Enfield,2025-02-08,,1.01,0.94,,38.0,10.4,530.0,,,,,,,,,Reviewed: quality check complete
Firs Farm south inlet and wetland cell (downstream),Pymmes Brook/Moore Brook/Firs Farm Wetland,51.628024,-0.087075,Enfield,2025-02-08,,1.09,1.07,,12.0,8.1,767.0,,,,,,,,,Reviewed: quality check complete
Whitehall Outfalls,The Ching,51.626392,0.019922,Redbridge,2025-02-08,,0.13,0.43,,,,,grey,,no,cloudy,average,steady,urban,,Reviewed: quality check complete
Grovelands Park Lake Outfall by cafe and dam,Salmons Brook/Houndsden Gutter/Grovelands Stream,51.632232,-0.112069,Enfield,2025-02-09,,0.37,0.06,,12.0,9.5,744.0,,,,cloudy,,,,,Reviewed: quality check complete
Grovelands Park Lake Entry,Salmons Brook/Houndsden Gutter/Grovelands Stream,51.630718,-0.116322,Enfield,2025-02-09,,0.93,0.99,,12.0,9.7,643.0,,,,cloudy,,,,,Reviewed: quality check complete
Grovelands Park Lake Downstream of reedbeds,Salmons Brook/Houndsden Gutter/Grovelands Stream,51.630991,-0.115829,Enfield,2025-02-09,,0.73,0.64,,12.0,5.9,523.0,,,,cloudy,,,,,Reviewed: quality check complete
Grovelands Park Stream below dam,Salmons Brook/Houndsden Gutter/Grovelands Stream,51.633371,-0.111863,Enfield,2025-02-09,,0.69,0.67,,12.0,6.1,508.0,,,,cloudy,,,,,Reviewed: quality check complete
Beech Hall Crescent CSO,River Ching,51.604332,0.000129,Waltham Forest,2025-02-09,,0.58,0.19,,,,,brown,clear,no,cloudy,average,steady,,,Reviewed: quality check complete
Beech Hall,The Ching,51.604636,0.000755,Waltham Forest,2025-02-09,,0.62,0.2,,,,,brown,clear,no,cloudy,average,steady,,,Reviewed: quality check complete
Bury Lodge Wetlands,Salmons Brook,51.632117,-0.074504,Enfield,2025-02-11,,0.42,0.11,,5.0,6.2,472.0,brown,cloudy,no,cloudy,high,steady,urban,,Reviewed: quality check complete
Bush Hill Park Golf Club,Salmons Brook,51.640144,-0.091062,Enfield,2025-02-12,,0.48,0.1,,37.0,6.6,540.0,brown,cloudy,no,cloudy,high,steady,residential,"Back gardens run right down to the south bank. North bank borders the golf course. The test location is behind the 18th tee box. The bank is a bit steep. Care must be taken when testing. 

The golf club has given permission for testing to be carried out. Please contact the general manager to check for permission on the day. Apparently the Environment Agency also test at the club. Club phone number is 0203 146 9890.",Reviewed: quality check complete
Wadham Ave,The Ching,51.603672,-0.011865,Waltham Forest,2025-02-14,,0.61,0.18,,,,,,,,sunny,,,,,Reviewed: quality check complete
D/S Whitehall Rd,The Ching,51.625457,0.019402,Redbridge,2025-02-14,,0.35,0.23,,,,,clear,clear,no,sunny,average,steady,,,Reviewed: quality check complete
Whitehall Outfalls,The Ching,51.626392,0.019922,Redbridge,2025-02-14,,0.45,0.33,,,,,clear,clear,no,sunny,average,steady,"residential, urban",,Reviewed: quality check complete
The Charter Road (Gordon Avenue),The Ching,51.608856,0.009023,Waltham Forest,2025-02-14,,0.64,0.12,,,5.4,620.0,clear,clear,no,sunny,average,steady,"residential, urban",,Reviewed: quality check complete
Newgate Street,The Ching,51.621835,0.016257,Waltham Forest,2025-02-14,,0.32,0.25,,,,,clear,clear,no,sunny,average,steady,other,,Reviewed: quality check complete
Highams Park Lake,The Ching,51.613892,0.009555,Waltham Forest,2025-02-14,,0.32,0.11,,,5.7,610.0,grey,clear,no,sunny,average,steady,other,Dog in the river after sample was taken,Reviewed: quality check complete
Sainsbury's,The Ching,51.604505,-0.019121,Waltham Forest,2025-02-14,,0.19,0.98,,,,,,,,sunny,,,,,Reviewed: quality check complete
Markfield Park (Stonebridge Brook) CSO,River Lea,51.58111,-0.060575,Haringey,2025-02-15,,1.75,0.44,,,,,brown,clear,no,cloudy,average,steady,,,Reviewed: quality check complete
Lordship Recreation Ground (Downstream),Moselle Brook,51.594777,-0.086985,Haringey,2025-02-15,,0.55,0.31,,,,,clear,clear,no,cloudy,high,steady,"residential, urban","These readings are the lowest I have ever recorded.   A fortnight ago, Thames Water did fix two blockages in a private line, which their readings confirmed were affecting water in the Moselle coming into Lordship Rec.  This incident and action taken by TW was reported to Rebecca at Thames 21.   However, there appeared to be an old leak from the Agent B bottle for the ammonia reading, so I wasn't sure how reliable this was, but the subsequent low reading for phosphate backs up an improvement in water quality.",Reviewed: quality check complete
Downstream of Connaught Water,The Ching,51.63776,0.025654,Essex,2025-02-15,,0.09,0.26,,,,,clear,clear,no,cloudy,high,surging,,,Reviewed: quality check complete
Upstream of Markfield Park (Stonebridge Brook) CSO ,River Lea,51.58119,-0.060253,Waltham Forest,2025-02-15,,1.49,0.18,,,,,brown,clear,no,cloudy,average,steady,,,Reviewed: quality check complete
Upstream of Connaught Water,The Ching,51.639917,0.026791,Essex,2025-02-15,,0.21,0.33,,,,,clear,clear,no,cloudy,high,steady,,,Reviewed: quality check complete
Broomfield Upper Lake South Outlet,Broomfield Upper Lake,51.617937,-0.117409,Enfield,2025-02-16,,0.8,1.37,,,6.1,353.0,,,,"sunny, cloudy",,,,"Many water birds including mute swan pair, mallards, tufted ducks, mallards, coots, moorhens, Canada geese and a male mandarin duck.",Reviewed: quality check complete
Beech Hall,The Ching,51.604636,0.000755,Waltham Forest,2025-02-16,,1.18,0.17,,,,,brown,clear,no,sunny,average,slow,,,Reviewed: quality check complete
Grovelands Park Stream below dam,Salmons Brook/Houndsden Gutter/Grovelands Stream,51.633371,-0.111863,Enfield,2025-02-16,,0.66,0.44,,12.0,6.5,508.0,,,,cloudy,,,,,Reviewed: quality check complete
Grovelands Park Lake Outfall by cafe and dam,Salmons Brook/Houndsden Gutter/Grovelands Stream,51.632232,-0.112069,Enfield,2025-02-16,,1.77,1.65,,12.0,8.7,662.0,,,,cloudy,,,,,Reviewed: quality check complete
Grovelands Park Lake Downstream of reedbeds,Salmons Brook/Houndsden Gutter/Grovelands Stream,51.630991,-0.115829,Enfield,2025-02-16,,0.76,0.47,,12.0,6.2,558.0,,,,cloudy,,,,,Reviewed: quality check complete
Beech Hall Crescent CSO,River Ching,51.604332,0.000129,Waltham Forest,2025-02-16,,0.83,0.22,,,,,brown,clear,no,sunny,average,slow,,,Reviewed: quality check complete
Grovelands Park Lake Entry,Salmons Brook/Houndsden Gutter/Grovelands Stream,51.630718,-0.116322,Enfield,2025-02-16,,1.11,0.62,,12.0,9.6,711.0,,,,cloudy,,,,,Reviewed: quality check complete
Eversley Crescent Outfall (Downstream),Salmons Brook/Houndsden Gutter,51.639676,-0.107511,Enfield,2025-02-17,,,1.48,,,,,,,,rainy,,,,"Phosphate checker not working
Quite a lot of sewage fungus covering the rocks",Reviewed: quality check complete
UCL East,City Mill River,51.537298,-0.014162,Newham,2025-02-19,,1.18,,,,,,clear,clear,no,cloudy,average,still,urban,Phosphate test was repeated three times due to the initial test having an inprecisely timed reaction time. The value above represents the average reading. The first (not well timed) test read 0.98mg/l. The second read 1.31 mg/l. The third read 1.26 mg/l.,Reviewed: quality check complete
D/S Whitehall Rd,The Ching,51.625457,0.019402,Redbridge,2025-02-21,,0.56,0.38,,,,,clear,clear,no,cloudy,average,steady,,,Reviewed: quality check complete
Highams Park Lake,The Ching,51.613892,0.009555,Waltham Forest,2025-02-21,,0.82,0.17,,,11.5,719.0,clear,clear,no,cloudy,average,steady,residential,,Reviewed: quality check complete
Upstream of Connaught Water,The Ching,51.639917,0.026791,Essex,2025-02-21,,0.0,0.33,,,,,clear,clear,no,sunny,average,steady,urban,,Reviewed: quality check complete
Downstream of Connaught Water,The Ching,51.63776,0.025654,Essex,2025-02-21,,0.22,0.33,,,,,clear,clear,no,sunny,high,steady,,,Reviewed: quality check complete
Sainsbury's,The Ching,51.604505,-0.019121,Waltham Forest,2025-02-21,,1.17,0.12,,,,,,,,"sunny, rainy",,,,,Reviewed: quality check complete
Whitehall Plain,The Ching,51.627561,0.020547,Waltham Forest,2025-02-21,,0.26,0.26,,,,,clear,clear,no,cloudy,average,steady,,,Reviewed: quality check complete
Wadham Ave,The Ching,51.603672,-0.011865,Waltham Forest,2025-02-21,,0.9399999999999998,0.02,,,,,,,,"sunny, rainy",,,,,Reviewed: quality check complete
The Charter Road (Gordon Avenue),The Ching,51.608856,0.009023,Waltham Forest,2025-02-21,,0.8,0.16,,,11.5,725.0,clear,clear,no,cloudy,average,steady,"residential, urban",,Reviewed: quality check complete
Footbridge near Rangers Road,Ching Brook,51.634055,0.025535,Essex,2025-02-21,,0.19,0.27,,,,,clear,clear,no,cloudy,average,steady,,,Reviewed: quality check complete
Whitehall Outfalls,The Ching,51.626392,0.019922,Redbridge,2025-02-21,,0.45,0.32,,,,,clear,clear,no,cloudy,average,steady,urban,"Direct sample from small outfall pipe - Ammonia >3.00 flashing Phosphate 1.48
Direct sample from large outfall pipe - Ammonia 1.89  Phosphate 2.32
Direct sample from central stream - Ammonia 0.25   Phosphate 0.18

Pollution from the outfall pipes is quickly diluted by cleaner water coming under the bridge from upstream of Whitehall Road",Reviewed: quality check complete
Newgate Street,The Ching,51.621835,0.016257,Waltham Forest,2025-02-21,,0.42,0.4,,,,,clear,clear,no,cloudy,average,steady,other,,Reviewed: quality check complete
Beech Hall,The Ching,51.604636,0.000755,Waltham Forest,2025-02-23,,0.68,0.16,,,,,brown,clear,no,cloudy,average,steady,,,Reviewed: quality check complete
Beech Hall Crescent CSO,River Ching,51.604332,0.000129,Waltham Forest,2025-02-23,,0.57,0.15,,,,,brown,clear,no,cloudy,average,steady,urban,,Reviewed: quality check complete
Grovelands Park Lake Downstream of reedbeds,Salmons Brook/Houndsden Gutter/Grovelands Stream,51.630991,-0.115829,Enfield,2025-02-24,,0.59,0.45,,12.0,11.0,467.0,,,,cloudy,,,,,Reviewed: quality check complete
Rectory Farm,Turkey Brook,51.671883,-0.105772,England,2025-02-24,,,0.3,,,,474.0,brown,cloudy,no,cloudy,high,surging,,"Clarity greater than 210
Very cloudy.
Lots of scum on surface",Reviewed: quality check complete
Grovelands Park Lake Entry,Salmons Brook/Houndsden Gutter/Grovelands Stream,51.630718,-0.116322,Enfield,2025-02-24,,0.39,0.15,,12.0,11.3,355.0,,,,cloudy,,,,,Reviewed: quality check complete
Grovelands Park Stream below dam,Salmons Brook/Houndsden Gutter/Grovelands Stream,51.633371,-0.111863,Enfield,2025-02-24,,0.6,0.45,,12.0,10.7,485.0,,,,cloudy,,,,,Reviewed: quality check complete
Grovelands Park Lake Outfall by cafe and dam,Salmons Brook/Houndsden Gutter/Grovelands Stream,51.632232,-0.112069,Enfield,2025-02-24,,0.24,0.22,,12.0,11.1,439.0,,,,cloudy,,,,,Reviewed: quality check complete
Oak Hill Park 2 (Downstream),Pymmes Brook,51.638422,-0.156959,Barnet,2025-02-25,,1.12,0.61,,85.0,9.5,528.0,,,,cloudy,,,,,Reviewed: quality check complete
Downstream of Jack’s Lake,Pymmes Brook,51.656668,-0.164216,Barnet,2025-02-26,,0.19,0.31,,140.0,9.4,448.0,,,,cloudy,,,,Stream flowing strongly after previous day's rain,Reviewed: quality check complete
Turkey Street (Upstream),Turkey Brook,51.668694,-0.034631,Enfield,2025-02-27,,0.44,,,,,511.0,brown,cloudy,no,sunny,high,steady,,Clarity 75,Reviewed: quality check complete
Tottenham Cemetery,Moselle Brook,51.604345,-0.074322,Haringey,2025-02-27,,1.82,0.4,,12.0,,832.0,clear,clear,no,"sunny, cloudy",high,steady,"residential, urban","The ammonia levels were tested using both a low range Hanna checker and a  high range Hanna checker recently given to us by Thames 21. The high range Hanna checker showed a reading of 0.43, so both had a very similar reading.  This reading for ammonia was by far the lowest we have ever had and was considered Very Good on the instruction notes, which felt very special to us.
We also tested the phosphates using both a low range and high range Hanna checker, also recently given to us by Thames 21.  However we didn't get a reading from the high range Hanna checker but a 00 on the screen, so something had gone awry,  and there wasn't time to do it again.   Better luck next time.",Reviewed: quality check complete
Turkey Street (Downstream),Turkey Brook,51.667892,-0.031325,Enfield,2025-02-27,,0.34,,,,,504.0,brown,cloudy,no,sunny,high,steady,,Clarity 75,Reviewed: quality check complete
Whitehall Plain,The Ching,51.627561,0.020547,Waltham Forest,2025-02-28,,0.1,0.32,,,,,clear,clear,no,sunny,average,steady,,,Reviewed: quality check complete
Footbridge near Rangers Road,Ching Brook,51.634055,0.025535,Essex,2025-02-28,,0.13,0.48,,,,,,,no,sunny,average,,,,Reviewed: quality check complete
Upstream of Connaught Water,The Ching,51.639917,0.026791,Essex,2025-02-28,,0.06,0.38,,,,,clear,clear,no,sunny,high,steady,,,Reviewed: quality check complete
Downstream of Connaught Water,The Ching,51.63776,0.025654,Essex,2025-02-28,,0.06,0.33,,,,,clear,clear,no,sunny,high,surging,,,Reviewed: quality check complete
Wadham Ave,The Ching,51.603672,-0.011865,Waltham Forest,2025-02-28,,0.56,0.44,,,,,,,,sunny,,,,,Reviewed: quality check complete
Hillyfields park,Turkey brook,51.66987,-0.088862,Enfield,2025-02-28,,0.4,0.05,,21.0,7.6,755.0,brown,cloudy,no,sunny,average,slow,,,Reviewed: quality check complete
Highams Park Lake,The Ching,51.613892,0.009555,Waltham Forest,2025-02-28,,0.54,0.2,,,6.6,520.0,brown,clear,no,cloudy,average,steady,other,,Reviewed: quality check complete
Whitehall Outfalls,The Ching,51.626392,0.019922,Redbridge,2025-02-28,,0.24,0.28,,,,,grey,cloudy,no,sunny,high,steady,,,Reviewed: quality check complete
Sainsbury's,The Ching,51.604505,-0.019121,Waltham Forest,2025-02-28,,0.56,0.09,,,,,,,,sunny,,,,,Reviewed: quality check complete
Newgate Street,The Ching,51.621835,0.016257,Waltham Forest,2025-02-28,,0.24,0.27,,,,,grey,cloudy,no,sunny,high,steady,,,Reviewed: quality check complete
D/S Whitehall Rd,The Ching,51.625457,0.019402,Redbridge,2025-02-28,,0.35,0.23,,,,,grey,cloudy,no,sunny,high,steady,,,Reviewed: quality check complete
The Charter Road (Gordon Avenue),The Ching,51.608856,0.009023,Waltham Forest,2025-02-28,,0.32,0.21,,,6.3,523.0,clear,clear,no,cloudy,average,steady,"residential, urban",,Reviewed: quality check complete
Grovelands Park Lake Entry,Salmons Brook/Houndsden Gutter/Grovelands Stream,51.630718,-0.116322,Enfield,2025-03-01,,1.4,1.74,,12.0,10.2,668.0,,,,sunny,,,,,Reviewed: quality check complete
Broomfield Wildlife Pond,Wildlife Pond,51.619643,-0.117763,Enfield,2025-03-01,,0.1,0.31,,16.0,,,clear,clear,no,sunny,average,still,,,Reviewed: quality check complete
Grovelands Park Stream below dam,Salmons Brook/Houndsden Gutter/Grovelands Stream,51.633371,-0.111863,Enfield,2025-03-01,,0.78,0.35,,12.0,8.2,487.0,,,,sunny,,,,,Reviewed: quality check complete
Friends Bridge,Lea (Old River Lea),51.561403,-0.037255,Hackney,2025-03-01,,1.27,0.83,,,10.5,876.0,,,,sunny,,,,,Reviewed: quality check complete
Channelsea River by Northern Outfall,Channelsea River,51.529767,0.0002,England,2025-03-01,,,0.02,,17.0,9.4,823.0,brown,,,sunny,high,slow,,"Rained 48-72 hrs before

Phosphate Low-range Hanna Checker failed",Reviewed: quality check complete
Channelsea River Gas Holders ,Channelsea River,51.526949,-0.003434,England,2025-03-01,,0.78,0.08,,14.0,9.4,804.0,brown,cloudy,,sunny,high,slow,,,Reviewed: quality check complete
Flood Relief Channel outflow,Old Lea,51.561278,-0.029612,Waltham Forest,2025-03-01,,0.34,0.07,,,9.6,75.9,,,,sunny,,,,,Reviewed: quality check complete
Grovelands Park Lake Outfall by cafe and dam,Salmons Brook/Houndsden Gutter/Grovelands Stream,51.632232,-0.112069,Enfield,2025-03-01,,0.46,0.51,,12.0,10.3,794.0,,,,sunny,,,,,Reviewed: quality check complete
Broomfield Middle Lake South Outlet,Broomfield Middle Lake,51.617608,-0.117846,Enfield,2025-03-01,,1.24,1.1,,15.5,,,brown,cloudy,no,sunny,high,still,,,Reviewed: quality check complete
The White House Bridge (Old River Lea),River Lea,51.55484,-0.025711,Hackney,2025-03-01,,1.17,0.13,,13.0,9.8,836.0,,,,"sunny, windy",,,,,Reviewed: quality check complete
Point 2,Old River Lea,51.558503,-0.024698,Waltham Forest,2025-03-01,,1.14,0.08,,13.0,10.0,818.0,,,,"sunny, windy",,,,,Reviewed: quality check complete
Broomfield Wetland SE Outlet,Broomfield Wetland,51.617373,-0.119515,Enfield,2025-03-01,,0.8,0.09,,14.0,,,clear,clear,no,sunny,average,still,,,Reviewed: quality check complete
Grovelands Park Lake Downstream of reedbeds,Salmons Brook/Houndsden Gutter/Grovelands Stream,51.630991,-0.115829,Enfield,2025-03-01,,0.62,0.43,,12.0,7.8,495.0,,,,sunny,,,,,Reviewed: quality check complete
Beech Hall Crescent CSO,River Ching,51.604332,0.000129,Waltham Forest,2025-03-03,,0.67,0.23,,,,,brown,clear,no,sunny,average,steady,urban,,Reviewed: quality check complete
Beech Hall,The Ching,51.604636,0.000755,Waltham Forest,2025-03-03,,0.77,0.29,,,,,brown,clear,no,sunny,average,steady,,,Reviewed: quality check complete
D/S Whitehall Rd,The Ching,51.625457,0.019402,Redbridge,2025-03-07,,0.67,0.48,,,,,clear,clear,no,sunny,average,steady,,,Reviewed: quality check complete
The Charter Road (Gordon Avenue),The Ching,51.608856,0.009023,Waltham Forest,2025-03-07,,0.91,0.34,,,9.5,700.0,clear,clear,no,cloudy,average,steady,"residential, urban",,Reviewed: quality check complete
Newgate Street,The Ching,51.621835,0.016257,Waltham Forest,2025-03-07,,0.69,0.74,,,,,clear,clear,no,sunny,average,steady,,,Reviewed: quality check complete
Whitehall Outfalls,The Ching,51.626392,0.019922,Redbridge,2025-03-07,,0.12,0.32,,,,,clear,clear,no,sunny,average,steady,,,Reviewed: quality check complete
Vincent Road,The Ching,51.606119,0.004489,Waltham Forest,2025-03-07,,0.89,0.28,,,,,clear,clear,no,,average,steady,,,Reviewed: quality check complete
Highams Park Lake,The Ching,51.613892,0.009555,Waltham Forest,2025-03-07,,0.82,0.37,,,9.7,686.0,clear,clear,no,cloudy,average,steady,other,,Reviewed: quality check complete
North Inlet,Moore's Brooķ,51.628245,-0.086723,England,2025-03-08,,1.59,1.79,,12.0,11.3,730.0,,,,sunny,,,,,Reviewed: quality check complete
South Inlet,Moore's Brook,51.627165,-0.087569,England,2025-03-08,,1.59,5.23,,12.0,,791.0,,,,"sunny, cloudy",,,,,Reviewed: quality check complete
Outlet,Moore's Brook,51.626611,-0.081703,England,2025-03-08,,1.42,0.06,,21.0,13.4,721.0,,,,sunny,,,,,Reviewed: quality check complete
Firs Farm south inlet and wetland cell (upstream),Pymmes Brook/Moore Brook/Firs Farm Wetland,51.627314,-0.088231,Enfield,2025-03-08,,1.59,5.23,,12.0,13.5,,,,,sunny,,,,,Reviewed: quality check complete
Upstream of Connaught Water,The Ching,51.639917,0.026791,Essex,2025-03-08,,0.57,0.38,,,,,clear,clear,no,sunny,average,steady,,,Reviewed: quality check complete
Downstream of Connaught Water,The Ching,51.63776,0.025654,Essex,2025-03-08,,0.08,0.28,,,,,clear,clear,no,sunny,high,surging,,,Reviewed: quality check complete
Bottom of Berms,Old Lea,51.560985,-0.034761,Waltham Forest,2025-03-08,,1.64,0.3,,,,,clear,clear,"yes, attached",sunny,average,steady,"residential, other",,Reviewed: quality check complete
Bottom of Berms,Old Lea,51.560985,-0.034761,Waltham Forest,2025-03-08,,1.57,0.29,,,,,clear,clear,"yes, attached",sunny,average,steady,residential,,Reviewed: quality check complete
Grovelands Park Lake Entry,Salmons Brook/Houndsden Gutter/Grovelands Stream,51.630718,-0.116322,Enfield,2025-03-09,,2.12,3.86,,12.0,12.3,721.0,,,,sunny,,,,,Reviewed: quality check complete
Grovelands Park Stream below dam,Salmons Brook/Houndsden Gutter/Grovelands Stream,51.633371,-0.111863,Enfield,2025-03-09,,0.52,0.15,,12.0,11.7,496.0,,,,sunny,,,,,Reviewed: quality check complete
Grovelands Park Lake Downstream of reedbeds,Salmons Brook/Houndsden Gutter/Grovelands Stream,51.630991,-0.115829,Enfield,2025-03-09,,0.58,0.37,,12.0,11.9,519.0,,,,sunny,,,,,Reviewed: quality check complete
Grovelands Park Lake Outfall by cafe and dam,Salmons Brook/Houndsden Gutter/Grovelands Stream,51.632232,-0.112069,Enfield,2025-03-09,,0.36,0.45,,12.0,12.1,792.0,,,,sunny,,,,,Reviewed: quality check complete
Whitehall Plain,The Ching,51.627561,0.020547,Waltham Forest,2025-03-09,,0.32,0.36,,,,,clear,clear,,sunny,average,steady,,,Reviewed: quality check complete
Footbridge near Rangers Road,Ching Brook,51.634055,0.025535,Essex,2025-03-09,,0.09,0.36,,,,,"clear, brown",clear,,sunny,average,steady,,,Reviewed: quality check complete
Beech Hall Crescent CSO,River Ching,51.604332,0.000129,Waltham Forest,2025-03-10,,1.04,0.23,,,,,brown,clear,no,cloudy,low,steady,,,Reviewed: quality check complete
Beech Hall,The Ching,51.604636,0.000755,Waltham Forest,2025-03-10,,1.08,0.42,,,,,brown,clear,no,cloudy,low,steady,,,Reviewed: quality check complete
Limehouse Cut East Shore (T21 Office),Limehouse Cut,51.523001,-0.008583,Tower Hamlets,2025-03-13,,0.87,0.02,,,,,,,,"sunny, rainy",,,,,Reviewed: quality check complete
Sainsbury's,The Ching,51.604505,-0.019121,Waltham Forest,2025-03-14,,1.75,0.02,,,,934.0,,,,cloudy,,,,,Reviewed: quality check complete
Whitehall Outfall 5a,River Ching,51.626279,0.019638,Redbridge,2025-03-14,,1.51,2.26,,,,,,,no,sunny,,steady,residential,,Reviewed: quality check complete
Vincent Road,The Ching,51.606119,0.004489,Waltham Forest,2025-03-14,,1.3,0.2,,,,782.0,clear,clear,no,sunny,average,steady,,,Reviewed: quality check complete
Whitehall Outfall 5b,River Ching,51.626279,0.019638,Redbridge,2025-03-14,,1.8,0.72,,,,,,,no,,,,residential,"Assisting Janet, my first observation",Reviewed: quality check complete
The Charter Road (Gordon Avenue),The Ching,51.608856,0.009023,Waltham Forest,2025-03-14,,1.05,0.5,,,6.9,822.0,clear,clear,no,cloudy,average,steady,"residential, urban",,Reviewed: quality check complete
Highams Park Lake,The Ching,51.613892,0.009555,Waltham Forest,2025-03-14,,1.12,0.54,,,7.6,776.0,clear,clear,no,cloudy,average,steady,other,,Reviewed: quality check complete
Sainsbury's,The Ching,51.604505,-0.019121,Waltham Forest,2025-03-14,,1.56,0.35,,,,,,,,"sunny, windy",,,,,Reviewed: quality check complete
Wadham Ave,The Ching,51.603672,-0.011865,Waltham Forest,2025-03-14,,0.71,0.21,,,,,,,,"sunny, windy",,,,,Reviewed: quality check complete
Whitehall Outfalls,The Ching,51.626392,0.019922,Redbridge,2025-03-15,,0.87,0.47,,,,,clear,clear,no,sunny,average,steady,,,Reviewed: quality check complete
D/S Whitehall Rd,The Ching,51.625457,0.019402,Redbridge,2025-03-15,,0.9,0.51,,,,,clear,clear,no,sunny,average,steady,,,Reviewed: quality check complete
Lordship Recreation Ground (Downstream),Moselle Brook,51.594777,-0.086985,Haringey,2025-03-15,,,1.36,,12.0,10.3,882.0,clear,clear,"yes, attached, not_sure",cloudy,average,steady,"residential, urban","The photographs show the type of attached algae that is always present in the Moselle Brook.  However, the colour of the attached algae has changed as the ammonia readings have gone down over the last few months from white to grey.   ",Reviewed: quality check complete
Newgate Street,The Ching,51.621835,0.016257,Waltham Forest,2025-03-15,,0.91,0.37,,,,,clear,clear,no,sunny,average,steady,,,Reviewed: quality check complete
Grovelands Park Lake Entry,Salmons Brook/Houndsden Gutter/Grovelands Stream,51.630718,-0.116322,Enfield,2025-03-16,,1.99,3.52,,12.0,10.8,721.0,,,,sunny,,,,,Reviewed: quality check complete
Grovelands Park Lake Downstream of reedbeds,Salmons Brook/Houndsden Gutter/Grovelands Stream,51.630991,-0.115829,Enfield,2025-03-16,,0.67,0.46,,12.0,8.0,553.0,,,,sunny,,,,,Reviewed: quality check complete
Grovelands Park Lake Outfall by cafe and dam,Salmons Brook/Houndsden Gutter/Grovelands Stream,51.632232,-0.112069,Enfield,2025-03-16,,0.75,0.16,,12.0,10.2,764.0,,,,sunny,,,,,Reviewed: quality check complete
Grovelands Park Stream below dam,Salmons Brook/Houndsden Gutter/Grovelands Stream,51.633371,-0.111863,Enfield,2025-03-16,,0.7,0.0,,12.0,9.2,510.0,,,,,,,,,Reviewed: quality check complete
Beech Hall Crescent CSO,River Ching,51.604332,0.000129,Waltham Forest,2025-03-18,,1.41,0.83,,,,,brown,clear,no,sunny,average,steady,,,Reviewed: quality check complete
Beech Hall,The Ching,51.604636,0.000755,Waltham Forest,2025-03-18,,1.58,0.67,,,,,clear,clear,no,sunny,average,steady,,,Reviewed: quality check complete
Upstream of Markfield Park (Stonebridge Brook) CSO ,River Lea,51.58119,-0.060253,Waltham Forest,2025-03-19,,1.98,0.24,,,,,brown,clear,no,sunny,average,steady,,,Reviewed: quality check complete
Oak Hill Park 2 (Downstream),Pymmes Brook,51.638422,-0.156959,Barnet,2025-03-20,,1.44,0.97,,12.0,11.7,858.0,,,,sunny,,,,"Stream appeared to be relatively clear.
Fairly low flow. No significant rainfalll for more than 7 days.",Reviewed: quality check complete
Downstream of Jack’s Lake,Pymmes Brook,51.656668,-0.164216,Barnet,2025-03-20,,0.18,0.14,,24.0,9.7,695.0,,,,sunny,,,,,Reviewed: quality check complete
Hatch Roundabout - Downstream,The Ching,51.618456,0.00869,Waltham Forest,2025-03-21,,1.59,0.85,,,,,clear,clear,no,sunny,low,steady,,,Reviewed: quality check complete
Vincent Road,The Ching,51.606119,0.004489,Waltham Forest,2025-03-21,,1.44,0.18,,,,851.0,clear,clear,no,sunny,average,slow,,,Reviewed: quality check complete
Highams Park Lake,The Ching,51.613892,0.009555,Waltham Forest,2025-03-21,,1.43,0.47,,,12.9,861.0,clear,clear,no,cloudy,average,steady,other,,Reviewed: quality check complete
Wadham Ave,The Ching,51.603672,-0.011865,Waltham Forest,2025-03-21,,1.32,0.08,,,,872.0,,,,cloudy,,,,,Reviewed: quality check complete
Hatch Roundabout - Upstream,The Ching,51.618979,0.008952,Waltham Forest,2025-03-21,,1.49,0.67,,,,,clear,clear,no,sunny,low,steady,,,Reviewed: quality check complete
The Charter Road (Gordon Avenue),The Ching,51.608856,0.009023,Waltham Forest,2025-03-21,,1.19,0.57,,,11.3,883.0,clear,clear,no,cloudy,average,steady,"residential, urban",,Reviewed: quality check complete
Whitehall Outfalls,The Ching,51.626392,0.019922,Redbridge,2025-03-21,,0.58,0.5,,,,,clear,clear,no,sunny,low,slow,,,Reviewed: quality check complete
D/S Whitehall Rd,The Ching,51.625457,0.019402,Redbridge,2025-03-21,,1.75,2.04,,,,,clear,clear,no,sunny,low,slow,,,Reviewed: quality check complete
Newgate Street,The Ching,51.621835,0.016257,Waltham Forest,2025-03-21,,1.66,1.69,,,,,clear,cloudy,no,sunny,low,slow,,,Reviewed: quality check complete
Waterfall Walk 2 (Downstream),Pymmes Brook,51.62178,-0.136051,Barnet,2025-03-22,,1.32,1.03,,,12.8,,clear,clear,,sunny,average,steady,urban,,Reviewed: quality check complete
Downstream of Connaught Water,The Ching,51.63776,0.025654,Essex,2025-03-22,,0.04,0.23,,,,,clear,clear,no,cloudy,average,steady,other,,Reviewed: quality check complete
Upstream of Connaught Water,The Ching,51.639917,0.026791,Essex,2025-03-22,,0.04,0.52,,,,,grey,clear,no,cloudy,average,steady,,,Reviewed: quality check complete
Arnos Park Growing Space (downstream),Pymmes Brook ,51.617646,-0.128978,Enfield,2025-03-22,,1.31,0.64,,,12.5,,clear,clear,,sunny,average,steady,urban,,Reviewed: quality check complete
Rectory Farm,Turkey Brook,51.671883,-0.105772,England,2025-03-22,,0.42,0.08,,,,1270.0,brown,,no,cloudy,average,still,,Sec hi tube 25,Reviewed: quality check complete
Turkey Street (Upstream),Turkey Brook,51.668694,-0.034631,Enfield,2025-03-23,,0.39,0.05,,,,915.0,,clear,no,cloudy,low,slow,,Sec hi tube 25,Reviewed: quality check complete
Grovelands Park Lake Downstream of reedbeds,Salmons Brook/Houndsden Gutter/Grovelands Stream,51.630991,-0.115829,Enfield,2025-03-23,,0.72,,,12.0,12.0,703.0,,,,cloudy,,,,,Reviewed: quality check complete
Folly Lane EA monitoring point,The Ching,51.60745,-0.030985,Waltham Forest,2025-03-23,,0.93,0.73,,,,,clear,clear,no,cloudy,low,steady,urban,,Reviewed: quality check complete
Whitehall Plain,The Ching,51.627561,0.020547,Waltham Forest,2025-03-23,,0.3,0.18,,,,,brown,clear,,cloudy,average,steady,,,Reviewed: quality check complete
Grovelands Park Lake Downstream of reedbeds,Salmons Brook/Houndsden Gutter/Grovelands Stream,51.630991,-0.115829,Enfield,2025-03-23,,0.5,0.12,,12.0,12.5,528.0,,,,cloudy,,,,,Reviewed: quality check complete
Grovelands Park Lake Entry,Salmons Brook/Houndsden Gutter/Grovelands Stream,51.630718,-0.116322,Enfield,2025-03-23,,0.72,8.71,,12.0,12.0,703.0,,,,cloudy,,,,,Reviewed: quality check complete
Grovelands Park Stream below dam,Salmons Brook/Houndsden Gutter/Grovelands Stream,51.633371,-0.111863,Enfield,2025-03-23,,0.39,0.04,,12.0,12.5,521.0,,,,cloudy,,,,,Reviewed: quality check complete
Footbridge near Rangers Road,Ching Brook,51.634055,0.025535,Essex,2025-03-23,,0.26,0.16,,,,,brown,clear,,cloudy,average,steady,,,Reviewed: quality check complete
Turkey Street (Downstream),Turkey Brook,51.667892,-0.031325,Enfield,2025-03-23,,0.26,0.02,,,,888.0,clear,clear,no,cloudy,low,slow,,Sec hi less than 12,Reviewed: quality check complete
Grovelands Park Lake Outfall by cafe and dam,Salmons Brook/Houndsden Gutter/Grovelands Stream,51.632232,-0.112069,Enfield,2025-03-23,,0.36,0.0,,12.0,11.6,753.0,,,,cloudy,,,,,Reviewed: quality check complete
Markfield Park (Stonebridge Brook) CSO,River Lea,51.58111,-0.060575,Haringey,2025-03-23,,1.12,0.34,,,,,brown,clear,no,cloudy,average,steady,,,Reviewed: quality check complete
Beech Hall,The Ching,51.604636,0.000755,Waltham Forest,2025-03-25,,1.63,0.25,,,,,brown,clear,no,"cloudy, rainy",low,steady,,,Reviewed: quality check complete
Beech Hall Crescent CSO,River Ching,51.604332,0.000129,Waltham Forest,2025-03-25,,1.78,0.37,,,,,brown,clear,no,"cloudy, rainy",low,steady,urban,,Reviewed: quality check complete
Newgate Street,The Ching,51.621835,0.016257,Waltham Forest,2025-03-26,,1.52,0.94,,,,,clear,clear,no,sunny,low,slow,,,Reviewed: quality check complete
Whitehall Outfalls,The Ching,51.626392,0.019922,Redbridge,2025-03-26,,1.03,0.59,,,,,clear,clear,no,sunny,low,slow,,,Reviewed: quality check complete
Eversley Crescent Outfall (Downstream),Salmons Brook/Houndsden Gutter,51.639676,-0.107511,Enfield,2025-03-26,,1.5,2.08,,,,,,,,cloudy,,,,No sewage fungus,Reviewed: quality check complete
D/S Whitehall Rd,The Ching,51.625457,0.019402,Redbridge,2025-03-26,,1.25,1.34,,,,,clear,clear,no,sunny,low,slow,,,Reviewed: quality check complete
Hillyfields park,Turkey brook,51.66987,-0.088862,Enfield,2025-03-27,,2.12,0.0,,,10.2,1030.0,clear,clear,no,cloudy,average,slow,,,Reviewed: quality check complete
Tottenham Cemetery,Moselle Brook,51.604345,-0.074322,Haringey,2025-03-27,,,2.88,,12.0,11.1,857.0,clear,clear,no,cloudy,average,steady,"residential, urban","These tests were carried out using the Moderate range Hanna testers, rather than the previous Low range testers",Reviewed: quality check complete
Vincent Road,The Ching,51.606119,0.004489,Waltham Forest,2025-03-27,,1.71,0.09,,,14.9,878.0,clear,clear,no,sunny,average,slow,,,Reviewed: quality check complete
Sainsbury's,The Ching,51.604505,-0.019121,Waltham Forest,2025-03-28,,1.9,0.18,,,,,,,,"cloudy, rainy",,,,,Reviewed: quality check complete
Whitehall Outfall 5b,River Ching,51.626279,0.019638,Redbridge,2025-03-28,,2.5,3.18,,,,,clear,clear,no,,low,slow,residential,,Reviewed: quality check complete
Highams Park Lake,The Ching,51.613892,0.009555,Waltham Forest,2025-03-28,,1.68,0.23,,,11.6,924.0,clear,clear,no,sunny,average,steady,other,,Reviewed: quality check complete
Upstream of Connaught Water,The Ching,51.639917,0.026791,Essex,2025-03-28,,,,,,,,,,,,,,,,Reviewed: quality check complete
The Charter Road (Gordon Avenue),The Ching,51.608856,0.009023,Waltham Forest,2025-03-28,,1.62,0.52,,,11.8,933.0,,clear,,sunny,average,steady,"residential, urban",,Reviewed: quality check complete
Upstream of Connaught Water,The Ching,51.639917,0.026791,Essex,2025-03-28,,0.06,0.47,,,,,brown,cloudy,no,sunny,low,slow,,,Reviewed: quality check complete
Wadham Ave,The Ching,51.603672,-0.011865,Waltham Forest,2025-03-28,,1.51,0.08,,,,,,,,"cloudy, rainy",,,,,Reviewed: quality check complete
Folly Lane EA monitoring point,The Ching,51.60745,-0.030985,Waltham Forest,2025-03-28,,2.5,1.84,,,,948.0,brown,cloudy,no,"sunny, cloudy",low,steady,urban,,Reviewed: quality check complete
Downstream of Connaught Water,The Ching,51.63776,0.025654,Essex,2025-03-28,,0.16,0.23,,,,,clear,clear,no,sunny,average,steady,,,Reviewed: quality check complete
Whitehall Outfall 5a,River Ching,51.626279,0.019638,Redbridge,2025-03-29,,2.5,3.82,,,,,,,no,sunny,,steady,residential,,Reviewed: quality check complete
Beech Hall,The Ching,51.604636,0.000755,Waltham Forest,2025-03-30,,1.82,0.29,,,,,brown,clear,no,sunny,low,steady,,,Reviewed: quality check complete
Beech Hall Crescent CSO,River Ching,51.604332,0.000129,Waltham Forest,2025-03-30,,1.84,0.42,,,,,brown,clear,no,sunny,low,steady,urban,,Reviewed: quality check complete
Hatch Roundabout - Upstream,The Ching,51.618979,0.008952,Waltham Forest,2025-03-31,,1.2,0.32,,,,,clear,clear,no,sunny,low,steady,,,Reviewed: quality check complete
Dagenham Brook D/S,Dagenham Brook ,51.564646,-0.023369,Waltham Forest,2025-03-31,,2.5,0.94,,,18.8,765.0,clear,clear,no,sunny,average,steady,industrial,,Reviewed: quality check complete
Downstream of Leyton Jubilee Park's double outfall (what3words: ///curving.cups.brings),Dagenham Brook,51.562256,-0.022184,Waltham Forest,2025-03-31,,2.5,5.93,,,18.8,600.0,clear,clear,no,sunny,average,steady,industrial,,Reviewed: quality check complete
Dagenham Brook U/S,Dagenham Brook ,51.564859,-0.023691,Waltham Forest,2025-03-31,,2.26,0.51,,,18.8,793.0,clear,clear,no,sunny,average,steady,industrial,,Reviewed: quality check complete
Hatch Roundabout - Downstream,The Ching,51.618456,0.00869,Waltham Forest,2025-03-31,,1.81,0.73,,,,,clear,clear,no,sunny,low,steady,"residential, urban",,Reviewed: quality check complete
Upstream of Leyton Jubilee Park's double outfall (what3words: ///curving.cups.brings),Dagenham Brook,51.562406,-0.022567,Waltham Forest,2025-03-31,,2.38,0.92,,,18.8,811.0,clear,clear,no,sunny,average,steady,industrial,,Reviewed: quality check complete
Whitehall Plain,The Ching,51.627561,0.020547,Waltham Forest,2025-04-02,,0.37,0.25,,,,,brown,clear,,sunny,average,steady,,,Reviewed: quality check complete
Footbridge near Rangers Road,Ching Brook,51.634055,0.025535,Essex,2025-04-02,,0.33,0.26,,,,,brown,clear,,sunny,average,slow,,,Reviewed: quality check complete
Flood Relief Channel outflow,Old Lea,51.561278,-0.029612,Waltham Forest,2025-04-02,,0.39,0.07,,,14.8,810.0,,clear,,sunny,low,steady,,,Reviewed: quality check complete
Friends Bridge,Lea (Old River Lea),51.561403,-0.037255,Hackney,2025-04-02,,1.59,0.26,,,14.8,990.0,,clear,,sunny,average,steady,industrial,,Reviewed: quality check complete
Upstream of Connaught Water,The Ching,51.639917,0.026791,Essex,2025-04-04,,0.0,0.0,,,,,"brown, grey",opaque,no,sunny,low,still,,"Inlet had dried up, no running water",Reviewed: quality check complete
Whitehall Outfall 5a,River Ching,51.626279,0.019638,Redbridge,2025-04-04,,2.5,4.21,,,,,clear,clear,no,sunny,low,slow,residential,"Phosphate result was flashing
Aerosol sitting in the river",Reviewed: quality check complete
The Charter Road (Gordon Avenue),The Ching,51.608856,0.009023,Waltham Forest,2025-04-04,,1.57,0.2,,,11.9,947.0,clear,clear,no,sunny,low,slow,"residential, urban",,Reviewed: quality check complete
Folly Lane EA monitoring point,The Ching,51.60745,-0.030985,Waltham Forest,2025-04-04,,2.5,1.21,,,,946.0,clear,clear,no,"sunny, cloudy",low,steady,urban,,Reviewed: quality check complete
Downstream of Connaught Water,The Ching,51.63776,0.025654,Essex,2025-04-04,,0.0,0.0,,,,,,opaque,no,sunny,low,still,,"The water level was very low, no flow from the lake, sampling not possible.",Reviewed: quality check complete
Whitehall Outfall 5b,River Ching,51.626279,0.019638,Redbridge,2025-04-04,,2.44,3.9,,,,,clear,clear,no,,low,slow,residential,Aerosol can lying in the river channel,Reviewed: quality check complete
Downstream of Connaught Water,The Ching,51.63776,0.025654,Essex,2025-04-04,,0.21,0.21,,,,,grey,clear,no,sunny,low,slow,,,Reviewed: quality check complete
Highams Park Lake,The Ching,51.613892,0.009555,Waltham Forest,2025-04-04,,1.73,0.29,,,11.8,927.0,clear,clear,no,sunny,low,slow,"residential, urban",,Reviewed: quality check complete
Firs Farm Wetlands - Outlet,Moore Brook   ,51.626772,-0.081578,Enfield,2025-04-05,,,,,,,,,,,,,,,,Reviewed: quality check complete
Outlet,Moore's Brook,51.626611,-0.081703,England,2025-04-05,,2.18,0.33,,24.0,18.4,731.0,,,,sunny,,,,,Reviewed: quality check complete
Point 2,Old River Lea,51.558503,-0.024698,Waltham Forest,2025-04-05,,1.1899999999999995,0.17,,12.0,,,,,,"sunny, windy",,,,"Water is very low, moving steadily. Turbidity was less than 12.",Reviewed: quality check complete
Channelsea River Gas Holders ,Channelsea River,51.526949,-0.003434,England,2025-04-05,,1.05,0.03,,14.0,14.3,916.0,brown,cloudy,,sunny,high,slow,,Turbidity= Less than 14,Reviewed: quality check complete
South Inlet,Moore's Brook,51.627165,-0.087569,England,2025-04-05,,2.5,4.19,,12.0,,832.0,,,,sunny,,,,,Reviewed: quality check complete
Channelsea River by Northern Outfall,Channelsea River,51.529767,0.0002,England,2025-04-05,,1.05,0.05,,14.0,13.9,947.0,brown,cloudy,,sunny,high,slow,,"Rained more than 72 hrs ago

Water surface also had natural debris
Turbidity = Less than 14",Reviewed: quality check complete
Beech Hall,The Ching,51.604636,0.000755,Waltham Forest,2025-04-06,,1.94,0.1,,,,,brown,clear,no,sunny,low,steady,,,Reviewed: quality check complete
Vincent Road,The Ching,51.606119,0.004489,Waltham Forest,2025-04-06,,1.76,0.1,,,12.5,927.0,clear,,no,sunny,average,slow,,,Reviewed: quality check complete
Beech Hall Crescent CSO,River Ching,51.604332,0.000129,Waltham Forest,2025-04-06,,2.0,0.11,,,,,brown,clear,no,sunny,low,steady,urban,,Reviewed: quality check complete
Hatch Roundabout - Upstream,The Ching,51.618979,0.008952,Waltham Forest,2025-04-09,,1.69,0.11,,,,,clear,clear,no,cloudy,low,slow,,Nearby Thames Water works completed (not sure if related),Reviewed: quality check complete
Hatch Roundabout - Downstream,The Ching,51.618456,0.00869,Waltham Forest,2025-04-09,,2.06,0.86,,,,,clear,clear,no,cloudy,low,slow,,,Reviewed: quality check complete
Vincent Road,The Ching,51.606119,0.004489,Waltham Forest,2025-04-10,,1.95,0.03,,,13.5,928.0,clear,,no,cloudy,average,slow,,,Reviewed: quality check complete
Wadham Ave,The Ching,51.603672,-0.011865,Waltham Forest,2025-04-11,,1.83,0.09,,,,,,,,"cloudy, sunny",,,,,Reviewed: quality check complete
Whitehall Outfall 5b,River Ching,51.626279,0.019638,Redbridge,2025-04-11,,2.5,5.09,,,,,,,no,sunny,low,,residential,Steady flow from outlet and the phosphate reading was 2.50ppm flashing,Reviewed: quality check complete
Whitehall Outfall 5a,River Ching,51.626279,0.019638,Redbridge,2025-04-11,,2.5,3.58,,,,,,,no,sunny,,,residential,Flow from outlet was low but stronger than last week. Phosphate reading was 2.50ppm flashing.,Reviewed: quality check complete
Folly Lane EA monitoring point,The Ching,51.60745,-0.030985,Waltham Forest,2025-04-11,,2.5,1.81,,,,974.0,clear,clear,no,"sunny, cloudy",low,steady,urban,phosphates ppm 2.50 flashing so >2.50,Reviewed: quality check complete
Sainsbury's,The Ching,51.604505,-0.019121,Waltham Forest,2025-04-11,,2.33,0.13,,,,,,,,"cloudy, sunny",,,,,Reviewed: quality check complete
Newgate Street,The Ching,51.621835,0.016257,Waltham Forest,2025-04-12,,2.36,0.83,,,,,clear,clear,no,sunny,low,slow,,Narrow channel,Reviewed: quality check complete
Top of Berms,Old Lea,51.561327,-0.035427,Waltham Forest,2025-04-12,,1.47,0.23,,,,,clear,clear,"yes, attached",sunny,average,steady,residential,,Reviewed: quality check complete
Bottom of Berms,Old Lea,51.560985,-0.034761,Waltham Forest,2025-04-12,,1.69,0.09,,,,,clear,clear,"yes, attached",sunny,average,steady,residential,,Reviewed: quality check complete
Whitehall Outfalls,The Ching,51.626392,0.019922,Redbridge,2025-04-12,,2.5,4.97,,,,,clear,clear,no,sunny,low,slow,,"Most water coming from outfalls.
Last significant rainfall 26 Feb (nw3weather.co.uk)",Reviewed: quality check complete
D/S Whitehall Rd,The Ching,51.625457,0.019402,Redbridge,2025-04-12,,2.5,0.92,,,,,clear,clear,no,sunny,low,slow,,,Reviewed: quality check complete
Footbridge near Rangers Road,Ching Brook,51.634055,0.025535,Essex,2025-04-13,,0.23,0.27,,,,,brown,clear,,sunny,low,slow,,,Reviewed: quality check complete
Grovelands Park Lake Outfall by cafe and dam,Salmons Brook/Houndsden Gutter/Grovelands Stream,51.632232,-0.112069,Enfield,2025-04-13,,0.39,0.0,,12.0,12.5,721.0,,,,sunny,,,,,Reviewed: quality check complete
Grovelands Park Lake Downstream of reedbeds,Salmons Brook/Houndsden Gutter/Grovelands Stream,51.630991,-0.115829,Enfield,2025-04-13,,0.65,0.35,,12.0,15.7,581.0,,,,sunny,,,,,Reviewed: quality check complete
Grovelands Park Stream below dam,Salmons Brook/Houndsden Gutter/Grovelands Stream,51.633371,-0.111863,Enfield,2025-04-13,,0.75,0.0,,12.0,14.6,559.0,,,,sunny,,,,,Reviewed: quality check complete
Beech Hall,The Ching,51.604636,0.000755,Waltham Forest,2025-04-13,,2.15,0.15,,,,,clear,clear,no,cloudy,low,steady,,,Reviewed: quality check complete
Whitehall Plain,The Ching,51.627561,0.020547,Waltham Forest,2025-04-13,,,0.3,,,,,brown,clear,no,sunny,low,slow,,,Reviewed: quality check complete
Beech Hall Crescent CSO,River Ching,51.604332,0.000129,Waltham Forest,2025-04-13,,2.04,0.06,,,,,clear,clear,no,cloudy,low,steady,urban,,Reviewed: quality check complete
Grovelands Park Lake Entry,Salmons Brook/Houndsden Gutter/Grovelands Stream,51.630718,-0.116322,Enfield,2025-04-13,,2.5,3.59,,12.0,13.1,773.0,,,,sunny,,,,,Reviewed: quality check complete
Vincent Road,The Ching,51.606119,0.004489,Waltham Forest,2025-04-18,,1.42,0.1,,,14.3,877.0,clear,,no,sunny,average,slow,,,Reviewed: quality check complete
Turkey Street (Downstream),Turkey Brook,51.667892,-0.031325,Enfield,2025-04-18,,0.7,0.1,,,,1010.0,clear,clear,no,sunny,low,slow,,Tube greater than 12,Reviewed: quality check complete
Whitehall Outfalls,The Ching,51.626392,0.019922,Redbridge,2025-04-18,,1.49,1.18,,,,,clear,clear,no,"sunny, cloudy",low,steady,,,Reviewed: quality check complete
Whitehall Outfall 5a,River Ching,51.626279,0.019638,Redbridge,2025-04-18,,2.5,2.09,,,,,clear,,no,cloudy,low,slow,residential,The phosphate reading was 2.50ppm flashing,Reviewed: quality check complete
Wadham Ave,The Ching,51.603672,-0.011865,Waltham Forest,2025-04-18,,1.15,0.0,,,,,,,,"cloudy, windy, sunny",,,,,Reviewed: quality check complete
Sainsbury's,The Ching,51.604505,-0.019121,Waltham Forest,2025-04-18,,1.76,0.09,,,,,,,,"sunny, windy, cloudy",,,,,Reviewed: quality check complete
The Charter Road (Gordon Avenue),The Ching,51.608856,0.009023,Waltham Forest,2025-04-18,,1.33,0.06,,,11.4,902.0,clear,clear,no,sunny,average,steady,"residential, urban",,Reviewed: quality check complete
Whitehall Plain,The Ching,51.627561,0.020547,Waltham Forest,2025-04-18,,0.35,0.28,,,,,clear,clear,,"sunny, cloudy, windy",average,steady,,,Reviewed: quality check complete
Highams Park Lake,The Ching,51.613892,0.009555,Waltham Forest,2025-04-18,,2.4,0.29,,,11.4,894.0,clear,clear,no,sunny,average,steady,"residential, urban",Crow drinking at the site just before sampling!,Reviewed: quality check complete
Newgate Street,The Ching,51.621835,0.016257,Waltham Forest,2025-04-18,,1.07,0.29,,,,,clear,clear,no,"sunny, cloudy",low,steady,,,Reviewed: quality check complete
Turkey Street (Upstream),Turkey Brook,51.668694,-0.034631,Enfield,2025-04-18,,0.69,0.1,,,,1020.0,brown,clear,no,sunny,average,slow,,Tube greater than 12,Reviewed: quality check complete
Footbridge near Rangers Road,Ching Brook,51.634055,0.025535,Essex,2025-04-18,,0.26,0.27,,,,,clear,clear,,"sunny, cloudy, windy",average,steady,,,Reviewed: quality check complete
D/S Whitehall Rd,The Ching,51.625457,0.019402,Redbridge,2025-04-18,,1.5,0.85,,,,,clear,clear,no,"sunny, cloudy",low,steady,,,Reviewed: quality check complete
Whitehall Outfall 5b,River Ching,51.626279,0.019638,Redbridge,2025-04-18,,2.0,2.07,,,,,clear,,no,cloudy,average,steady,residential,,Reviewed: quality check complete
Beech Hall Crescent CSO,River Ching,51.604332,0.000129,Waltham Forest,2025-04-19,,1.98,0.4,,,,,brown,clear,no,sunny,low,steady,urban,,Reviewed: quality check complete
Beech Hall,The Ching,51.604636,0.000755,Waltham Forest,2025-04-19,,1.89,0.0,,,,,brown,clear,no,sunny,low,steady,,,Reviewed: quality check complete
Folly Lane EA monitoring point,The Ching,51.60745,-0.030985,Waltham Forest,2025-04-19,,2.15,0.93,,,,,clear,clear,no,"sunny, cloudy",low,steady,urban,,Reviewed: quality check complete
Grovelands Park Lake Downstream of reedbeds,Salmons Brook/Houndsden Gutter/Grovelands Stream,51.630991,-0.115829,Enfield,2025-04-21,,0.66,0.28,,12.0,15.4,561.0,,,,cloudy,,,,,Reviewed: quality check complete
Upstream of Connaught Water,The Ching,51.639917,0.026791,Essex,2025-04-21,,0.09,0.37,,,,,,cloudy,no,cloudy,low,slow,,"Water level was very low, almost not flow. This may have affected the sample",Reviewed: quality check complete
Grovelands Park Stream below dam,Salmons Brook/Houndsden Gutter/Grovelands Stream,51.633371,-0.111863,Enfield,2025-04-21,,0.91,0.09,,12.0,14.5,558.0,,,,cloudy,,,,,Reviewed: quality check complete
Grovelands Park Lake Entry,Salmons Brook/Houndsden Gutter/Grovelands Stream,51.630718,-0.116322,Enfield,2025-04-21,,2.1,2.57,,12.0,14.2,687.0,,,,cloudy,,,,,Reviewed: quality check complete
Grovelands Park Lake Outfall by cafe and dam,Salmons Brook/Houndsden Gutter/Grovelands Stream,51.632232,-0.112069,Enfield,2025-04-21,,0.52,0.0,,12.0,13.2,706.0,,,,cloudy,,,,,Reviewed: quality check complete
Downstream of Connaught Water,The Ching,51.63776,0.025654,Essex,2025-04-21,,0.33,0.02,,,,,grey,cloudy,no,cloudy,low,slow,,"Water was very low, this may have affected the sample",Reviewed: quality check complete
Arnos Park Growing Space (upstream),Pymmes Brook ,51.617697,-0.129111,Enfield,2025-04-22,,2.06,1.52,7.49,14.0,13.5,969.0,clear,clear,,sunny,average,steady,urban,,Reviewed: quality check complete
Arnos Park Growing Space (downstream),Pymmes Brook ,51.617646,-0.128978,Enfield,2025-04-22,,2.08,1.49,7.34,14.0,13.3,963.0,clear,clear,,sunny,average,steady,urban,,Reviewed: quality check complete
Waterfall Walk 1 (Upstream),Pymmes Brook,51.622216,-0.13638,Barnet,2025-04-22,,1.81,0.57,9.18,14.0,13.5,944.0,clear,clear,,sunny,,steady,urban,,Reviewed: quality check complete
Rectory Farm,Turkey Brook,51.671883,-0.105772,England,2025-04-22,,0.48,0.11,,,,1320.0,grey,clear,,sunny,average,still,,Tube greater than 12,Reviewed: quality check complete
Waterfall Walk 2 (Downstream),Pymmes Brook,51.62178,-0.136051,Barnet,2025-04-22,,1.95,1.16,8.74,14.0,13.5,961.0,clear,clear,,sunny,average,steady,urban,"Just upstream of this location, several square metres of white foam were held back just below the outfall by a boom across the river.",Reviewed: quality check complete
Tottenham Cemetery,Moselle Brook,51.604345,-0.074322,Haringey,2025-04-24,,,0.93,,12.0,12.7,845.0,clear,clear,no,sunny,average,steady,"residential, urban",,Reviewed: quality check complete
Lordship Recreation Ground (Downstream),Moselle Brook,51.594777,-0.086985,Haringey,2025-04-24,,,2.56,,,,,grey,cloudy,"yes, attached",sunny,average,steady,"residential, urban",,Reviewed: quality check complete
Whitehall Outfall 5a,River Ching,51.626279,0.019638,Redbridge,2025-04-25,,2.5,2.08,,,,,,clear,no,cloudy,,steady,residential,"Water flowing faster out of this outlet today, obtaining a sample is still a little difficult.
The Phosphate level was NOT flashing this week.",Reviewed: quality check complete
Broomfield Middle Lake South Outlet,Broomfield Middle Lake,51.617608,-0.117846,Enfield,2025-04-25,,2.5,5.13,,12.0,18.9,583.0,brown,opaque,,sunny,average,still,,,Reviewed: quality check complete
Broomfield Upper Lake South Outlet,Broomfield Upper Lake,51.617937,-0.117409,Enfield,2025-04-25,,1.1,4.18,,12.5,17.4,580.0,clear,clear,,sunny,average,slow,,,Reviewed: quality check complete
Conway Rd Rec Pond,Wildlife Pond,51.623399,-0.119172,England,2025-04-25,,0.03,0.02,,43.0,18.0,543.0,clear,clear,no,sunny,average,still,,,Reviewed: quality check complete
Broomfield Lower Lake SE Outlet,Broomfield Lower Lake ,51.61692,-0.118504,Enfield,2025-04-25,,2.5,2.52,,12.0,18.1,695.0,clear,cloudy,no,sunny,average,slow,,,Reviewed: quality check complete
Broomfield Wildlife Pond,Wildlife Pond,51.619643,-0.117763,Enfield,2025-04-25,,0.09,0.77,,25.0,18.02,705.0,clear,clear,no,sunny,average,slow,,,Reviewed: quality check complete
Sainsbury's,The Ching,51.604505,-0.019121,Waltham Forest,2025-04-25,,1.22,0.09,,,,,,,,sunny,,,,,Reviewed: quality check complete
Wadham Ave,The Ching,51.603672,-0.011865,Waltham Forest,2025-04-25,,1.0700000000000005,0.17,,,,,,,,sunny,,,,,Reviewed: quality check complete
Upstream of Connaught Water,The Ching,51.639917,0.026791,Essex,2025-04-25,,,,,,,,brown,cloudy,no,sunny,low,still,,Water level was too low to take sample,Reviewed: quality check complete
Broomfield Wetland SE Outlet,Broomfield Wetland,51.617373,-0.119515,Enfield,2025-04-25,,2.3,0.24,,12.0,16.4,732.0,clear,clear,no,sunny,average,still,,,Reviewed: quality check complete
Highams Park Lake,The Ching,51.613892,0.009555,Waltham Forest,2025-04-25,,1.12,0.14,,,11.0,731.0,clear,clear,no,sunny,average,steady,other,,Reviewed: quality check complete
The Charter Road (Gordon Avenue),The Ching,51.608856,0.009023,Waltham Forest,2025-04-25,,0.99,0.14,,,10.9,806.0,clear,clear,no,sunny,average,steady,"residential, urban",,Reviewed: quality check complete
Whitehall Outfall 5b,River Ching,51.626279,0.019638,Redbridge,2025-04-25,,1.39,1.73,,,,,other,cloudy,no,cloudy,,steady,residential,Water from this outlet was cloudier than previous tests.,Reviewed: quality check complete
Folly Lane EA monitoring point,The Ching,51.60745,-0.030985,Waltham Forest,2025-04-25,,1.71,1.17,,,,868.0,clear,clear,no,"sunny, cloudy",low,steady,urban,,Reviewed: quality check complete
Vincent Road,The Ching,51.606119,0.004489,Waltham Forest,2025-04-25,,1.2,0.12,,,14.6,815.0,clear,,no,cloudy,low,,,,Reviewed: quality check complete
Beech Hall,The Ching,51.604636,0.000755,Waltham Forest,2025-04-26,,1.48,0.08,,,,,brown,clear,no,sunny,low,steady,,,Reviewed: quality check complete
Whitehall Outfalls,The Ching,51.626392,0.019922,Redbridge,2025-04-26,,0.6,0.04,,,,,brown,cloudy,no,sunny,low,steady,,"Sediment discharge from large outlet 5a
Poor mixing of 3 in flows",Reviewed: quality check complete
Footbridge near Rangers Road,Ching Brook,51.634055,0.025535,Essex,2025-04-26,,0.23,0.25,,,,,clear,clear,,"sunny, cloudy",average,steady,other,Tested alongside Earthwatch Europe Great UK WaterBlitz,Reviewed: quality check complete
Upstream of Markfield Park (Stonebridge Brook) CSO ,River Lea,51.58119,-0.060253,Waltham Forest,2025-04-26,,1.51,0.2,,,,,brown,clear,,cloudy,average,slow,,,Reviewed: quality check complete
Newgate Street,The Ching,51.621835,0.016257,Waltham Forest,2025-04-26,,1.03,0.15,,,,,clear,clear,no,sunny,low,steady,,,Reviewed: quality check complete
D/S Whitehall Rd,The Ching,51.625457,0.019402,Redbridge,2025-04-26,,1.06,0.24,,,,,clear,clear,no,sunny,low,steady,,,Reviewed: quality check complete
Whitehall Plain,The Ching,51.627561,0.020547,Waltham Forest,2025-04-26,,0.29,0.21,,,,,clear,clear,,"sunny, cloudy",average,steady,,Tested alongside Earthwatch Europe Great UK WaterBlitz,Reviewed: quality check complete
Markfield Park (Stonebridge Brook) CSO,River Lea,51.58111,-0.060575,Haringey,2025-04-26,,1.7,0.2,,,,,brown,clear,,cloudy,average,slow,,,Reviewed: quality check complete
Beech Hall Crescent CSO,River Ching,51.604332,0.000129,Waltham Forest,2025-04-26,,1.64,0.16,,,,,brown,clear,no,sunny,low,steady,,,Reviewed: quality check complete
Eversley Crescent Outfall (Downstream),Salmons Brook/Houndsden Gutter,51.639676,-0.107511,Enfield,2025-04-27,,2.5,3.17,,,,,,,,cloudy,,,,A slight film of oil on the surface of the water No sewage fungus,Reviewed: quality check complete
Dagenham Brook U/S,Dagenham Brook ,51.564859,-0.023691,Waltham Forest,2025-04-29,,1.8,0.38,,,,,clear,clear,no,sunny,average,steady,"industrial, residential, urban",,Reviewed: quality check complete
Dagenham Brook D/S,Dagenham Brook ,51.564646,-0.023369,Waltham Forest,2025-04-29,,1.82,1.08,,,,,clear,clear,no,sunny,average,steady,"industrial, residential, urban",,Reviewed: quality check complete
Dagenham Brook Bridge Rd D/S,Dagenham Brook ,51.570977,-0.029842,Waltham Forest,2025-04-29,,2.16,0.43,,,,,clear,clear,no,sunny,average,steady,,,Reviewed: quality check complete
Dagenham Brook Bridge Rd U/S,Dagenham Brook ,51.571262,-0.030595,Waltham Forest,2025-04-29,,2.08,1.56,,,,,clear,clear,no,sunny,average,slow,"urban, other",,Reviewed: quality check complete
Upstream of Leyton Jubilee Park's double outfall (what3words: ///curving.cups.brings),Dagenham Brook,51.562406,-0.022567,Waltham Forest,2025-04-29,,2.08,1.46,,,,,clear,clear,no,sunny,average,steady,"industrial, residential, urban",,Reviewed: quality check complete
Downstream of Connaught Water,The Ching,51.63776,0.025654,Essex,2025-04-29,,,0.31,,,,,clear,clear,no,sunny,low,steady,,"I lost the note with the phosphate level, but it was low.",Reviewed: quality check complete
Downstream of Leyton Jubilee Park's double outfall (what3words: ///curving.cups.brings),Dagenham Brook,51.562256,-0.022184,Waltham Forest,2025-04-29,,2.17,5.5,,,,,other,clear,"yes, cyanobacteria",sunny,average,steady,"industrial, residential, urban",,Reviewed: quality check complete
Vincent Road,The Ching,51.606119,0.004489,Waltham Forest,2025-05-01,,2.09,0.11,,,18.3,931.0,clear,,no,sunny,average,slow,,,Reviewed: quality check complete
Flood Relief Channel outflow,Old Lea,51.561278,-0.029612,Waltham Forest,2025-05-01,,0.33,0.13,,,22.7,740.0,clear,clear,,sunny,low,steady,,,Reviewed: quality check complete
Downstream of Jack’s Lake,Pymmes Brook,51.656668,-0.164216,Barnet,2025-05-01,,0.25,0.19,,23.0,14.6,763.0,,,,sunny,,,,Brook running very low. No appreciable rainfall for over a week. ,Reviewed: quality check complete
Friends Bridge,Lea (Old River Lea),51.561403,-0.037255,Hackney,2025-05-01,,1.48,0.19,,,21.6,980.0,,clear,,sunny,average,steady,,,Reviewed: quality check complete
Wadham Ave,The Ching,51.603672,-0.011865,Waltham Forest,2025-05-02,,1.35,0.09,,,,,,,,sunny,,,,,Reviewed: quality check complete
Whitehall Outfall 5b,River Ching,51.626279,0.019638,Redbridge,2025-05-02,,2.5,3.75,,,,,clear,,no,sunny,average,steady,residential,Phosphates result was flashing,Reviewed: quality check complete
Grovelands Park Lake Outfall by cafe and dam,Salmons Brook/Houndsden Gutter/Grovelands Stream,51.632232,-0.112069,Enfield,2025-05-02,,0.41,0.03,,12.0,14.9,722.0,,,,sunny,,,,,Reviewed: quality check complete
Sainsbury's,The Ching,51.604505,-0.019121,Waltham Forest,2025-05-02,,1.35,0.1,,,,,,,,sunny,,,,,Reviewed: quality check complete
Whitehall Outfall 5a,River Ching,51.626279,0.019638,Redbridge,2025-05-02,,2.5,5.32,,,,,clear,,"yes, not_sure",sunny,low,steady,residential,"Phosphates result was flashing.
Algae present, as it has been for the last few weeks - sorry for this omission - don't know what kind.",Reviewed: quality check complete
Grovelands Park Lake Entry,Salmons Brook/Houndsden Gutter/Grovelands Stream,51.630718,-0.116322,Enfield,2025-05-02,,2.5,2.48,,12.0,16.5,710.0,,,,sunny,,,,,Reviewed: quality check complete
Grovelands Park Lake Downstream of reedbeds,Salmons Brook/Houndsden Gutter/Grovelands Stream,51.630991,-0.115829,Enfield,2025-05-02,,0.76,0.53,,12.0,20.0,552.0,,,,sunny,,,,,Reviewed: quality check complete
Grovelands Park Stream below dam,Salmons Brook/Houndsden Gutter/Grovelands Stream,51.633371,-0.111863,Enfield,2025-05-02,,0.8,0.0,,12.0,18.8,547.0,,,,sunny,,,,,Reviewed: quality check complete
The Charter Road (Gordon Avenue),The Ching,51.608856,0.009023,Waltham Forest,2025-05-02,,2.29,0.24,,,15.5,985.0,clear,clear,no,sunny,average,steady,"residential, urban",,Reviewed: quality check complete
Highams Park Lake,The Ching,51.613892,0.009555,Waltham Forest,2025-05-02,,2.28,0.35,,,15.4,979.0,clear,clear,no,sunny,average,steady,other,,Reviewed: quality check complete
Folly Lane EA monitoring point,The Ching,51.60745,-0.030985,Waltham Forest,2025-05-03,,2.5,1.82,,,,988.0,clear,clear,no,"cloudy, windy",low,steady,urban,phosphates measurement 2.50 flashing so >2.50,Reviewed: quality check complete
Point 2,Old River Lea,51.558503,-0.024698,Waltham Forest,2025-05-03,,1.6,0.08,,12.0,,,,clear,,"sunny, windy",average,steady,,Turbidity less than 12,Reviewed: quality check complete
The White House Bridge (Old River Lea),River Lea,51.55484,-0.025711,Hackney,2025-05-03,,1.7,0.41,,12.0,,,,clear,no,"sunny, windy",average,steady,,Turbidity less than 12,Reviewed: quality check complete
South Inlet,Moore's Brook,51.627165,-0.087569,England,2025-05-04,,2.5,8.76,,12.0,13.2,953.0,,,,sunny,,,,Looked like bath or shower froth in the water,Reviewed: quality check complete
Outlet,Moore's Brook,51.626611,-0.081703,England,2025-05-04,,1.21,1.95,,15.0,15.0,775.0,,,,cloudy,,,,Incident reported to EA under incident number 02384888,Reviewed: quality check complete
North Inlet,Moore's Brooķ,51.628245,-0.086723,England,2025-05-04,,2.5,4.91,,27.5,14.0,782.0,"brown, grey",cloudy,,sunny,,slow,residential,,Reviewed: quality check complete
Newgate Street,The Ching,51.621835,0.016257,Waltham Forest,2025-05-04,,2.5,0.84,,,,,clear,clear,no,sunny,low,slow,,,Reviewed: quality check complete
Whitehall Outfalls,The Ching,51.626392,0.019922,Redbridge,2025-05-04,,2.5,3.36,,,,,clear,clear,no,sunny,low,slow,,Very little water coming down Ching. Most water from outfalls. Sample predominately 5a,Reviewed: quality check complete
D/S Whitehall Rd,The Ching,51.625457,0.019402,Redbridge,2025-05-04,,2.5,0.92,,,,,clear,clear,no,sunny,low,slow,,,Reviewed: quality check complete
Outlet,Moore's Brook,51.626611,-0.081703,England,2025-05-04,,1.21,1.95,,15.0,15.0,775.0,,,,cloudy,,,,,Reviewed: quality check complete
Channelsea River Gas Holders ,Channelsea River,51.526949,-0.003434,England,2025-05-05,,1.39,0.05,,14.0,14.1,980.0,clear,,,cloudy,high,slow,,Turbidity = Less than 14,Reviewed: quality check complete
Channelsea River by Northern Outfall,Channelsea River,51.529767,0.0002,England,2025-05-05,,1.41,0.02,,14.0,15.0,990.0,clear,cloudy,,cloudy,high,slow,,"Rained 48-72 hrs ago
Turbidity = Less than 14",Reviewed: quality check complete
Beech Hall,The Ching,51.604636,0.000755,Waltham Forest,2025-05-05,,2.5,0.6,,,,,brown,clear,no,cloudy,low,steady,,,Reviewed: quality check complete
Beech Hall Crescent CSO,River Ching,51.604332,0.000129,Waltham Forest,2025-05-05,,2.5,0.58,,,,,brown,clear,no,"sunny, cloudy",low,steady,urban,,Reviewed: quality check complete
Vincent Road,The Ching,51.606119,0.004489,Waltham Forest,2025-05-08,,2.47,0.13,,,15.3,935.0,clear,,no,sunny,low,still,,,Reviewed: quality check complete
Highams Park Lake,The Ching,51.613892,0.009555,Waltham Forest,2025-05-09,,2.46,0.14,,,11.8,963.0,clear,clear,no,sunny,average,steady,other,,Reviewed: quality check complete
Folly Lane EA monitoring point,The Ching,51.60745,-0.030985,Waltham Forest,2025-05-09,,2.5,1.04,,,,855.0,clear,opaque,"yes, attached","sunny, cloudy",low,steady,urban,phosphates 2.50 flashing so >2.50 ppm,Reviewed: quality check complete
The Charter Road (Gordon Avenue),The Ching,51.608856,0.009023,Waltham Forest,2025-05-09,,1.69,0.12,,,,978.0,clear,clear,no,sunny,low,slow,"residential, urban",,Reviewed: quality check complete
Bottom of Berms,Old Lea,51.560985,-0.034761,Waltham Forest,2025-05-10,,2.29,0.48,,,,,clear,clear,attached,sunny,average,steady,,,Reviewed: quality check complete
Newgate Street,The Ching,51.621835,0.016257,Waltham Forest,2025-05-10,,2.5,0.25,,,,,clear,clear,no,sunny,low,slow,,,Reviewed: quality check complete
Lea Bridge Weir (downstream),Old Lea,51.561715,-0.043795,Hackney,2025-05-10,,2.11,0.05,,,,,clear,clear,"yes, attached",sunny,average,steady,"residential, urban",,Reviewed: quality check complete
Whitehall Outfall 5b,River Ching,51.626279,0.019638,Redbridge,2025-05-10,,2.5,4.16,,,,,clear,,no,sunny,,steady,residential,Phosphates result was flashing,Reviewed: quality check complete
Top of Berms,Old Lea,51.561327,-0.035427,Waltham Forest,2025-05-10,,1.92,0.24,,,,,clear,clear,"yes, attached",sunny,average,steady,,,Reviewed: quality check complete
Whitehall Outfall 5a,River Ching,51.626279,0.019638,Redbridge,2025-05-10,,2.5,4.03,,,,,clear,,,sunny,average,steady,residential,Phosphates result was flashing. Water flow seemed stronger than previous weeks.,Reviewed: quality check complete
D/S Whitehall Rd,The Ching,51.625457,0.019402,Redbridge,2025-05-10,,2.5,0.85,,,,,clear,clear,no,sunny,low,slow,,,Reviewed: quality check complete
Whitehall Outfalls,The Ching,51.626392,0.019922,Redbridge,2025-05-10,,2.5,2.61,,,,,clear,clear,no,sunny,low,slow,,Hardly any water coming down the Ching. Most water from outfalls,Reviewed: quality check complete
Grovelands Park Lake Downstream of reedbeds,Salmons Brook/Houndsden Gutter/Grovelands Stream,51.630991,-0.115829,Enfield,2025-05-11,,1.09,0.49,,12.0,18.6,570.0,,,,sunny,,,,,Reviewed: quality check complete
Grovelands Park Lake Outfall by cafe and dam,Salmons Brook/Houndsden Gutter/Grovelands Stream,51.632232,-0.112069,Enfield,2025-05-11,,0.82,0.05,,12.0,15.4,1090.0,,,,sunny,,,,,Reviewed: quality check complete
Grovelands Park Stream below dam,Salmons Brook/Houndsden Gutter/Grovelands Stream,51.633371,-0.111863,Enfield,2025-05-11,,1.16,0.0,,12.0,16.7,565.0,,,,sunny,,,,,Reviewed: quality check complete
Grovelands Park Lake Entry,Salmons Brook/Houndsden Gutter/Grovelands Stream,51.630718,-0.116322,Enfield,2025-05-11,,0.26,8.41,,12.0,21.3,,,,,sunny,,,,,Reviewed: quality check complete
Beech Hall,The Ching,51.604636,0.000755,Waltham Forest,2025-05-12,,2.5,0.2,,,,,brown,clear,no,sunny,low,steady,,,Reviewed: quality check complete
Hatch Roundabout - Upstream,The Ching,51.618979,0.008952,Waltham Forest,2025-05-12,,2.47,0.01,,,,,clear,clear,no,sunny,low,slow,,"Very dubious ammonia reading - think I must have done something wrong, sorry - suggest disregarding and extrapolating from previous and next readings.",Reviewed: quality check complete
Beech Hall Crescent CSO,River Ching,51.604332,0.000129,Waltham Forest,2025-05-12,,2.5,0.17,,,,,brown,clear,no,sunny,low,steady,urban,,Reviewed: quality check complete
Turkey Street (Downstream),Turkey Brook,51.667892,-0.031325,Enfield,2025-05-12,,1.42,0.12,,,,847.0,clear,clear,no,sunny,low,slow,,Tube less than 12,Reviewed: quality check complete
Turkey Street (Upstream),Turkey Brook,51.668694,-0.034631,Enfield,2025-05-12,,1.39,0.28,,,,847.0,clear,,no,sunny,average,slow,,Tube 19,Reviewed: quality check complete
Hatch Roundabout - Downstream,The Ching,51.618456,0.00869,Waltham Forest,2025-05-12,,2.5,0.59,,,,,clear,clear,no,sunny,low,slow,,,Reviewed: quality check complete
D/S Whitehall Rd,The Ching,51.625457,0.019402,Redbridge,2025-05-16,,,1.8,,2.5,,,clear,clear,no,sunny,low,slow,,,Reviewed: quality check complete
Newgate Street,The Ching,51.621835,0.016257,Waltham Forest,2025-05-16,,2.5,0.3,,,,,clear,clear,no,sunny,low,slow,,,Reviewed: quality check complete
Whitehall Outfalls,The Ching,51.626392,0.019922,Redbridge,2025-05-16,,2.5,3.57,,,,,clear,clear,no,sunny,low,slow,,Minimal amount coming down the Chingford - most water from out falls ,Reviewed: quality check complete
Vincent Road,The Ching,51.606119,0.004489,Waltham Forest,2025-05-16,,2.5,0.1,,,,,clear,clear,no,sunny,low,slow,,,Reviewed: quality check complete
Folly Lane EA monitoring point,The Ching,51.60745,-0.030985,Waltham Forest,2025-05-16,,2.5,2.43,,,,928.0,clear,clear,"yes, not_sure","sunny, cloudy, windy",low,steady,urban,phosphate reading flashing so >2.50ppm,Reviewed: quality check complete
The Charter Road (Gordon Avenue),The Ching,51.608856,0.009023,Waltham Forest,2025-05-16,,2.5,0.1,,,12.4,966.0,clear,clear,no,sunny,low,slow,"residential, urban",,Reviewed: quality check complete
Highams Park Lake,The Ching,51.613892,0.009555,Waltham Forest,2025-05-16,,2.5,0.11,,,12.4,959.0,clear,clear,no,sunny,low,slow,other,Phosphate reading 2.50 flashing - at limit of hanna checker range,Reviewed: quality check complete
Lordship Recreation Ground (Downstream),Moselle Brook,51.594777,-0.086985,Haringey,2025-05-17,,,1.66,,,,,clear,clear,no,sunny,average,steady,"residential, urban",,Reviewed: quality check complete
Whitehall Outfall 5a,River Ching,51.626279,0.019638,Redbridge,2025-05-17,,2.5,3.36,,,,,clear,,no,sunny,,steady,residential,Phosphates reading was 2.50ppm flashing,Reviewed: quality check complete
Beech Hall,The Ching,51.604636,0.000755,Waltham Forest,2025-05-17,,2.5,0.11,,,,,brown,clear,no,sunny,low,steady,,"Phosphate was 2.50 flashing, so over 2.50",Reviewed: quality check complete
Beech Hall Crescent CSO,River Ching,51.604332,0.000129,Waltham Forest,2025-05-17,,2.5,0.14,,,,,brown,clear,no,sunny,low,steady,,"Phosphate is 2.50 flashing, so above 2.5",Reviewed: quality check complete
Whitehall Outfall 5b,River Ching,51.626279,0.019638,Redbridge,2025-05-17,,2.5,3.26,,,,,clear,,no,sunny,,steady,residential,Phosphates reading was 2.50ppm flashing,Reviewed: quality check complete
Wadham Ave,The Ching,51.603672,-0.011865,Waltham Forest,2025-05-17,,2.2200000000000006,0.09,,,,,,,,"sunny, cloudy",,,,,Reviewed: quality check complete
Sainsbury's,The Ching,51.604505,-0.019121,Waltham Forest,2025-05-17,,2.5,0.32,,,,,,,,cloudy,,,,,Reviewed: quality check complete
Whitehall Plain,The Ching,51.627561,0.020547,Waltham Forest,2025-05-18,,0.82,0.16,,,,,clear,clear,,"sunny, cloudy",low,still,,"River not flowing, sample taken from still pool.",Reviewed: quality check complete
Footbridge near Rangers Road,Ching Brook,51.634055,0.025535,Essex,2025-05-18,,0.35,0.33,,,,,clear,clear,,sunny,low,still,,"River not flowing, sample taken from still pool.",Reviewed: quality check complete
Eversley Crescent Outfall (Downstream),Salmons Brook/Houndsden Gutter,51.639676,-0.107511,Enfield,2025-05-18,,2.5,1.99,,,,,,,,cloudy,,,,2.5 flashing phosphate,Reviewed: quality check complete
Grovelands Park Stream below dam,Salmons Brook/Houndsden Gutter/Grovelands Stream,51.633371,-0.111863,Enfield,2025-05-18,,1.34,0.0,,12.0,13.7,575.0,,,,sunny,,,,,Reviewed: quality check complete
Grovelands Park Lake Entry,Salmons Brook/Houndsden Gutter/Grovelands Stream,51.630718,-0.116322,Enfield,2025-05-18,,2.5,3.55,,12.0,13.8,733.0,,,,sunny,,,,Phosphate reading flashing ie Higher than recorded reading,Reviewed: quality check complete
Grovelands Park Lake Downstream of reedbeds,Salmons Brook/Houndsden Gutter/Grovelands Stream,51.630991,-0.115829,Enfield,2025-05-18,,1.31,0.63,,12.0,15.7,580.0,,,,sunny,,,,,Reviewed: quality check complete
Sainsbury's,The Ching,51.604505,-0.019121,Waltham Forest,2025-05-21,,2.5,0.42,,,,,,,,cloudy,,,,,Reviewed: quality check complete
Wadham Ave,The Ching,51.603672,-0.011865,Waltham Forest,2025-05-21,,2.5,0.13,,,,,,,,cloudy,,,,,Reviewed: quality check complete
Waterfall Walk 2 (Downstream),Pymmes Brook,51.62178,-0.136051,Barnet,2025-05-22,,2.42,1.65,8.16,14.0,13.8,1000.0,clear,clear,,cloudy,average,steady,urban,,Reviewed: quality check complete
Arnos Park Growing Space (upstream),Pymmes Brook ,51.617697,-0.129111,Enfield,2025-05-22,,2.06,0.78,6.63,14.0,13.5,990.0,clear,clear,,cloudy,average,steady,urban,,Reviewed: quality check complete
Arnos Park Growing Space (downstream),Pymmes Brook ,51.617646,-0.128978,Enfield,2025-05-22,,2.11,0.8,5.93,14.0,13.5,988.0,clear,clear,,cloudy,average,steady,urban,,Reviewed: quality check complete
Waterfall Walk 1 (Upstream),Pymmes Brook,51.622216,-0.13638,Barnet,2025-05-22,,2.0,0.03,9.44,14.0,13.2,962.0,clear,clear,,cloudy,average,steady,urban,,Reviewed: quality check complete
Folly Lane EA monitoring point,The Ching,51.60745,-0.030985,Waltham Forest,2025-05-23,,2.5,1.78,,,,1140.0,clear,clear,"yes, not_sure","sunny, cloudy",low,steady,urban,phosphates higher than 2.5 (flashing),Reviewed: quality check complete
The Charter Road (Gordon Avenue),The Ching,51.608856,0.009023,Waltham Forest,2025-05-23,,2.5,0.1,,,11.6,968.0,clear,clear,no,sunny,low,slow,"residential, urban",,Reviewed: quality check complete
Whitehall Outfall 5a,River Ching,51.626279,0.019638,Redbridge,2025-05-23,,2.5,4.71,,,,,clear,,no,sunny,,steady,residential,,Reviewed: quality check complete
Whitehall Outfall 5b,River Ching,51.626279,0.019638,Redbridge,2025-05-23,,2.5,4.32,,,,,clear,,no,sunny,,steady,residential,The phosphates reading of 2.50ppm was flashing ,Reviewed: quality check complete
Highams Park Lake,The Ching,51.613892,0.009555,Waltham Forest,2025-05-23,,2.5,0.2,,,11.7,959.0,clear,clear,no,sunny,low,slow,other,Phosphate result 2.5 flashing to indicate the reading is at the limit of the Hanna Checker's range,Reviewed: quality check complete
Vincent Road,The Ching,51.606119,0.004489,Waltham Forest,2025-05-24,,1.49,1.78,,,15.8,629.0,brown,cloudy,no,cloudy,high,surging,,,Reviewed: quality check complete
Whitehall Outfalls,The Ching,51.626392,0.019922,Redbridge,2025-05-24,,2.12,2.04,,,,,grey,cloudy,no,cloudy,low,steady,,,Reviewed: quality check complete
D/S Whitehall Rd,The Ching,51.625457,0.019402,Redbridge,2025-05-24,,1.94,0.91,,,,,grey,cloudy,no,cloudy,low,steady,,,Reviewed: quality check complete
Newgate Street,The Ching,51.621835,0.016257,Waltham Forest,2025-05-24,,1.68,0.87,,,,,clear,clear,no,cloudy,low,steady,,,Reviewed: quality check complete
Waterfall Walk 2 (Downstream),Pymmes Brook,51.62178,-0.136051,Barnet,2025-05-26,,,,4.96,14.0,15.0,,clear,clear,,cloudy,average,steady,urban,Testing following a bad sewage pollution incident on 24-May reported to the EA (not by me). On that day Thames Water deployed a boom and attempted to pump out polluted water.,Reviewed: quality check complete
Footbridge near Rangers Road,Ching Brook,51.634055,0.025535,Essex,2025-05-26,,0.81,0.25,,,,,clear,clear,,"sunny, cloudy",low,slow,,,Reviewed: quality check complete
Rectory Farm,Turkey Brook,51.671883,-0.105772,England,2025-05-27,,0.54,0.25,,,,1000.0,,cloudy,no,rainy,low,still,,Tube greater than 12,Reviewed: quality check complete
Beech Hall Crescent CSO,River Ching,51.604332,0.000129,Waltham Forest,2025-05-27,,2.35,0.49,,,,,brown,clear,no,rainy,low,steady,,,Reviewed: quality check complete
Beech Hall,The Ching,51.604636,0.000755,Waltham Forest,2025-05-27,,2.5,0.53,,,,,brown,clear,no,rainy,low,steady,,,Reviewed: quality check complete
Wadham Ave,The Ching,51.603672,-0.011865,Waltham Forest,2025-05-29,,2.01,0.05,,,,,,,,"sunny, windy",,,,Water crickets,Reviewed: quality check complete
Sainsbury's,The Ching,51.604505,-0.019121,Waltham Forest,2025-05-29,,2.3,0.31,,,,,,,,"windy, sunny",,,,,Reviewed: quality check complete
Tottenham Cemetery,Moselle Brook,51.604345,-0.074322,Haringey,2025-05-29,,,2.46,,12.0,16.0,823.0,clear,clear,no,cloudy,high,steady,"residential, urban",I was hoping for a better ammonia result because there had been rain recently and the last reading taken upstream at Lordship Rec 10 days previously had been 1.66.  ,Reviewed: quality check complete
Vincent Road,The Ching,51.606119,0.004489,Waltham Forest,2025-05-29,,2.390000000000001,0.11,,,,,,,,"sunny, windy",,,,,Reviewed: quality check complete
The Charter Road (Gordon Avenue),The Ching,51.608856,0.009023,Waltham Forest,2025-05-30,,2.5,0.24,,,17.1,886.0,clear,clear,,sunny,low,slow,"residential, urban",Phosphate result is 2.50 flashing indicating that the reading is above the Phosphate Hanna checker's range,Reviewed: quality check complete
Whitehall Outfall 5a,River Ching,51.626279,0.019638,Redbridge,2025-05-30,,2.5,2.76,,,,,clear,,no,sunny,,steady,residential,Phosphates reading was flashing,Reviewed: quality check complete
Whitehall Outfall 5b,River Ching,51.626279,0.019638,Redbridge,2025-05-30,,2.5,3.55,,,,,clear,,no,sunny,,steady,residential,Phosphates reading was flashing,Reviewed: quality check complete
North Access Road,Dagenham Brook,51.576136,-0.039847,England,2025-05-30,,2.5,0.84,,,,815.0,clear,clear,no,"sunny, cloudy",low,steady,,phosphates in excess of 2.5 ppm (flashing),Reviewed: quality check complete
Highams Park Lake,The Ching,51.613892,0.009555,Waltham Forest,2025-05-30,,2.5,0.36,,,16.9,890.0,clear,clear,,sunny,low,slow,other,Phosphate Hanna Checker result flashing showing that the phosphate level is above the range of this checker,Reviewed: quality check complete
Folly Lane EA monitoring point,The Ching,51.60745,-0.030985,Waltham Forest,2025-05-30,,2.5,0.51,,,,913.0,clear,clear,no,"sunny, cloudy",low,steady,urban,,Reviewed: quality check complete
Dagenham Brook Bridge Rd D/S,Dagenham Brook ,51.570977,-0.029842,Waltham Forest,2025-05-30,,2.5,0.77,,,,769.0,clear,clear,no,"sunny, cloudy",low,steady,"residential, urban",phosphates in excess of 2.50 ppm (display flashing),Reviewed: quality check complete
Whitehall Plain,The Ching,51.627561,0.020547,Waltham Forest,2025-05-31,,0.71,0.24,,,,,clear,clear,,"sunny, cloudy",low,slow,,,Reviewed: quality check complete
Grovelands Park Lake Outfall by cafe and dam,Salmons Brook/Houndsden Gutter/Grovelands Stream,51.632232,-0.112069,Enfield,2025-06-01,,0.91,1.06,,12.0,15.1,732.0,,,,cloudy,,,,,Reviewed: quality check complete
Footbridge near Rangers Road,Ching Brook,51.634055,0.025535,Essex,2025-06-01,,0.73,0.7,,,,,brown,cloudy,,"sunny, cloudy",low,still,,"River not flowing, sample collected from still pond",Reviewed: quality check complete
Whitehall Plain,The Ching,51.627561,0.020547,Waltham Forest,2025-06-01,,0.67,0.25,,,,,clear,clear,,"sunny, cloudy",low,still,,,Reviewed: quality check complete
Grovelands Park Lake Entry,Salmons Brook/Houndsden Gutter/Grovelands Stream,51.630718,-0.116322,Enfield,2025-06-01,,2.5,9.05,,12.0,16.0,894.0,,,,cloudy,,,,phosphate reading flashing ie higher than recorded value,Reviewed: quality check complete
Outlet,Moore's Brook,51.626611,-0.081703,England,2025-06-01,,2.5,3.09,,31.0,20.2,714.0,,,,sunny,,,,,Reviewed: quality check complete
Newgate Street,The Ching,51.621835,0.016257,Waltham Forest,2025-06-01,,2.5,0.91,,,,,clear,clear,no,sunny,low,slow,,Very narrow channel now,Reviewed: quality check complete
Whitehall Outfalls,The Ching,51.626392,0.019922,Redbridge,2025-06-01,,2.5,4.37,,,,,clear,clear,no,sunny,low,slow,,Little coming down the Ching. Most from outfalls,Reviewed: quality check complete
South Inlet,Moore's Brook,51.627165,-0.087569,England,2025-06-01,,2.5,7.37,,12.0,15.3,910.0,,,,sunny,,,,,Reviewed: quality check complete
North Inlet,Moore's Brooķ,51.628245,-0.086723,England,2025-06-01,,2.5,4.23,,35.0,18.0,692.0,,,,sunny,,,,,Reviewed: quality check complete
D/S Whitehall Rd,The Ching,51.625457,0.019402,Redbridge,2025-06-01,,2.15,2.98,,,,,clear,clear,no,sunny,low,slow,,,Reviewed: quality check complete
Grovelands Park Lake Downstream of reedbeds,Salmons Brook/Houndsden Gutter/Grovelands Stream,51.630991,-0.115829,Enfield,2025-06-01,,1.92,0.79,,12.0,19.3,585.0,,,,cloudy,,,,,Reviewed: quality check complete
Flood Relief Channel outflow,Old Lea,51.561278,-0.029612,Waltham Forest,2025-06-01,,0.61,0.0,,0.0,17.7,789.0,clear,clear,no,sunny,average,steady,,,Reviewed: quality check complete
Friends Bridge,Lea (Old River Lea),51.561403,-0.037255,Hackney,2025-06-01,,0.42,0.53,,0.0,19.3,1020.0,clear,clear,no,sunny,average,steady,,"At least half a dozen fish, and a kingfisher.",Reviewed: quality check complete
Eversley Crescent Outfall (Downstream),Salmons Brook/Houndsden Gutter,51.639676,-0.107511,Enfield,2025-06-02,,2.5,2.86,,,,,,,,cloudy,,,,Algae on rocks no sewage fungus po4 flashing,Reviewed: quality check complete
Markfield Park (Stonebridge Brook) CSO,River Lea,51.58111,-0.060575,Haringey,2025-06-02,,1.96,0.24,,,,,brown,clear,,sunny,average,slow,,,Reviewed: quality check complete
Upstream of Markfield Park (Stonebridge Brook) CSO ,River Lea,51.58119,-0.060253,Waltham Forest,2025-06-02,,2.27,0.31,,,,,brown,clear,,sunny,average,slow,,,Reviewed: quality check complete
Beech Hall Crescent CSO,River Ching,51.604332,0.000129,Waltham Forest,2025-06-03,,2.5,0.53,,,,,brown,clear,no,sunny,low,steady,urban,"Phosphate was 2.50 flashing on Hanna Checker, so reading is higher than 2.50",Reviewed: quality check complete
Beech Hall,The Ching,51.604636,0.000755,Waltham Forest,2025-06-03,,2.5,0.49,,,,,brown,clear,no,sunny,low,steady,,"2.50 flashing on Hanna Checker, so reading is higher",Reviewed: quality check complete
The White House Bridge (Old River Lea),River Lea,51.55484,-0.025711,Hackney,2025-06-04,,1.43,0.18,,12.0,18.9,863.0,brown,clear,,"sunny, windy",average,steady,,Turbidity was below 12,Reviewed: quality check complete
Point 2,Old River Lea,51.558503,-0.024698,Waltham Forest,2025-06-04,,1.37,0.16,,12.0,18.7,870.0,brown,clear,,"sunny, windy",average,steady,,Turbidity was below 12,Reviewed: quality check complete
Whitehall Outfall 5a,River Ching,51.626279,0.019638,Redbridge,2025-06-06,,1.48,0.32,,,,,clear,,no,"sunny, rainy",,steady,residential,Outlet flow was strongest I've monitored,Reviewed: quality check complete
Vincent Road,The Ching,51.606119,0.004489,Waltham Forest,2025-06-06,,1.4,0.16,,,16.6,623.0,clear,,no,cloudy,average,slow,,,Reviewed: quality check complete
Whitehall Outfalls,The Ching,51.626392,0.019922,Redbridge,2025-06-06,,1.4,0.17,,,,,clear,clear,no,sunny,low,steady,,Water now coming down the Ching after recent rains,Reviewed: quality check complete
The Charter Road (Gordon Avenue),The Ching,51.608856,0.009023,Waltham Forest,2025-06-06,,1.28,0.0,,,14.9,677.0,clear,clear,no,cloudy,average,steady,"residential, urban","A Thames Water boom has been placed across an urban inlet into the nearby lake which then overflows into the Ching just above this testing point.  Has this helped remove ammonia in the overflows?
Ducks in the water.",Reviewed: quality check complete
Highams Park Lake,The Ching,51.613892,0.009555,Waltham Forest,2025-06-06,,1.36,0.09,,,15.0,691.0,clear,clear,no,cloudy,average,steady,"residential, urban",,Reviewed: quality check complete
Wadham Ave,The Ching,51.603672,-0.011865,Waltham Forest,2025-06-06,,1.32,0.1,,,,,,,,sunny,,,,,Reviewed: quality check complete
Sainsbury's,The Ching,51.604505,-0.019121,Waltham Forest,2025-06-06,,1.53,0.19,,,,,,,,sunny,,,,,Reviewed: quality check complete
D/S Whitehall Rd,The Ching,51.625457,0.019402,Redbridge,2025-06-06,,1.1,0.21,,,,,clear,clear,no,sunny,low,steady,,,Reviewed: quality check complete
Whitehall Outfall 5b,River Ching,51.626279,0.019638,Redbridge,2025-06-06,,1.18,0.61,,,,,clear,,no,"sunny, rainy",,steady,residential,,Reviewed: quality check complete
Folly Lane EA monitoring point,The Ching,51.60745,-0.030985,Waltham Forest,2025-06-06,,1.58,0.45,,,,620.0,clear,clear,no,"cloudy, windy",low,steady,urban,,Reviewed: quality check complete
Newgate Street,The Ching,51.621835,0.016257,Waltham Forest,2025-06-06,,0.76,0.23,,,,,grey,cloudy,no,sunny,low,steady,,,Reviewed: quality check complete
Footbridge near Rangers Road,Ching Brook,51.634055,0.025535,Essex,2025-06-07,,0.57,0.21,,,,,clear,,no,"cloudy, rainy",,,,,Reviewed: quality check complete
Whitehall Plain,The Ching,51.627561,0.020547,Waltham Forest,2025-06-07,,0.67,0.29,,,,,clear,,no,"cloudy, rainy",,,,,Reviewed: quality check complete
Grovelands Park Lake Downstream of reedbeds,Salmons Brook/Houndsden Gutter/Grovelands Stream,51.630991,-0.115829,Enfield,2025-06-08,,1.77,0.63,,12.0,17.3,556.0,,,,sunny,,,,,Reviewed: quality check complete
Grovelands Park Stream below dam,Salmons Brook/Houndsden Gutter/Grovelands Stream,51.633371,-0.111863,Enfield,2025-06-08,,1.65,0.5,,12.0,17.2,553.0,,,,sunny,,,,,Reviewed: quality check complete
River Lea Flood Relief Channel,Footbridge beside Waterworks Centre into Waterworks Nature Reserve,51.564306,-0.036113,Waltham Forest,2025-06-08,,0.81,0.02,,14.0,,,clear,clear,no,cloudy,low,steady,,,Reviewed: quality check complete
Bridge by Springfield Marina,Coppermill Stream,51.573056,-0.056198,Waltham Forest,2025-06-08,,1.44,0.07,,14.0,,,clear,clear,"yes, not_sure",cloudy,average,still,,,Reviewed: quality check complete
Grovelands Park Lake Entry,Salmons Brook/Houndsden Gutter/Grovelands Stream,51.630718,-0.116322,Enfield,2025-06-08,,2.27,2.77,,12.0,16.4,747.0,,,,sunny,,,,,Reviewed: quality check complete
Grovelands Park Lake Outfall by cafe and dam,Salmons Brook/Houndsden Gutter/Grovelands Stream,51.632232,-0.112069,Enfield,2025-06-08,,1.09,0.34,,12.0,14.5,694.0,,,,sunny,,,,,Reviewed: quality check complete
Channelsea River by Northern Outfall,Channelsea River,51.529767,0.0002,England,2025-06-10,,1.06,0.04,,14.0,19.9,856.0,clear,,,cloudy,high,steady,,Turbidity = Less than 14,Reviewed: quality check complete
Beech Hall Crescent CSO,River Ching,51.604332,0.000129,Waltham Forest,2025-06-10,,2.5,0.25,,,,,brown,clear,no,sunny,low,steady,urban,,Reviewed: quality check complete
Beech Hall,The Ching,51.604636,0.000755,Waltham Forest,2025-06-10,,2.5,0.55,,,,,brown,clear,no,sunny,low,steady,,,Reviewed: quality check complete
Channelsea River Gas Holders ,Channelsea River,51.526949,-0.003434,England,2025-06-10,,1.65,0.21,,14.0,20.0,1060.0,clear,cloudy,,cloudy,high,steady,,Turbidity = Less than 14,Reviewed: quality check complete
Hatch Roundabout - Upstream,The Ching,51.618979,0.008952,Waltham Forest,2025-06-11,,1.95,0.08,,,,,clear,clear,no,cloudy,low,slow,,,Reviewed: quality check complete
Broomfield Middle Lake North Inlet,Broomfield Middle Lake,51.617884,-0.117677,England,2025-06-11,,2.5,4.82,,12.0,21.8,573.0,brown,opaque,,sunny,average,steady,,,Reviewed: quality check complete
Broomfield Upper Lake NW Inlet,Broomfield Upper Lake,51.618446,-0.117374,England,2025-06-11,,2.5,5.56,,28.0,20.5,680.0,brown,clear,,cloudy,average,steady,,"Phosphates were beyond the range of the low range Hanna Checker we had available.
",Reviewed: quality check complete
Hatch Roundabout - Downstream,The Ching,51.618456,0.00869,Waltham Forest,2025-06-11,,2.5,0.16,,,,,clear,clear,no,cloudy,low,slow,,,Reviewed: quality check complete
Vincent Road,The Ching,51.606119,0.004489,Waltham Forest,2025-06-12,,2.5,0.16,,,21.8,865.0,clear,,no,cloudy,low,still,,,Reviewed: quality check complete
Wadham Ave,The Ching,51.603672,-0.011865,Waltham Forest,2025-06-13,,2.5,0.39,,,,,,,,sunny,,,,,Reviewed: quality check complete
Sainsbury's,The Ching,51.604505,-0.019121,Waltham Forest,2025-06-13,,2.5,0.4,,,,,,,,sunny,,,,,Reviewed: quality check complete
Whitehall Outfall 5a,River Ching,51.626279,0.019638,Redbridge,2025-06-13,,2.5,4.48,,,,,,clear,no,sunny,,,residential,The phosphates result was flashing,Reviewed: quality check complete
Whitehall Outfall 5b,River Ching,51.626279,0.019638,Redbridge,2025-06-13,,2.5,4.52,,,,,clear,,no,sunny,,,residential,The phosphates result was flashing,Reviewed: quality check complete
Folly Lane EA monitoring point,The Ching,51.60745,-0.030985,Waltham Forest,2025-06-13,,2.5,1.72,,,,936.0,clear,clear,no,"sunny, cloudy",low,steady,urban,phosphate reading flashing so phosphates in excess of 2.50ppm,Reviewed: quality check complete
Footbridge near Rangers Road,Ching Brook,51.634055,0.025535,Essex,2025-06-14,,0.86,0.29,,,,,clear,clear,,"sunny, cloudy",low,slow,,,Reviewed: quality check complete
D/S Whitehall Rd,The Ching,51.625457,0.019402,Redbridge,2025-06-14,,2.5,1.93,,,,,clear,clear,no,sunny,low,slow,,,Reviewed: quality check complete
Whitehall Plain,The Ching,51.627561,0.020547,Waltham Forest,2025-06-14,,0.84,0.32,,,,,clear,clear,,"sunny, cloudy",average,slow,,,Reviewed: quality check complete
Whitehall Outfalls,The Ching,51.626392,0.019922,Redbridge,2025-06-14,,1.79,4.02,,,,,clear,clear,no,sunny,low,slow,,,Reviewed: quality check complete
Newgate Street,The Ching,51.621835,0.016257,Waltham Forest,2025-06-14,,2.45,1.13,,,,,clear,clear,no,sunny,low,slow,,,Reviewed: quality check complete
Oak Hill Park 2 (Downstream),Pymmes Brook,51.638422,-0.156959,Barnet,2025-06-15,,2.5,1.51,,12.0,17.0,941.0,clear,clear,,cloudy,,,"residential_discharge, urban_discharge",,Reviewed: quality check complete
Beech Hall Crescent CSO,River Ching,51.604332,0.000129,Waltham Forest,2025-06-16,,2.5,0.5,,,,,brown,clear,"yes, not_sure","sunny, rainy",low,steady,,2.50 flashing,Reviewed: quality check complete
Beech Hall,The Ching,51.604636,0.000755,Waltham Forest,2025-06-16,,2.5,0.44,,,,,brown,clear,"yes, not_sure",sunny,low,steady,urban,2.50 flashing,Reviewed: quality check complete
Wadham Ave,The Ching,51.603672,-0.011865,Waltham Forest,2025-06-20,,2.1,0.12,,,,,,,,sunny,,,,,Reviewed: quality check complete
Downstream of Connaught Water,The Ching,51.63776,0.025654,Essex,2025-06-20,,,,,,,,other,,no,,low,still,,Miniscule trickle of water. Little more than moist soil.,Reviewed: quality check complete
Turkey Street (Upstream),Turkey Brook,51.668694,-0.034631,Enfield,2025-06-20,,1.75,0.13,,,,746.0,clear,clear,"yes, attached",sunny,average,slow,,Tube Less than 12,Reviewed: quality check complete
Turkey Street (Downstream),Turkey Brook,51.667892,-0.031325,Enfield,2025-06-20,,1.66,0.17,,,,756.0,clear,clear,yes,sunny,average,slow,,Tube less than 12,Reviewed: quality check complete
Sainsbury's,The Ching,51.604505,-0.019121,Waltham Forest,2025-06-20,,2.5,0.2,,,,,,,,sunny,,,,Phosphates 2.5 flashing,Reviewed: quality check complete
Vincent Road,The Ching,51.606119,0.004489,Waltham Forest,2025-06-20,,2.1,0.14,,,,,,,,sunny,,,,,Reviewed: quality check complete
Upstream of Connaught Water,The Ching,51.639917,0.026791,Essex,2025-06-20,,,,,,,,,,no,sunny,low,,,Bone dry. Bottom is stone hard clay.,Reviewed: quality check complete
Lordship Recreation Ground (Downstream),Moselle Brook,51.594777,-0.086985,Haringey,2025-06-21,,,2.36,,12.0,20.1,807.0,clear,clear,not_sure,sunny,average,steady,"residential, urban",,Reviewed: quality check complete
Newgate Street,The Ching,51.621835,0.016257,Waltham Forest,2025-06-21,,2.5,0.6,,,,,clear,clear,no,sunny,low,slow,,,Reviewed: quality check complete
D/S Whitehall Rd,The Ching,51.625457,0.019402,Redbridge,2025-06-21,,2.5,1.67,,,,,clear,clear,no,sunny,low,slow,,,Reviewed: quality check complete
Whitehall Outfalls,The Ching,51.626392,0.019922,Redbridge,2025-06-21,,2.5,2.77,,,,,clear,clear,no,sunny,low,slow,,Very little water coming down the Ching. Most water from the 2 outfalls,Reviewed: quality check complete
Waterfall Walk 1 (Upstream),Pymmes Brook,51.622216,-0.13638,Barnet,2025-06-22,,2.5,0.24,8.26,,20.6,961.0,clear,clear,,sunny,average,steady,,,Reviewed: quality check complete
Whitehall Plain,The Ching,51.627561,0.020547,Waltham Forest,2025-06-22,,1.2,0.79,,,,,clear,clear,,sunny,low,still,,,Reviewed: quality check complete
Waterfall Walk 2 (Downstream),Pymmes Brook,51.62178,-0.136051,Barnet,2025-06-22,,2.5,1.43,6.21,14.0,19.5,968.0,clear,clear,,sunny,average,steady,urban,White foam around the outfall just upstream but not in this location,Reviewed: quality check complete
Grovelands Park Lake Entry,Salmons Brook/Houndsden Gutter/Grovelands Stream,51.630718,-0.116322,Enfield,2025-06-22,,2.5,1.09,,12.0,18.1,750.0,,,,sunny,,,,Phosphate reading flashing ie higher than recorded value,Reviewed: quality check complete
Eversley Crescent Outfall (Downstream),Salmons Brook/Houndsden Gutter,51.639676,-0.107511,Enfield,2025-06-22,,2.5,2.31,,,,,,,,"windy, cloudy",,,,Low water no sewage fungus,Reviewed: quality check complete
Arnos Park Growing Space (downstream),Pymmes Brook ,51.617646,-0.128978,Enfield,2025-06-22,,2.5,1.54,3.84,14.0,19.9,973.0,clear,clear,,sunny,average,steady,urban,,Reviewed: quality check complete
Footbridge near Rangers Road,Ching Brook,51.634055,0.025535,Essex,2025-06-22,,,,,,,,,,no,sunny,low,,urban,Riverbed completely dried up,Reviewed: quality check complete
Whitehall Outfall 5a,River Ching,51.626279,0.019638,Redbridge,2025-06-22,,2.5,6.88,,,,,clear,,no,cloudy,,steady,residential,Phosphates reading flashing,Reviewed: quality check complete
Whitehall Outfall 5b,River Ching,51.626279,0.019638,Redbridge,2025-06-22,,2.5,2.73,,,,,clear,,no,cloudy,,steady,residential,Phosphates reading flashing,Reviewed: quality check complete
Grovelands Park Lake Downstream of reedbeds,Salmons Brook/Houndsden Gutter/Grovelands Stream,51.630991,-0.115829,Enfield,2025-06-22,,1.92,0.37,,12.0,23.7,574.0,,,,sunny,,,,,Reviewed: quality check complete
Arnos Park Growing Space (upstream),Pymmes Brook ,51.617697,-0.129111,Enfield,2025-06-22,,2.5,1.46,4.56,14.0,20.4,973.0,clear,clear,,sunny,average,steady,urban,,Reviewed: quality check complete
Rectory Farm,Turkey Brook,51.671883,-0.105772,England,2025-06-24,,1.05,0.29,,,,1530.0,,cloudy,no,sunny,low,still,,,Reviewed: quality check complete
Beech Hall,The Ching,51.604636,0.000755,Waltham Forest,2025-06-24,,2.5,0.26,,,,,brown,clear,yes,"sunny, cloudy",low,steady,,"Grey blobby algae observed on the river bed - no idea what it is
Phosphate 2.50 flashing (over limit)",Reviewed: quality check complete
Beech Hall Crescent CSO,River Ching,51.604332,0.000129,Waltham Forest,2025-06-24,,2.5,0.21,,,,,brown,clear,"yes, not_sure",sunny,low,steady,urban,"Blobby grey algae attached to floor of river bed
Phosphate 2.50 flashing, so over limit of testing",Reviewed: quality check complete
Tottenham Cemetery,Moselle Brook,51.604345,-0.074322,Haringey,2025-06-25,,,3.36,,12.0,19.2,809.0,clear,clear,no,"sunny, cloudy",low,steady,"residential, urban",The water was lower than normal ranging from about 6 - 12 cms.  ,Reviewed: quality check complete
Sainsbury's,The Ching,51.604505,-0.019121,Waltham Forest,2025-06-26,,2.5,0.91,,,,,,,,"cloudy, windy",,,,Phosphates 2.5 flashing,Reviewed: quality check complete
Vincent Road,The Ching,51.606119,0.004489,Waltham Forest,2025-06-26,,2.5,0.06,,,,,clear,,no,sunny,low,still,,,Reviewed: quality check complete
Wadham Ave,The Ching,51.603672,-0.011865,Waltham Forest,2025-06-26,,1.95,0.13,,,,,,,,"cloudy, windy",,,,,Reviewed: quality check complete
Vincent Road,The Ching,51.606119,0.004489,Waltham Forest,2025-06-26,,2.5,0.06,,,24.9,846.0,clear,,no,sunny,low,still,,,Reviewed: quality check complete
The Charter Road (Gordon Avenue),The Ching,51.608856,0.009023,Waltham Forest,2025-06-27,,2.5,0.84,,,18.0,820.0,brown,opaque,no,sunny,average,steady,other,"Burst watermain at Whitehall Road has washed silty water down the river increasing flow rates and turning the water brown and opaque.
Phosphate level 2.5 flashing indicating that the phosphate level is above the range of the Hanna checker",Reviewed: quality check complete
Whitehall Outfall 5a,River Ching,51.626279,0.019638,Redbridge,2025-06-27,,2.5,4.67,,,,,clear,,no,sunny,,steady,residential,"I was able to collect a clear sample from this outfall even though a burst water main had occurred earlier in the day further up Whitehall Road towards Woodford. This resulted in the Ching being a lovely shade of sand.

The phosphates reading was flashing.",Reviewed: quality check complete
Highams Park Lake,The Ching,51.613892,0.009555,Waltham Forest,2025-06-27,,2.41,0.43,,,18.2,757.0,brown,opaque,no,sunny,average,steady,other,Burst watermain at Whitehall Road has washed silty water down the river increasing flow rates and turning the water brown and opaque,Reviewed: quality check complete
Bottom of Berms,Old Lea,51.560985,-0.034761,Waltham Forest,2025-06-27,,1.96,0.11,,,,,,,,,,,,,Reviewed: quality check complete
Hatch Roundabout - Upstream,The Ching,51.618979,0.008952,Waltham Forest,2025-06-27,,2.47,0.06,,,,,brown,opaque,no,sunny,average,steady,,Very significantly muddier than usual,Reviewed: quality check complete
Hatch Roundabout - Downstream,The Ching,51.618456,0.00869,Waltham Forest,2025-06-27,,2.5,0.0,,,,,brown,opaque,no,sunny,average,slow,,Significantly muddier than usual; 0.00 ammonia reading: pretty sure I conducted it correctly but could possibly be an error/anomaly?,Reviewed: quality check complete
Top of Berms,Old Lea,51.561327,-0.035427,Waltham Forest,2025-06-27,,2.5,0.03,,,,,,,,,,,,,Reviewed: quality check complete
Lea Bridge Weir (downstream),Old Lea,51.561715,-0.043795,Hackney,2025-06-27,,2.5,0.01,,,,,,,,,,,,,Reviewed: quality check complete
Whitehall Outfall 5b,River Ching,51.626279,0.019638,Redbridge,2025-06-27,,2.5,2.77,,,,,clear,,no,sunny,,steady,residential,"I was able to collect a clear sample from this outfall even though a burst water main had occurred earlier in the day further up Whitehall Road towards Woodford. This resulted in the Ching being a lovely shade of sand.

The phosphates reading was flashing.",Reviewed: quality check complete
Whitehall Plain,The Ching,51.627561,0.020547,Waltham Forest,2025-06-28,,1.44,0.11,,,,,clear,clear,,sunny,average,steady,,,Reviewed: quality check complete
Footbridge near Rangers Road,Ching Brook,51.634055,0.025535,Essex,2025-06-28,,1.07,0.12,,,,,clear,clear,,sunny,average,steady,,"Burst water main upstream on Rangers road, water entering the Ching upstream of monitoring point.",Reviewed: quality check complete
Grovelands Park Lake Downstream of reedbeds,Salmons Brook/Houndsden Gutter/Grovelands Stream,51.630991,-0.115829,Enfield,2025-06-29,,2.28,0.36,,12.0,24.2,572.0,,,,sunny,,,,,Reviewed: quality check complete
Grovelands Park Lake Entry,Salmons Brook/Houndsden Gutter/Grovelands Stream,51.630718,-0.116322,Enfield,2025-06-29,,1.39,9.99,,12.0,20.0,754.0,,,,sunny,,,,Samples became cloudy after addition of reagents - suspect reading,Reviewed: quality check complete
Friends Bridge,Lea (Old River Lea),51.561403,-0.037255,Hackney,2025-06-30,,1.28,1.1,,0.0,23.2,1020.0,clear,clear,no,sunny,average,steady,,,Reviewed: quality check complete
Flood Relief Channel outflow,Old Lea,51.561278,-0.029612,Waltham Forest,2025-06-30,,0.65,0.3,,0.0,21.8,789.0,clear,clear,no,sunny,average,steady,,,Reviewed: quality check complete
Newgate Street,The Ching,51.621835,0.016257,Waltham Forest,2025-06-30,,2.5,0.32,,,,,clear,clear,no,sunny,low,slow,,,Reviewed: quality check complete
Whitehall Outfalls,The Ching,51.626392,0.019922,Redbridge,2025-06-30,,2.5,6.25,,,,,clear,clear,no,sunny,low,slow,,"Friday 27/6 Burst water main on Whitehall Rd 50m above Ching. Large volume of silted water ran into river.
Sat 28/6 Burst water main on Rangers Rd. Water ran through forest into Ching",Reviewed: quality check complete
D/S Whitehall Rd,The Ching,51.625457,0.019402,Redbridge,2025-06-30,,2.5,3.87,,,,,clear,clear,no,sunny,low,slow,,Silt on river bed from burst water main,Reviewed: quality check complete
Beech Hall,The Ching,51.604636,0.000755,Waltham Forest,2025-07-01,,2.5,,,,,,brown,clear,no,sunny,low,steady,,"Phosphate reading of 2.50 flashing, so higher.
Ammonia HannaChecker not working, so couldn't take ammonia reading",Reviewed: quality check complete
Beech Hall Crescent CSO,River Ching,51.604332,0.000129,Waltham Forest,2025-07-01,,2.5,,,,,,brown,clear,"yes, not_sure",sunny,low,steady,urban,"Phosphate reading 2.50 flashing, so higher
Ammonia HannaChecker not working so couldn't take the reading ",Reviewed: quality check complete
Broomfield Upper Lake NW Inlet,Broomfield Upper Lake,51.618446,-0.117374,England,2025-07-02,,2.5,9.79,,,19.2,870.0,clear,clear,,cloudy,low,steady,,"Sample taken direct from water entering from inlet to Upper Lake
Phosphate level beyond maximum capacity of Hanna checker",Reviewed: quality check complete
Sainsbury's,The Ching,51.604505,-0.019121,Waltham Forest,2025-07-03,,2.5,0.63,,,18.0,838.0,,,,sunny,,,,,Reviewed: quality check complete
Vincent Road,The Ching,51.606119,0.004489,Waltham Forest,2025-07-03,,2.5,0.03,,,21.9,820.0,clear,,no,cloudy,low,still,,,Reviewed: quality check complete
Wadham Ave,The Ching,51.603672,-0.011865,Waltham Forest,2025-07-03,8.2,1.97,0.18,,,18.0,940.0,,,,sunny,,,,,Reviewed: quality check complete
North Access Road,Dagenham Brook,51.576136,-0.039847,England,2025-07-03,,2.5,1.87,,,,773.0,clear,clear,no,sunny,low,slow,,phosphate reading flashing so levels greater than 2.5,Reviewed: quality check complete
Dagenham Brook Bridge Rd D/S,Dagenham Brook ,51.570977,-0.029842,Waltham Forest,2025-07-03,,2.5,1.9,,,,824.0,clear,clear,no,sunny,low,slow,"residential, urban",phosphate reading flashing so phosphate levels in excess of 2.50,Reviewed: quality check complete
Highams Park Lake,The Ching,51.613892,0.009555,Waltham Forest,2025-07-04,,2.5,0.29,,,17.9,884.0,brown,cloudy,,sunny,average,steady,other,Water slightly cloudy - possibly due to dog in the water prior to our sampling,Reviewed: quality check complete
The Charter Road (Gordon Avenue),The Ching,51.608856,0.009023,Waltham Forest,2025-07-04,,2.5,0.32,,,18.5,885.0,clear,clear,,sunny,average,steady,"residential, urban",Phosphate reading 2.5 flashing which indicates that the reading is above the range of the Hanna Checker,Reviewed: quality check complete
Folly Lane EA monitoring point,The Ching,51.60745,-0.030985,Waltham Forest,2025-07-04,,2.5,3.61,,,,926.0,clear,clear,"yes, not_sure",sunny,low,steady,urban,phosphate reading flashing so phosphates more than 2.5ppm,Reviewed: quality check complete
The White House Bridge (Old River Lea),River Lea,51.55484,-0.025711,Hackney,2025-07-05,,2.28,0.1,,12.0,22.5,1020.0,brown,clear,,"cloudy, windy",low,slow,,,Reviewed: quality check complete
Point 2,Old River Lea,51.558503,-0.024698,Waltham Forest,2025-07-05,,2.23,0.06,,12.0,22.0,1040.0,brown,clear,,"cloudy, windy",low,slow,,A fisherman was fishing there. He said the fish he catches from there smell bad.,Reviewed: quality check complete
Footbridge near Rangers Road,Ching Brook,51.634055,0.025535,Essex,2025-07-05,,,,,,,,,,no,"sunny, cloudy",low,still,,River completely dried up.,Reviewed: quality check complete
Whitehall Plain,The Ching,51.627561,0.020547,Waltham Forest,2025-07-05,,0.94,0.23,,,,,clear,clear,,"sunny, cloudy",low,still,,"River has no flow, dry patches, sample taken from still pool.",Reviewed: quality check complete
Whitehall Outfall 5a,River Ching,51.626279,0.019638,Redbridge,2025-07-05,,2.5,5.32,,,,,,,,sunny,average,steady,"urban, other",Phosphate reading 2.5 flashing indicating that the result is above the Hanna Checker's range,Reviewed: quality check complete
Whitehall Outfall 5b,River Ching,51.626279,0.019638,Redbridge,2025-07-05,,2.5,4.42,,,,,,,,sunny,average,steady,"urban, other",Phosphate reading 2.5 flashing indicating that the result is above the Hanna Checker's range,Reviewed: quality check complete
North Inlet,Moore's Brooķ,51.628245,-0.086723,England,2025-07-06,,2.37,2.42,,150.0,21.0,249.0,,,,rainy,,,,,Reviewed: quality check complete
South Inlet,Moore's Brook,51.627165,-0.087569,England,2025-07-06,,2.5,8.09,,14.0,17.0,840.0,,,,rainy,,,,,Reviewed: quality check complete
Outlet,Moore's Brook,51.626611,-0.081703,England,2025-07-06,,0.27,4.59,,75.0,20.3,805.0,,,,rainy,,,,The open length of water is struggling to reduce the ammonia and phosphate collected before the 2 inlets as it was presumably installed to do.,Reviewed: quality check complete
Channelsea River Gas Holders ,Channelsea River,51.526949,-0.003434,England,2025-07-07,,0.18,0.23,,14.0,21.4,1010.0,clear,cloudy,,cloudy,high,steady,,Turbidity = Less than 14,Reviewed: quality check complete
Whitehall Outfalls,The Ching,51.626392,0.019922,Redbridge,2025-07-07,,1.3,0.37,,,,,clear,clear,no,sunny,low,steady,,,Reviewed: quality check complete
D/S Whitehall Rd,The Ching,51.625457,0.019402,Redbridge,2025-07-07,,1.33,0.82,,,,,clear,clear,no,sunny,low,steady,,,Reviewed: quality check complete
Newgate Street,The Ching,51.621835,0.016257,Waltham Forest,2025-07-07,,0.89,0.14,,,,,clear,clear,no,sunny,low,steady,,,Reviewed: quality check complete
Channelsea River by Northern Outfall,Channelsea River,51.529767,0.0002,England,2025-07-07,,0.0,0.55,,14.0,21.3,997.0,clear,,,cloudy,high,slow,,Turbidity = Less than 14,Reviewed: quality check complete
Beech Hall Crescent CSO,River Ching,51.604332,0.000129,Waltham Forest,2025-07-08,,2.3,0.26,,,,,brown,clear,"yes, not_sure",sunny,low,steady,urban,,Reviewed: quality check complete
Beech Hall,The Ching,51.604636,0.000755,Waltham Forest,2025-07-08,,2.32,0.28,,,,,brown,clear,"yes, not_sure",sunny,low,steady,,,Reviewed: quality check complete
Broomfield Lower Lake SE Outlet,Broomfield Lower Lake ,51.61692,-0.118504,Enfield,2025-07-09,,2.25,6.31,,,24.0,770.0,clear,clear,,sunny,low,slow,other,Secchi 12,Reviewed: quality check complete
Hillyfields park,Turkey brook,51.66987,-0.088862,Enfield,2025-07-09,,2.5,0.01,,12.0,17.3,691.0,clear,clear,no,"sunny, cloudy",low,still,,"Phosphate was flashing 2.50, so reading is higher than that",Reviewed: quality check complete
D/S Whitehall Rd,The Ching,51.625457,0.019402,Redbridge,2025-07-11,,2.5,1.06,,,,,clear,clear,no,sunny,low,slow,,,Reviewed: quality check complete
Whitehall Outfalls,The Ching,51.626392,0.019922,Redbridge,2025-07-11,,2.5,3.93,,,,,clear,clear,no,sunny,low,slow,,Little water from upstream. Most from the outfalls,Reviewed: quality check complete
Newgate Street,The Ching,51.621835,0.016257,Waltham Forest,2025-07-11,,2.5,0.28,,,,,clear,clear,no,sunny,low,slow,,,Reviewed: quality check complete
Highams Park Lake,The Ching,51.613892,0.009555,Waltham Forest,2025-07-11,,2.5,0.08,,,20.6,859.0,clear,clear,,sunny,low,slow,"residential, other",Phosphate leval 2.5 flashing,Reviewed: quality check complete
The Charter Road (Gordon Avenue),The Ching,51.608856,0.009023,Waltham Forest,2025-07-11,,2.5,0.21,,,20.3,869.0,clear,,,sunny,low,slow,"residential, urban",,Reviewed: quality check complete
Folly Lane EA monitoring point,The Ching,51.60745,-0.030985,Waltham Forest,2025-07-11,,2.5,3.04,,,,922.0,clear,clear,"yes, not_sure",sunny,low,steady,urban,"phosphate reading flashing, so levels in excess of 2.50",Reviewed: quality check complete
Vincent Road,The Ching,51.606119,0.004489,Waltham Forest,2025-07-12,,2.5,0.13,,,23.2,833.0,clear,,no,sunny,low,still,,,Reviewed: quality check complete
Whitehall Outfall 5a,River Ching,51.626279,0.019638,Redbridge,2025-07-12,,2.5,1.38,,,,,,clear,no,sunny,,steady,residential,Phosphates result was 2.50 flashing,Reviewed: quality check complete
Whitehall Outfall 5b,River Ching,51.626279,0.019638,Redbridge,2025-07-12,,2.5,2.7,,,,,clear,,no,sunny,,steady,residential,Phosphates result was flashing,Reviewed: quality check complete
Whitehall Plain,The Ching,51.627561,0.020547,Waltham Forest,2025-07-13,,1.59,0.23,,,,,brown,clear,,sunny,low,still,other,"River not flowing, samples collected from still pool of water.",Reviewed: quality check complete
Grovelands Park Lake Downstream of reedbeds,Salmons Brook/Houndsden Gutter/Grovelands Stream,51.630991,-0.115829,Enfield,2025-07-13,,2.48,0.88,,12.0,23.0,562.0,,,,sunny,,,,,Reviewed: quality check complete
Grovelands Park Lake Entry,Salmons Brook/Houndsden Gutter/Grovelands Stream,51.630718,-0.116322,Enfield,2025-07-13,,2.5,2.11,,12.0,19.3,767.0,,,,sunny,,,,Phosphate reading flashing ie actual value higher than recorded,Reviewed: quality check complete
Footbridge near Rangers Road,Ching Brook,51.634055,0.025535,Essex,2025-07-13,,,,,,,,,,no,sunny,low,still,,River completely dried up.,Reviewed: quality check complete
Eversley Crescent Outfall (Downstream),Salmons Brook/Houndsden Gutter,51.639676,-0.107511,Enfield,2025-07-14,,2.5,5.32,,,,,,,,sunny,,,,No sewage fungus very dry no rain more than 72 hours,Reviewed: quality check complete
Hobart Corner,Bounds Green Brook,51.61262,-0.133703,Enfield,2025-07-14,,2.41,5.16,,14.0,,1010.0,"clear, grey",clear,no,sunny,average,steady,"residential, urban",,Reviewed: quality check complete
Beech Hall,The Ching,51.604636,0.000755,Waltham Forest,2025-07-15,,2.5,0.46,,,,,brown,clear,no,"cloudy, rainy",low,steady,,,Reviewed: quality check complete
Beech Hall Crescent CSO,River Ching,51.604332,0.000129,Waltham Forest,2025-07-15,,2.5,0.28,,,,,brown,clear,"yes, not_sure","cloudy, rainy",low,steady,urban,Phosphates 2.50 flashing ,Reviewed: quality check complete
Vincent Road,The Ching,51.606119,0.004489,Waltham Forest,2025-07-17,,2.5,0.07,,,20.2,847.0,clear,,no,cloudy,low,still,,,Reviewed: quality check complete
Whitehall Outfall 5b,River Ching,51.626279,0.019638,Redbridge,2025-07-18,,2.32,0.39,,,,,clear,,no,sunny,,steady,residential,,Reviewed: quality check complete
The Charter Road (Gordon Avenue),The Ching,51.608856,0.009023,Waltham Forest,2025-07-18,,2.5,0.0,,,19.4,904.0,clear,clear,no,sunny,low,steady,"residential, urban",Phosphate 2.5 flashing,Reviewed: quality check complete
Whitehall Outfall 5a,River Ching,51.626279,0.019638,Redbridge,2025-07-18,,2.5,4.03,,,,,clear,,no,sunny,,slow,residential,"Outfall wasn't as heavy as previous weeks.
Phosphates reading was flashing.",Reviewed: quality check complete
Folly Lane EA monitoring point,The Ching,51.60745,-0.030985,Waltham Forest,2025-07-18,,2.5,1.65,,,,893.0,clear,clear,no,sunny,low,steady,urban,phosphate reading flashing indicating more than 2.5ppm,Reviewed: quality check complete
Highams Park Lake,The Ching,51.613892,0.009555,Waltham Forest,2025-07-18,,2.5,0.07,,,19.6,880.0,brown,cloudy,no,sunny,low,steady,"residential, urban",Phosphate 2.5 flashing.  Dogs in the water,Reviewed: quality check complete
Lordship Recreation Ground (Downstream),Moselle Brook,51.594777,-0.086985,Haringey,2025-07-18,,,1.56,,,,,clear,clear,no,sunny,average,steady,"residential, urban",,Reviewed: quality check complete
Broomfield Upper Lake NW Overflow,Broomfield Upper Lake,51.618649,-0.11712,England,2025-07-19,,0.89,0.46,,,24.9,379.0,clear,clear,,rainy,high,surging,other,This is an unusual measurement taken from the waterfall that appears during rain from a cracked pipe and passes through soil before entering the lake. It shows how the water is cleaner here than the water entering the lake from the normal; inflow.,Reviewed: quality check complete
Broomfield Upper Lake South Outlet,Broomfield Upper Lake,51.617937,-0.117409,Enfield,2025-07-19,,1.48,2.81,,,,332.0,clear,clear,"yes, not_sure",cloudy,average,surging,"residential, urban",Taken at outlet to test change in water quality from water entering the lake through 2 flows. Better than previous tests in drier weather but still bad.,Reviewed: quality check complete
Broomfield Upper Lake NW Inlet,Broomfield Upper Lake,51.618446,-0.117374,England,2025-07-19,,0.96,0.7,,,20.1,407.0,clear,clear,no,rainy,average,surging,other,These qualities refer to water taken directly from the surface water inflow pipe to the Upper Lake. The lake itself has significant algal plaques and litter and odour.,Reviewed: quality check complete
Newgate Street,The Ching,51.621835,0.016257,Waltham Forest,2025-07-20,,2.09,0.19,,,,,clear,clear,no,sunny,low,steady,,,Reviewed: quality check complete
Whitehall Outfalls,The Ching,51.626392,0.019922,Redbridge,2025-07-20,,2.43,0.39,,,,,clear,clear,no,sunny,low,steady,,,Reviewed: quality check complete
D/S Whitehall Rd,The Ching,51.625457,0.019402,Redbridge,2025-07-20,,2.27,0.69,,,,,clear,clear,no,sunny,low,steady,,,Reviewed: quality check complete
Grovelands Park Lake Entry,Salmons Brook/Houndsden Gutter/Grovelands Stream,51.630718,-0.116322,Enfield,2025-07-21,,2.5,1.87,,12.0,19.2,701.0,,,,sunny,,,,phosphate reading flashing ie higher than recorded value,Reviewed: quality check complete
Grovelands Park Lake Downstream of reedbeds,Salmons Brook/Houndsden Gutter/Grovelands Stream,51.630991,-0.115829,Enfield,2025-07-21,,2.5,0.89,,12.0,22.4,531.0,,,,sunny,,,,Phosphate reading flashing ie higher than recorded value,Reviewed: quality check complete
Grovelands Park Stream below dam,Salmons Brook/Houndsden Gutter/Grovelands Stream,51.633371,-0.111863,Enfield,2025-07-21,,2.5,0.26,,12.0,22.0,529.0,,,,sunny,,,,Phosphate reading flashing ie higher than recorded value,Reviewed: quality check complete
Broomfield Upper Lake NW Inlet,Broomfield Upper Lake,51.618446,-0.117374,England,2025-07-22,,2.5,8.42,,,20.6,796.0,yellow,clear,,cloudy,average,steady,other,"Phosphate level was above the maximum for the low level Hanna checker so result was blinking. Water was taken direct fr4om the inflow to the lake.

Secchi tube reading 12 - clear",Reviewed: quality check complete
Broomfield Middle Lake South Outlet,Broomfield Middle Lake,51.617608,-0.117846,Enfield,2025-07-22,,2.5,5.7,,,23.3,528.0,yellow,opaque,,cloudy,average,slow,,Secchi tube 29,Reviewed: quality check complete
Broomfield Wetland SE Outlet,Broomfield Wetland,51.617373,-0.119515,Enfield,2025-07-22,,1.17,4.36,,,21.1,587.0,clear,clear,,cloudy,average,slow,,Secchi 22,Reviewed: quality check complete
Broomfield Wetland NE Inlet,Broomfield Wetland,51.617593,-0.118979,England,2025-07-22,,2.5,5.67,,,22.3,538.0,clear,clear,,cloudy,average,slow,,Phosphate reading was 2.50 blinking ie beyond the capacity of a low level Hanna checker,Reviewed: quality check complete
Waterfall Walk 1 (Upstream),Pymmes Brook,51.622216,-0.13638,Barnet,2025-07-22,,1.46,0.14,4.84,14.0,17.8,852.0,clear,clear,,cloudy,average,steady,urban,"The river was very high three days ago, but when I tested it was back at normal level.",Reviewed: quality check complete
Waterfall Walk 2 (Downstream),Pymmes Brook,51.62178,-0.136051,Barnet,2025-07-22,,1.53,0.2,5.26,14.0,17.8,862.0,clear,clear,,cloudy,average,steady,urban,"The river was very high three days ago, but when I tested it was back at normal level. Small amounts of white foam by the outfall just upstream.",Reviewed: quality check complete
Arnos Park Growing Space (upstream),Pymmes Brook ,51.617697,-0.129111,Enfield,2025-07-22,,1.48,0.59,5.08,14.0,17.7,833.0,clear,clear,,cloudy,average,steady,urban,"The river was very high three days ago, but when I tested it was back at normal level.",Reviewed: quality check complete
Lordship Recreation Ground (Downstream),Moselle Brook,51.594777,-0.086985,Haringey,2025-07-22,,,3.21,,,,,clear,clear,no,"sunny, cloudy",average,steady,"residential, urban","This test was carried out on Tuesday.   The previous tests had only been carried out the previous Friday, ie 4 days before.   But the Friday test had been carried out after a period of dry weather.   Because there had been very heavy rain on the Saturday and some rain on the Sunday, another test was carried out to see if the results would be better because of the extra flow.   I was expecting the ammonia to be better, but in fact it was the worst it has been for some time.  However, the phosphate was a better result.",Reviewed: quality check complete
Broomfield Middle Lake North Inlet,Broomfield Middle Lake,51.617884,-0.117677,England,2025-07-22,,1.83,6.08,,,22.3,631.0,clear,clear,,cloudy,average,steady,,Secchi 12,Reviewed: quality check complete
Arnos Park Growing Space (downstream),Pymmes Brook ,51.617646,-0.128978,Enfield,2025-07-22,,1.38,0.44,3.91,14.0,17.7,833.0,clear,clear,,cloudy,average,steady,urban,"The river was very high three days ago, but when I tested it was back at normal level.",Reviewed: quality check complete
Hatch Roundabout - Downstream,The Ching,51.618456,0.00869,Waltham Forest,2025-07-23,,2.5,6.68,,,,,clear,clear,no,"sunny, cloudy",low,slow,,"Exceedingly (and abnormally) high ammonia reading this side of the roundabout (only 0.03 upstream, which is fairly typical here): something clearly coming out of one of the outfalls in the centre of the roundabout. So high/abnormal that I assumed user error, so I re-tested, but got a (slightly lower but still similarly) high reading again.",Reviewed: quality check complete
Hatch Roundabout - Upstream,The Ching,51.618979,0.008952,Waltham Forest,2025-07-23,,2.5,0.03,,,,,clear,clear,no,"sunny, cloudy",low,slow,,Compare typically very low ammonia reading this side vs abnormally very high reading other side of roundabout.,Reviewed: quality check complete
Vincent Road,The Ching,51.606119,0.004489,Waltham Forest,2025-07-24,,2.0,0.15,,,21.3,617.0,grey,cloudy,no,cloudy,average,slow,,,Reviewed: quality check complete
Sainsbury's,The Ching,51.604505,-0.019121,Waltham Forest,2025-07-24,9.1,1.6299999999999997,0.29,,,19.0,480.0,,,,"cloudy, rainy",,,,,Reviewed: quality check complete
Wadham Ave,The Ching,51.603672,-0.011865,Waltham Forest,2025-07-24,8.2,2.5,0.06,,,19.5,726.0,,,,"rainy, cloudy",,,,,Reviewed: quality check complete
Whitehall Outfall 5a,River Ching,51.626279,0.019638,Redbridge,2025-07-25,,2.5,0.18,,,,,clear,,no,"sunny, cloudy",,steady,residential,,Reviewed: quality check complete
Whitehall Outfall 5b,River Ching,51.626279,0.019638,Redbridge,2025-07-25,,2.31,0.36,,,,,clear,,no,"sunny, cloudy",,steady,residential,,Reviewed: quality check complete
The Charter Road (Gordon Avenue),The Ching,51.608856,0.009023,Waltham Forest,2025-07-25,,2.23,0.22,,,18.8,462.0,clear,clear,no,sunny,average,steady,"residential, urban",,Reviewed: quality check complete
Highams Park Lake,The Ching,51.613892,0.009555,Waltham Forest,2025-07-25,,2.12,0.09,,,18.6,500.0,clear,clear,no,sunny,,steady,"residential, other",,Reviewed: quality check complete
Folly Lane EA monitoring point,The Ching,51.60745,-0.030985,Waltham Forest,2025-07-25,,2.11,0.56,,,,663.0,clear,clear,no,sunny,low,steady,urban,,Reviewed: quality check complete
Markfield Park (Stonebridge Brook) CSO,River Lea,51.58111,-0.060575,Haringey,2025-07-26,,1.94,0.03,,,,,brown,clear,,cloudy,average,steady,,ammonia readings seem low- changed to new reagents but still same readings,Reviewed: quality check complete
Upstream of Markfield Park (Stonebridge Brook) CSO ,River Lea,51.58119,-0.060253,Waltham Forest,2025-07-26,,2.18,0.03,,,,,brown,clear,,cloudy,average,steady,,ammonia low- but similar to nearby reading today. unsure if my ammonia reader machine is ok as changed to new reagents and same results,Reviewed: quality check complete
Turkey Street (Upstream),Turkey Brook,51.668694,-0.034631,Enfield,2025-07-26,,1.95,0.16,,,,665.0,,,no,cloudy,average,slow,,Tube greater than 12,Reviewed: quality check complete
Turkey Street (Downstream),Turkey Brook,51.667892,-0.031325,Enfield,2025-07-26,,1.6,0.18,,,,651.0,,,no,cloudy,average,slow,,Tube greater than 12,Reviewed: quality check complete
Whitehall Plain,The Ching,51.627561,0.020547,Waltham Forest,2025-07-26,,1.03,0.33,,,,,brown,clear,,"sunny, cloudy, rainy",low,slow,other,"Water flow very slow, water level low. Multiple cattle feces in river and on bank.",Reviewed: quality check complete
Footbridge near Rangers Road,Ching Brook,51.634055,0.025535,Essex,2025-07-26,,0.34,0.15,,,,,brown,clear,,"sunny, cloudy, rainy",average,slow,,,Reviewed: quality check complete
Beech Hall Crescent CSO,River Ching,51.604332,0.000129,Waltham Forest,2025-07-27,,2.5,0.57,,,,,brown,clear,"yes, not_sure",sunny,low,slow,urban,2.50 flashing,Reviewed: quality check complete
Beech Hall,The Ching,51.604636,0.000755,Waltham Forest,2025-07-27,,2.5,0.47,,,,,brown,clear,"yes, not_sure",sunny,low,slow,,"Phosphate 2.50 flashing
River smelly today - I'm not sure what the smell is.  It seems stronger as the water comes out from under the bridge just after Hale End Road. A neighbour on Studley Avenue said he'd heard that the block of flats near the bridge has misconnections which drain immediately into the Ching under the bridge. ",Reviewed: quality check complete
Whitehall Outfalls,The Ching,51.626392,0.019922,Redbridge,2025-07-27,,2.5,1.4,,,,,clear,clear,no,cloudy,low,slow,,,Reviewed: quality check complete
D/S Whitehall Rd,The Ching,51.625457,0.019402,Redbridge,2025-07-27,,2.5,0.47,,,,,clear,clear,no,cloudy,low,slow,,,Reviewed: quality check complete
Newgate Street,The Ching,51.621835,0.016257,Waltham Forest,2025-07-27,,2.47,0.15,,,,,clear,clear,no,cloudy,low,slow,,,Reviewed: quality check complete
Vincent Road,The Ching,51.606119,0.004489,Waltham Forest,2025-07-31,,2.31,0.15,,,21.4,662.0,clear,,,"sunny, cloudy",average,still,,,Reviewed: quality check complete
Oak Hill Park 2 (Downstream),Pymmes Brook,51.638422,-0.156959,Barnet,2025-08-01,,1.42,0.2,,12.0,18.2,844.0,clear,clear,,sunny,,,residential_discharge,,Reviewed: quality check complete
Flood Relief Channel outflow,Old Lea,51.561278,-0.029612,Waltham Forest,2025-08-01,,0.38,0.4,,0.0,17.5,783.0,clear,clear,,"sunny, cloudy",low,slow,,,Reviewed: quality check complete
Folly Lane EA monitoring point,The Ching,51.60745,-0.030985,Waltham Forest,2025-08-01,,2.5,1.39,,,,818.0,clear,clear,,cloudy,low,steady,urban,,Reviewed: quality check complete
The Charter Road (Gordon Avenue),The Ching,51.608856,0.009023,Waltham Forest,2025-08-01,,2.5,0.18,,,17.3,616.0,clear,clear,,cloudy,average,steady,"residential, other",Phosphate result flashing indicating that the result is above 2.5,Reviewed: quality check complete
Sainsbury's,The Ching,51.604505,-0.019121,Waltham Forest,2025-08-01,,2.5,0.2,,,,,,,,sunny,,,,,Reviewed: quality check complete
Highams Park Lake,The Ching,51.613892,0.009555,Waltham Forest,2025-08-01,,2.5,0.23,,,17.6,623.0,clear,clear,,cloudy,,steady,"residential, other",Phosphate result flashing - above Hanna Checker range,Reviewed: quality check complete
Wadham Ave,The Ching,51.603672,-0.011865,Waltham Forest,2025-08-01,,2.3599999999999994,0.09,,,,,,,,sunny,,,,,Reviewed: quality check complete
Friends Bridge,Lea (Old River Lea),51.561403,-0.037255,Hackney,2025-08-01,,0.41,0.04,,0.0,20.9,958.0,clear,clear,,"sunny, cloudy",average,steady,,,Reviewed: quality check complete
Downstream of Jack’s Lake,Pymmes Brook,51.656668,-0.164216,Barnet,2025-08-01,,,,,,,,,,,,,,,,Reviewed: quality check complete
Whitehall Outfall 5a,River Ching,51.626279,0.019638,Redbridge,2025-08-02,,2.5,0.83,,,,,,,no,cloudy,,steady,residential,,Reviewed: quality check complete
Channelsea River Gas Holders ,Channelsea River,51.526949,-0.003434,England,2025-08-02,,1.7,0.17,,14.0,18.5,784.0,,cloudy,,sunny,average,still,,"Turbidity = Less than 14

Sample site quite shallow",Reviewed: quality check complete
The White House Bridge (Old River Lea),River Lea,51.55484,-0.025711,Hackney,2025-08-02,,1.76,0.1,,12.0,21.2,975.0,,,,cloudy,,,,,Reviewed: quality check complete
Point 2,Old River Lea,51.558503,-0.024698,Waltham Forest,2025-08-02,,1.7,0.12,,12.0,21.2,970.0,,,,cloudy,,,,"Water level quite high, water still and clear",Reviewed: quality check complete
Channelsea River by Northern Outfall,Channelsea River,51.529767,0.0002,England,2025-08-02,,1.68,0.2,,,19.4,673.0,,cloudy,,sunny,average,steady,,,Reviewed: quality check complete
Whitehall Outfall 5b,River Ching,51.626279,0.019638,Redbridge,2025-08-02,,2.5,0.04,,,,,other,cloudy,no,cloudy,,steady,residential,"Phosphates reading was 2.50 flashing.

Very cloudy water collected at this point today - photo attached. The two cuvettes on the right are this sample compared with the two cuvettes on the left which were collected from Outfall 5a.",Reviewed: quality check complete
Grovelands Park Stream below dam,Salmons Brook/Houndsden Gutter/Grovelands Stream,51.633371,-0.111863,Enfield,2025-08-03,,2.5,0.0,,12.0,19.4,533.0,,,,cloudy,,,,Phosphate reading flashing ie higher than recorded value,Reviewed: quality check complete
Grovelands Park Lake Downstream of reedbeds,Salmons Brook/Houndsden Gutter/Grovelands Stream,51.630991,-0.115829,Enfield,2025-08-03,,2.5,1.02,,12.0,20.5,534.0,,,,cloudy,,,,Phosphate reading flashing ie higher than recorded value,Reviewed: quality check complete
Grovelands Park Lake Entry,Salmons Brook/Houndsden Gutter/Grovelands Stream,51.630718,-0.116322,Enfield,2025-08-03,,2.5,2.18,,12.0,19.0,736.0,,,,cloudy,,,,Phosphate reading flashing ie higher than recorded value,Reviewed: quality check complete
North Access Road,Dagenham Brook,51.576136,-0.039847,England,2025-08-04,,2.5,0.93,,,,778.0,clear,clear,no,cloudy,low,slow,,phosphate reading flashing indicating levels in excess of 2.5,Reviewed: quality check complete
Dagenham Brook Bridge Rd U/S,Dagenham Brook ,51.571262,-0.030595,Waltham Forest,2025-08-04,,2.5,2.13,,,,775.0,clear,clear,no,"cloudy, rainy",low,slow,urban,phosphate reading flashing indicating levels in excess of 2.5,Reviewed: quality check complete
Hobart Corner,Bounds Green Brook,51.61262,-0.133703,Enfield,2025-08-04,,2.3,1.05,,14.0,18.8,858.0,,,,cloudy,,,,Small amount of sewage fungus,Reviewed: quality check complete
Whitehall Plain,The Ching,51.627561,0.020547,Waltham Forest,2025-08-05,,1.07,0.27,,,,,brown,clear,,sunny,low,still,,"No visible water flow, water level low but riverbed not dry, lots of natural debris floating in water.",Reviewed: quality check complete
Beech Hall,The Ching,51.604636,0.000755,Waltham Forest,2025-08-05,,2.5,0.37,,,,,brown,clear,"yes, attached, not_sure",sunny,low,steady,,Phosphate 2.50 flashing,Reviewed: quality check complete
Beech Hall Crescent CSO,River Ching,51.604332,0.000129,Waltham Forest,2025-08-05,,2.5,0.39,,,,,brown,clear,"yes, not_sure",sunny,low,steady,urban,Phosphate 2.50 not flashing,Reviewed: quality check complete
Footbridge near Rangers Road,Ching Brook,51.634055,0.025535,Essex,2025-08-05,,0.19,0.2,,,,,brown,clear,,sunny,average,slow,,,Reviewed: quality check complete
Vincent Road,The Ching,51.606119,0.004489,Waltham Forest,2025-08-07,,2.5,0.05,,,19.1,813.0,clear,,no,cloudy,low,still,,,Reviewed: quality check complete
Wadham Ave,The Ching,51.603672,-0.011865,Waltham Forest,2025-08-08,,2.4,0.05,,,,,,,,cloudy,,,,,Reviewed: quality check complete
Folly Lane EA monitoring point,The Ching,51.60745,-0.030985,Waltham Forest,2025-08-08,,2.5,1.31,,,,1010.0,clear,clear,,"sunny, cloudy",low,steady,urban,phosphate reading flashing indicating >2.5 ppm,Reviewed: quality check complete
Sainsbury's,The Ching,51.604505,-0.019121,Waltham Forest,2025-08-08,,2.5,0.06,,,,,,,,cloudy,,,,Phosphates maxed out,Reviewed: quality check complete
Whitehall Outfall 5a,River Ching,51.626279,0.019638,Redbridge,2025-08-08,,2.5,3.72,,,,,clear,,no,sunny,low,slow,residential,Phosphates reading was flashing,Reviewed: quality check complete
Whitehall Outfall 5b,River Ching,51.626279,0.019638,Redbridge,2025-08-08,,2.49,0.93,,,,,clear,,no,sunny,,steady,residential,,Reviewed: quality check complete
Highams Park Lake,The Ching,51.613892,0.009555,Waltham Forest,2025-08-08,,2.5,0.09,,,18.1,863.0,clear,clear,no,sunny,low,slow,other,Phosphate result flashing indicating that the result is above 2.5ppm,Reviewed: quality check complete
The Charter Road (Gordon Avenue),The Ching,51.608856,0.009023,Waltham Forest,2025-08-08,,2.5,0.14,,,18.0,857.0,clear,clear,no,sunny,low,slow,"residential, urban",Phosphate result flashing indicating that the result is higher than 2.5ppm,Reviewed: quality check complete
Bottom of Berms,Old Lea,51.560985,-0.034761,Waltham Forest,2025-08-09,,2.21,0.13,,,,,,,,,,,,,Reviewed: quality check complete
Lea Bridge Weir (downstream),Old Lea,51.561715,-0.043795,Hackney,2025-08-09,,2.5,0.17,,,,,,,,,,,,,Reviewed: quality check complete
Top of Berms,Old Lea,51.561327,-0.035427,Waltham Forest,2025-08-09,,2.25,0.13,,,,,,,,,,,,,Reviewed: quality check complete
Whitehall Plain,The Ching,51.627561,0.020547,Waltham Forest,2025-08-15,,1.13,0.57,,,,,clear,clear,,"sunny, cloudy",low,still,,,Reviewed: quality check complete
Sainsbury's,The Ching,51.604505,-0.019121,Waltham Forest,2025-08-15,8.3,2.5,0.09,,,21.0,874.0,,,,sunny,,,,,Reviewed: quality check complete
Wadham Ave,The Ching,51.603672,-0.011865,Waltham Forest,2025-08-15,8.3,2.5,0.0,,,21.0,851.0,,,,sunny,,,,,Reviewed: quality check complete
Beech Hall,The Ching,51.604636,0.000755,Waltham Forest,2025-08-15,,2.5,0.0,,,,,,,,sunny,,,,,Reviewed: quality check complete
Folly Lane EA monitoring point,The Ching,51.60745,-0.030985,Waltham Forest,2025-08-15,,2.5,3.05,,,,911.0,clear,clear,no,sunny,low,steady,urban,phosphate reading flashing indicating >2.50 ppm,Reviewed: quality check complete
Highams Park Lake,The Ching,51.613892,0.009555,Waltham Forest,2025-08-15,,1.17,0.1,,,19.7,863.0,clear,clear,no,sunny,low,slow,other,May be slightly low reading since some powder reagent was left in the packet by mistake,Reviewed: quality check complete
The Charter Road (Gordon Avenue),The Ching,51.608856,0.009023,Waltham Forest,2025-08-15,,2.5,0.16,,,19.8,869.0,clear,clear,no,sunny,low,slow,"residential, urban",,Reviewed: quality check complete
Whitehall Outfall 5a,River Ching,51.626279,0.019638,Redbridge,2025-08-15,,2.5,0.1,,,,,clear,,no,sunny,,steady,residential,Phosphate reading was flashing,Reviewed: quality check complete
Whitehall Outfall 5b,River Ching,51.626279,0.019638,Redbridge,2025-08-15,,2.5,0.34,,,,,clear,,no,sunny,,steady,residential,Phosphates reading was flashing,Reviewed: quality check complete
Footbridge near Rangers Road,Ching Brook,51.634055,0.025535,Essex,2025-08-15,,,,,,,,,,no,"sunny, cloudy",low,still,,Riverbed completely dry.,Reviewed: quality check complete
Lordship Recreation Ground (Downstream),Moselle Brook,51.594777,-0.086985,Haringey,2025-08-16,,,1.82,,,,,clear,clear,no,cloudy,average,steady,"residential, urban","There is little evidence of sewage fungus in the Moselle Brook in Lordship Rec at the moment so I was anticipating that the ammonia reading would be lower than average, which it was, so I was surprised to see that the phosphate had gone up and was higher than it had been for a long time.",Reviewed: quality check complete
Newgate Street,The Ching,51.621835,0.016257,Waltham Forest,2025-08-17,,2.5,0.04,,,,,clear,clear,no,sunny,low,slow,,,Reviewed: quality check complete
D/S Whitehall Rd,The Ching,51.625457,0.019402,Redbridge,2025-08-17,,2.5,0.15,,,,,clear,clear,no,sunny,low,slow,,,Reviewed: quality check complete
Whitehall Outfalls,The Ching,51.626392,0.019922,Redbridge,2025-08-17,,2.5,0.2,,,,,clear,clear,no,sunny,low,slow,,,Reviewed: quality check complete
Vincent Road,The Ching,51.606119,0.004489,Waltham Forest,2025-08-18,,2.5,0.06,,,21.2,818.0,clear,cloudy,no,cloudy,low,still,,,Reviewed: quality check complete
Turkey Street (Upstream),Turkey Brook,51.668694,-0.034631,Enfield,2025-08-18,,1.61,0.07,,,,721.0,,,"yes, not_sure",cloudy,,slow,,Tube 30,Reviewed: quality check complete
Turkey Street (Downstream),Turkey Brook,51.667892,-0.031325,Enfield,2025-08-18,,1.62,0.13,,,,721.0,clear,,no,cloudy,average,slow,,Tube less than 12,Reviewed: quality check complete
The Charter Road (Gordon Avenue),The Ching,51.608856,0.009023,Waltham Forest,2025-08-20,,2.5,0.04,,,17.4,859.0,clear,clear,,sunny,low,slow,urban_discharge,Hanna checker result flashing indicating that the Phosphate level is above 2.5 ppm,Reviewed: quality check complete
Friends Bridge,Lea (Old River Lea),51.561403,-0.037255,Hackney,2025-08-20,,1.07,0.77,,,20.4,976.0,clear,clear,,,low,slow,,,Reviewed: quality check complete
Flood Relief Channel outflow,Old Lea,51.561278,-0.029612,Waltham Forest,2025-08-20,,0.37,0.0,,,17.9,797.0,clear,clear,,,low,still,,,Reviewed: quality check complete
Broomfield Wetland SE Outlet,Broomfield Wetland,51.617373,-0.119515,Enfield,2025-08-20,,2.5,1.46,,14.0,,805.0,clear,clear,,cloudy,low,slow,other,,Reviewed: quality check complete
Broomfield Upper Lake NW Inlet,Broomfield Upper Lake,51.618446,-0.117374,England,2025-08-20,,2.5,7.01,,21.0,,902.0,brown,cloudy,floating_mats,cloudy,low,slow,urban_discharge,,Reviewed: quality check complete
North Inlet,Moore's Brooķ,51.628245,-0.086723,England,2025-08-20,,,,,,,,other,opaque,,cloudy,low,slow,residential,Lea Water Blitz have these water samples and are testing for ammonia and phosphate. I confirm turbidity of maybe 75 - water very opaque and warm.,Reviewed: quality check complete
Outlet,Moore's Brook,51.626611,-0.081703,England,2025-08-20,,,,,,,,clear,clear,,cloudy,low,slow,residential,What3words = often.dash.bunny,Reviewed: quality check complete
Broomfield Lower Lake SE Outlet,Broomfield Lower Lake ,51.61692,-0.118504,Enfield,2025-08-20,,2.2,6.73,,14.0,,757.0,clear,clear,,cloudy,average,slow,other,,Reviewed: quality check complete
Highams Park Lake,The Ching,51.613892,0.009555,Waltham Forest,2025-08-20,,2.5,0.06,,,18.0,842.0,clear,clear,,sunny,low,slow,other,Phosphate hanna checker result flashing indicating that the phosphate level is above 2.5 ppm,Reviewed: quality check complete
Outlet,Moore's Brook,51.626611,-0.081703,England,2025-08-20,,,,,,,,clear,clear,,cloudy,low,slow,residential,What3words = often.dash.bunny,Reviewed: quality check complete
South Inlet,Moore's Brook,51.627165,-0.087569,England,2025-08-21,,2.5,2.58,,12.0,17.0,866.0,clear,clear,,cloudy,low,slow,residential_discharge,,Reviewed: quality check complete
Outlet,Moore's Brook,51.626611,-0.081703,England,2025-08-21,,2.5,2.34,,12.0,16.0,776.0,clear,clear,,cloudy,low,slow,residential_discharge,,Reviewed: quality check complete
North Inlet,Moore's Brooķ,51.628245,-0.086723,England,2025-08-21,,2.5,4.54,,75.0,,785.0,grey,cloudy,,cloudy,low,slow,residential_discharge,,Reviewed: quality check complete
Footbridge near Rangers Road,Ching Brook,51.634055,0.025535,Essex,2025-08-22,,,,,,,,,,,sunny,low,,,River completely dry.,Reviewed: quality check complete
Sainsbury's,The Ching,51.604505,-0.019121,Waltham Forest,2025-08-22,,1.35,0.18,,,,,,clear,,,,,,,Reviewed: quality check complete
Whitehall Plain,The Ching,51.627561,0.020547,Waltham Forest,2025-08-25,,1.09,1.95,,,,,brown,cloudy,,sunny,low,still,other,"River not flowing, sample taken from still pool. Cattle feces in and around channel.",Reviewed: quality check complete
Whitehall Outfalls,The Ching,51.626392,0.019922,Redbridge,2025-08-26,,2.5,1.33,,,,,clear,clear,no,sunny,low,slow,,,Reviewed: quality check complete
D/S Whitehall Rd,The Ching,51.625457,0.019402,Redbridge,2025-08-26,,2.5,0.15,,,,,clear,clear,no,sunny,low,slow,,,Reviewed: quality check complete
Rectory Farm,Turkey Brook,51.671883,-0.105772,England,2025-08-26,,1.71,0.45,,,,1290.0,,clear,,cloudy,low,still,,"River not flowing , some dried bed tube less than 12",Reviewed: quality check complete
Newgate Street,The Ching,51.621835,0.016257,Waltham Forest,2025-08-26,,2.28,0.09,,,,,clear,clear,no,sunny,low,slow,,,Reviewed: quality check complete
Tottenham Cemetery,Moselle Brook,51.604345,-0.074322,Haringey,2025-08-28,,4.7,2.35,,,,,clear,clear,,sunny,average,steady,residential_discharge,The depth of the water is between 10-15 cms which is average at this site.   ,Reviewed: quality check complete
Sainsbury's,The Ching,51.604505,-0.019121,Waltham Forest,2025-08-29,,1.8,0.2,,,,,,clear,,,,,,,Reviewed: quality check complete
Wadham Ave,The Ching,51.603672,-0.011865,Waltham Forest,2025-08-29,,1.4,0.15,,,,,,,,"cloudy, sunny",,,,,Reviewed: quality check complete
Whitehall Outfall 5a,River Ching,51.626279,0.019638,Redbridge,2025-08-30,,2.5,0.46,,,,,clear,clear,,sunny,average,steady,residential_discharge,,Reviewed: quality check complete
Whitehall Outfall 5b,River Ching,51.626279,0.019638,Redbridge,2025-08-30,,2.41,2.04,,,,,clear,clear,,sunny,average,steady,residential_discharge,,Reviewed: quality check complete
Friends Bridge,Lea (Old River Lea),51.561403,-0.037255,Hackney,2025-08-31,,1.46,0.32,,,19.8,850.0,clear,clear,,sunny,low,slow,,,Reviewed: quality check complete
Flood Relief Channel outflow,Old Lea,51.561278,-0.029612,Waltham Forest,2025-08-31,,0.45,0.22,,,17.8,799.0,clear,clear,,sunny,low,still,,,Reviewed: quality check complete
Footbridge near Rangers Road,Ching Brook,51.634055,0.025535,Essex,2025-08-31,,0.2,0.27,,,,,brown,clear,,sunny,low,slow,,,Reviewed: quality check complete
Vincent Road,The Ching,51.606119,0.004489,Waltham Forest,2025-08-31,,2.39,0.12,,,19.6,678.0,clear,clear,,sunny,low,slow,,,Reviewed: quality check complete
Whitehall Plain,The Ching,51.627561,0.020547,Waltham Forest,2025-08-31,,1.23,0.38,,,,,clear,clear,,sunny,low,still,,"No visible flow in river, water level low.",Reviewed: quality check complete
North Access Road,Dagenham Brook,51.576136,-0.039847,England,2025-09-01,,2.5,3.81,,,,875.0,clear,clear,,cloudy,low,steady,urban_discharge,phosphate reading flashing so phosphates >2.50,Reviewed: quality check complete
D/S Whitehall Rd,The Ching,51.625457,0.019402,Redbridge,2025-09-01,,1.64,0.65,,,,,clear,clear,,sunny,low,steady,,,Reviewed: quality check complete
Newgate Street,The Ching,51.621835,0.016257,Waltham Forest,2025-09-01,,1.2,0.85,,,,,clear,,,sunny,low,steady,,,Reviewed: quality check complete
Whitehall Outfalls,The Ching,51.626392,0.019922,Redbridge,2025-09-01,,1.67,0.27,,,,,clear,clear,,sunny,low,steady,,,Reviewed: quality check complete
Upstream of Markfield Park (Stonebridge Brook) CSO ,River Lea,51.58119,-0.060253,Waltham Forest,2025-09-01,,2.04,0.09,,,,,brown,clear,,rainy,average,steady,,very marked difference to downstream at Stonebridge brook where obvious sewage seen discharging from the outflow,Reviewed: quality check complete
Markfield Park (Stonebridge Brook) CSO,River Lea,51.58111,-0.060575,Haringey,2025-09-01,,2.5,2.62,,,,,brown,opaque,,cloudy,average,steady,,"Sewage flowing into the Lea from Stonebridge brook outfall following heavy showers.
Strong sewage odour.
Ammonia reading very high and much higher than 20m upstream at the other observation",Reviewed: quality check complete
Dagenham Brook Bridge Rd U/S,Dagenham Brook ,51.571262,-0.030595,Waltham Forest,2025-09-01,,2.5,1.06,,,,753.0,clear,clear,,cloudy,low,still,urban_discharge,"phosphate reading flashing so phosphate level greater than 2.50
natural debris and litter both present, litter including balls and plastic bottles",Reviewed: quality check complete
Channelsea River by Northern Outfall,Channelsea River,51.529767,0.0002,England,2025-09-02,,1.82,0.14,,14.0,19.9,940.0,brown,clear,,sunny,low,slow,,"Turbidity = less than 14
TDS ppm conversion factor = 0.7",Reviewed: quality check complete
Channelsea River Gas Holders ,Channelsea River,51.526949,-0.003434,England,2025-09-02,,2.0,0.08,,14.0,19.8,948.0,brown,clear,,sunny,average,slow,,"Turbidity = less than 14

TDS ppm = conversion factor 0.7",Reviewed: quality check complete
Hobart Corner,Bounds Green Brook,51.61262,-0.133703,Enfield,2025-09-05,,2.06,2.4900000000000007,,,17.7,960.0,,,,sunny,,,,"Sewage fungus on rocks / branches. Moderate turbidity, moderate flow",Reviewed: quality check complete
Whitehall Outfall 5a,River Ching,51.626279,0.019638,Redbridge,2025-09-05,,2.26,0.09,,,,,clear,clear,,sunny,average,steady,residential_discharge,,Reviewed: quality check complete
Whitehall Outfall 5b,River Ching,51.626279,0.019638,Redbridge,2025-09-05,,2.45,3.22,,,,,clear,clear,,sunny,average,steady,residential_discharge,,Reviewed: quality check complete
Highams Park Lake,The Ching,51.613892,0.009555,Waltham Forest,2025-09-05,,0.86,0.2,,,16.3,694.0,clear,,,sunny,average,steady,other,We are using a low range ammonia Hanna checker. There isnt a box for recording this result so I have entered it into the Ammonia medium range box. The actual result is 0.2 ppm but it is showing as 0.00 in the summary,Reviewed: quality check complete
Wadham Ave,The Ching,51.603672,-0.011865,Waltham Forest,2025-09-05,,1.48,0.17,,,,,,,,sunny,,,,,Reviewed: quality check complete
Sainsbury's,The Ching,51.604505,-0.019121,Waltham Forest,2025-09-05,,1.4,0.07,,,,,,,,,,,,,Reviewed: quality check complete
The Charter Road (Gordon Avenue),The Ching,51.608856,0.009023,Waltham Forest,2025-09-05,,0.85,0.07,,,16.2,677.0,clear,clear,,sunny,average,steady,urban_discharge,,Reviewed: quality check complete
Folly Lane EA monitoring point,The Ching,51.60745,-0.030985,Waltham Forest,2025-09-05,,1.27,0.43,,,,740.0,clear,clear,not_sure,sunny,average,steady,urban_discharge,,Reviewed: quality check complete
Footbridge near Rangers Road,Ching Brook,51.634055,0.025535,Essex,2025-09-07,,0.29,0.35,,,,,brown,clear,,cloudy,average,steady,,,Reviewed: quality check complete
Whitehall Plain,The Ching,51.627561,0.020547,Waltham Forest,2025-09-07,,0.4,0.13,,,,,clear,clear,,cloudy,average,steady,,,Reviewed: quality check complete
Vincent Road,The Ching,51.606119,0.004489,Waltham Forest,2025-09-07,,1.68,0.14,,,21.1,702.0,clear,clear,,sunny,low,slow,,,Reviewed: quality check complete
Grovelands Park Lake Entry,Salmons Brook/Houndsden Gutter/Grovelands Stream,51.630718,-0.116322,Enfield,2025-09-08,,2.5,2.84,,14.0,16.0,540.0,,,,cloudy,,,,Phosphate reading flashing ie reading higher than recorded value,Reviewed: quality check complete
Whitehall Outfalls,The Ching,51.626392,0.019922,Redbridge,2025-09-08,,1.63,0.51,,,,,clear,clear,,sunny,low,steady,,,Reviewed: quality check complete
D/S Whitehall Rd,The Ching,51.625457,0.019402,Redbridge,2025-09-08,,0.83,0.51,,,,,clear,clear,,sunny,low,steady,,,Reviewed: quality check complete
Newgate Street,The Ching,51.621835,0.016257,Waltham Forest,2025-09-08,,1.09,0.24,,,,,,clear,,sunny,low,steady,,,Reviewed: quality check complete
Grovelands Park Stream below dam,Salmons Brook/Houndsden Gutter/Grovelands Stream,51.633371,-0.111863,Enfield,2025-09-08,,2.5,0.04,,14.0,16.0,533.0,,,,cloudy,,,,Phosphate reading flashing ie reading higher than recorded value,Reviewed: quality check complete
Grovelands Park Lake Downstream of reedbeds,Salmons Brook/Houndsden Gutter/Grovelands Stream,51.630991,-0.115829,Enfield,2025-09-08,,2.5,1.47,,,,,,,,cloudy,,,,Phosphate reading flashing ie reading higher than recorded value,Reviewed: quality check complete
Beech Hall Crescent CSO,River Ching,51.604332,0.000129,Waltham Forest,2025-09-09,,1.95,0.11,,,,,brown,,not_sure,rainy,low,steady,urban_discharge,,Reviewed: quality check complete
Beech Hall,The Ching,51.604636,0.000755,Waltham Forest,2025-09-09,,1.97,0.22,,,,,clear,clear,not_sure,rainy,low,slow,urban_discharge,,Reviewed: quality check complete
Maidens Bridge,Turkey Brook,51.671774,-0.06026,England,2025-09-12,7.52,1.52,0.24,,14.0,14.4,935.0,,,,,,,,,Reviewed: quality check complete
Cuffley Brook upstream,Cuffley Brook,51.674388,-0.07931,England,2025-09-12,7.35,2.09,0.11,,14.0,14.5,677.0,,,,,,,,,Reviewed: quality check complete
Rose and Crown pub,Turkey Brook,51.671316,-0.084225,England,2025-09-12,7.27,1.08,0.1,,25.0,15.0,685.0,,,,,,,,,Reviewed: quality check complete
Folly Lane EA monitoring point,The Ching,51.60745,-0.030985,Waltham Forest,2025-09-12,,1.65,0.69,,,,639.0,clear,clear,,"sunny, windy",low,steady,urban_discharge,,Reviewed: quality check complete
Highams Park Lake,The Ching,51.613892,0.009555,Waltham Forest,2025-09-12,,1.29,0.12,,,15.5,506.0,clear,clear,,cloudy,average,steady,other,stagnant water smell from the lake,Reviewed: quality check complete
The Charter Road (Gordon Avenue),The Ching,51.608856,0.009023,Waltham Forest,2025-09-12,,1.42,0.02,,,15.1,437.0,clear,clear,,cloudy,average,steady,urban_discharge,,Reviewed: quality check complete
Footbridge near Rangers Road,Ching Brook,51.634055,0.025535,Essex,2025-09-12,,0.13,0.23,,,,,brown,clear,,rainy,average,steady,,,Reviewed: quality check complete
Sainsbury's,The Ching,51.604505,-0.019121,Waltham Forest,2025-09-12,,1.22,0.11,,,,,,,,sunny,,,,,Reviewed: quality check complete
Wadham Ave,The Ching,51.603672,-0.011865,Waltham Forest,2025-09-12,,1.2,0.13,,,,,,,,"cloudy, sunny",,,,,Reviewed: quality check complete
Cattlegate Road,Turkey Brook,51.687675,-0.116758,England,2025-09-12,7.69,0.46,0.11,,14.0,14.4,940.0,,,,,,,,,Reviewed: quality check complete
Rectory Farm Footbridge,Turkey Brook,51.677515,-0.111974,England,2025-09-12,7.59,0.65,0.24,,14.0,14.3,794.0,,,,,,,,,Reviewed: quality check complete
Whitehall Plain,The Ching,51.627561,0.020547,Waltham Forest,2025-09-12,,0.14,0.26,,,,,clear,clear,,rainy,,steady,,,Reviewed: quality check complete
Bottom of Berms,Old Lea,51.560985,-0.034761,Waltham Forest,2025-09-13,,,0.08,,,,,,,,,,,,,Reviewed: quality check complete
Top of Berms,Old Lea,51.561327,-0.035427,Waltham Forest,2025-09-13,,2.5,0.12,,,,,,,,,,,,,Reviewed: quality check complete
Whitehall Outfall 5b,River Ching,51.626279,0.019638,Redbridge,2025-09-13,,2.07,0.84,,,,,clear,clear,,cloudy,average,steady,residential_discharge,,Reviewed: quality check complete
North Inlet,Moore's Brooķ,51.628245,-0.086723,England,2025-09-13,,2.21,1.57,,22.0,17.0,349.0,brown,cloudy,,cloudy,low,slow,residential_discharge,,Reviewed: quality check complete
Whitehall Outfall 5a,River Ching,51.626279,0.019638,Redbridge,2025-09-13,,2.38,0.28,,,,,clear,clear,,cloudy,average,steady,residential_discharge,,Reviewed: quality check complete
Outlet,Moore's Brook,51.626611,-0.081703,England,2025-09-13,,2.0,1.35,,75.0,17.5,398.0,grey,cloudy,no,sunny,low,still,residential,,Reviewed: quality check complete
North Inlet,Moore's Brooķ,51.628245,-0.086723,England,2025-09-13,,2.21,1.57,,22.0,17.0,349.0,clear,clear,no,sunny,average,slow,residential,,Reviewed: quality check complete
South Inlet,Moore's Brook,51.627165,-0.087569,England,2025-09-13,,1.5,2.58,,13.0,17.0,712.0,clear,clear,no,sunny,average,slow,residential,,Reviewed: quality check complete
Outlet,Moore's Brook,51.626611,-0.081703,England,2025-09-13,,2.0,1.35,,75.0,17.5,398.0,clear,clear,,cloudy,low,slow,residential_discharge,,Reviewed: quality check complete
South Inlet,Moore's Brook,51.627165,-0.087569,England,2025-09-13,,1.5,2.58,,13.0,17.0,712.0,clear,clear,,cloudy,low,slow,residential_discharge,,Reviewed: quality check complete
The White House Bridge (Old River Lea),River Lea,51.55484,-0.025711,Hackney,2025-09-14,,1.5,0.7,,,19.1,882.0,,,,"cloudy, windy",,,,I’m not sure about the phosphate result as the Checker was playing up.,Reviewed: quality check complete
Grovelands Park Lake Downstream of reedbeds,Salmons Brook/Houndsden Gutter/Grovelands Stream,51.630991,-0.115829,Enfield,2025-09-14,,2.5,1.38,,14.0,16.0,540.0,,,,cloudy,,,,Phosphate reading flashing ie reading higher than recorded value,Reviewed: quality check complete
Grovelands Park Stream below dam,Salmons Brook/Houndsden Gutter/Grovelands Stream,51.633371,-0.111863,Enfield,2025-09-14,,2.5,0.61,,14.0,16.0,533.0,,,,cloudy,,,,Phosphate reading flashing ie reading higher than recorded value,Reviewed: quality check complete
Grovelands Park Lake Entry,Salmons Brook/Houndsden Gutter/Grovelands Stream,51.630718,-0.116322,Enfield,2025-09-14,,2.5,9.46,,14.0,17.5,876.0,,,,cloudy,,,,Phosphate reading flashing ie reading higher than recorded value,Reviewed: quality check complete
Whitehall Outfalls,The Ching,51.626392,0.019922,Redbridge,2025-09-14,,0.8,0.28,,,,,clear,clear,,sunny,average,steady,,,Reviewed: quality check complete
D/S Whitehall Rd,The Ching,51.625457,0.019402,Redbridge,2025-09-14,,0.74,0.28,,,,,clear,clear,,sunny,average,steady,,,Reviewed: quality check complete
Newgate Street,The Ching,51.621835,0.016257,Waltham Forest,2025-09-14,,0.87,0.12,,,,,clear,clear,,sunny,average,steady,,,Reviewed: quality check complete
The White House Bridge (Old River Lea),River Lea,51.55484,-0.025711,Hackney,2025-09-14,,1.5,0.7,,12.0,19.1,882.0,brown,clear,,windy,average,steady,other,"I'm uncertain of the phosphate result as the Checker appeared to glitch.
Turbidity was actually less than 12, but the form only accepts 14 or greater.
I couldn't choose more than one parameter: pollution is from all three options.",Reviewed: quality check complete
Beech Hall,The Ching,51.604636,0.000755,Waltham Forest,2025-09-15,,1.18,0.15,,,,,clear,clear,not_sure,windy,average,surging,urban_discharge,,Reviewed: quality check complete
Beech Hall Crescent CSO,River Ching,51.604332,0.000129,Waltham Forest,2025-09-15,,1.33,0.12,,,,,brown,,not_sure,windy,average,surging,urban_discharge,,Reviewed: quality check complete
Hatch Roundabout - Downstream,The Ching,51.618456,0.00869,Waltham Forest,2025-09-17,,1.37,0.32,,,,,clear,clear,,cloudy,average,steady,residential_discharge,Difficult to estimate relative flow as this was my first observation,Reviewed: quality check complete
Hatch Roundabout - Upstream,The Ching,51.618979,0.008952,Waltham Forest,2025-09-17,,1.41,0.1,,,,,clear,clear,,cloudy,average,steady,residential_discharge,Difficult to estimate relative flow as this was my first observation,Reviewed: quality check complete
Folly Lane EA monitoring point,The Ching,51.60745,-0.030985,Waltham Forest,2025-09-19,,2.5,1.31,,,,778.0,clear,clear,,cloudy,low,steady,urban_discharge,phosphate reading flashing so >2.5,Reviewed: quality check complete
Sainsbury's,The Ching,51.604505,-0.019121,Waltham Forest,2025-09-19,,1.4,0.0,,,,,clear,clear,,,,,,Ammonia hanna checker may be faulty for this one - sent off for recalibration after,Reviewed: quality check complete
The Charter Road (Gordon Avenue),The Ching,51.608856,0.009023,Waltham Forest,2025-09-19,,1.76,0.08,,,17.5,675.0,clear,clear,,sunny,average,steady,"residential_discharge, urban_discharge",,Reviewed: quality check complete
Highams Park Lake,The Ching,51.613892,0.009555,Waltham Forest,2025-09-19,,2.34,0.12,,,17.6,669.0,clear,clear,,sunny,average,steady,other,,Reviewed: quality check complete
Newgate Street,The Ching,51.621835,0.016257,Waltham Forest,2025-09-20,,0.93,0.19,,,,,clear,clear,,cloudy,average,steady,,,Reviewed: quality check complete
D/S Whitehall Rd,The Ching,51.625457,0.019402,Redbridge,2025-09-20,,0.99,0.61,,,,,clear,clear,,cloudy,average,steady,,,Reviewed: quality check complete
Footbridge near Rangers Road,Ching Brook,51.634055,0.025535,Essex,2025-09-20,,0.21,0.22,,,,,brown,clear,,cloudy,average,steady,,,Reviewed: quality check complete
Whitehall Outfall 5a,River Ching,51.626279,0.019638,Redbridge,2025-09-20,,2.5,7.04,,,,,clear,,,windy,,steady,residential_discharge,"Phosphates result was 2.50 flashing.
I have reported this to the Thames Water help site as requested by Phillippa in an email on 21st August, but was unable to email gov.uk/report-water-pollution today. I will try again tomorrow.",Reviewed: quality check complete
Whitehall Outfall 5b,River Ching,51.626279,0.019638,Redbridge,2025-09-20,,2.5,0.92,,,,,clear,clear,,windy,,steady,residential_discharge,,Reviewed: quality check complete
Whitehall Plain,The Ching,51.627561,0.020547,Waltham Forest,2025-09-20,,0.22,0.19,,,,,clear,clear,,cloudy,average,steady,,,Reviewed: quality check complete
Whitehall Outfalls,The Ching,51.626392,0.019922,Redbridge,2025-09-20,,2.45,2.46,,,,,clear,clear,,cloudy,average,steady,,,Reviewed: quality check complete
Eversley Crescent Outfall (Downstream),Salmons Brook/Houndsden Gutter,51.639676,-0.107511,Enfield,2025-09-21,,,,,,,,,,,sunny,,,,,Reviewed: quality check complete
Eversley Crescent Outfall (Downstream),Salmons Brook/Houndsden Gutter,51.639676,-0.107511,Enfield,2025-09-21,,2.5,2.26,,,,,,,,sunny,,,,No sewage fungus,Reviewed: quality check complete
Grovelands Park Stream below dam,Salmons Brook/Houndsden Gutter/Grovelands Stream,51.633371,-0.111863,Enfield,2025-09-21,,2.5,0.04,,14.0,13.6,529.0,,,,cloudy,,,,Phosphate reading flashing ie higher than recorded value,Reviewed: quality check complete
Grovelands Park Lake Downstream of reedbeds,Salmons Brook/Houndsden Gutter/Grovelands Stream,51.630991,-0.115829,Enfield,2025-09-21,,2.5,1.41,,14.0,15.7,537.0,,,,cloudy,,,,Phosphate reading flashing ie higher than recorded value,Reviewed: quality check complete
Grovelands Park Lake Entry,Salmons Brook/Houndsden Gutter/Grovelands Stream,51.630718,-0.116322,Enfield,2025-09-21,,2.5,5.26,,14.0,16.7,793.0,,,,cloudy,,,,Phosphate reading flashing ie higher than recorded value,Reviewed: quality check complete
Beech Hall,The Ching,51.604636,0.000755,Waltham Forest,2025-09-22,,1.91,0.05,,,,,clear,clear,not_sure,rainy,average,steady,,,Reviewed: quality check complete
Beech Hall Crescent CSO,River Ching,51.604332,0.000129,Waltham Forest,2025-09-22,,1.91,0.12,,,,,clear,clear,not_sure,rainy,high,surging,urban_discharge,,Reviewed: quality check complete
Jolly Farmers Bridge,Salmons Brook,51.654995,-0.107234,England,2025-09-23,7.56,2.5,0.0,,14.0,14.4,889.0,,,,,,,,,Reviewed: quality check complete
Hadley Road Bridge,Salmons Brook,51.666017,-0.118286,England,2025-09-23,7.02,1.18,0.37,,14.0,11.4,853.0,,,,,,,,,Reviewed: quality check complete
Slopers Farm 1,Salmons Brook,51.674718,-0.173883,England,2025-09-23,7.9,0.63,0.03,,37.0,13.2,1310.0,,,,,,,,,Reviewed: quality check complete
Plumridge Farm 2,Salmons Brook,51.673322,-0.154733,England,2025-09-23,7.33,0.12,0.09,,14.0,13.0,1472.0,,,,,,,,,Reviewed: quality check complete
Botany Bay Bridge,Salmons Brook,51.673608,-0.134733,England,2025-09-23,,,,,,,,,,,,,,,Dry,Reviewed: quality check complete
Plumridge Farm 1,Salmons Brook,51.674437,-0.162223,England,2025-09-23,7.12,0.08,0.11,,14.0,11.4,1434.0,,,,,,,,,Reviewed: quality check complete
Hatch Roundabout - Downstream,The Ching,51.618456,0.00869,Waltham Forest,2025-09-24,,1.56,0.26,,,,,clear,clear,,cloudy,average,steady,residential_discharge,,Reviewed: quality check complete
Hatch Roundabout - Upstream,The Ching,51.618979,0.008952,Waltham Forest,2025-09-24,,1.17,0.12,,,,,clear,clear,,cloudy,average,steady,"residential_discharge, urban_discharge",,Reviewed: quality check complete
Tottenham Cemetery,Moselle Brook,51.604345,-0.074322,Haringey,2025-09-25,,5.1,2.1,,12.0,16.5,789.0,clear,clear,,sunny,average,steady,residential_discharge,"Phosphates disappointingly high, but this shows why is was important to get the higher range Hanna checkers, as for most of the observations in this dataset we only had the low range, which did not show the true extent of the phosphates.",Reviewed: quality check complete
The Charter Road (Gordon Avenue),The Ching,51.608856,0.009023,Waltham Forest,2025-09-26,,1.91,0.01,,,12.7,708.0,clear,clear,,cloudy,average,steady,"residential_discharge, urban_discharge",Egyptian goose pottering about in the water,Reviewed: quality check complete
Highams Park Lake,The Ching,51.613892,0.009555,Waltham Forest,2025-09-26,,1.88,0.03,,,13.1,702.0,clear,clear,,cloudy,average,steady,"residential_discharge, urban_discharge",,Reviewed: quality check complete
Newgate Street,The Ching,51.621835,0.016257,Waltham Forest,2025-09-26,,0.72,0.15,,,,,clear,clear,,cloudy,average,steady,,,Reviewed: quality check complete
D/S Whitehall Rd,The Ching,51.625457,0.019402,Redbridge,2025-09-26,,1.83,0.02,,,,,clear,clear,,cloudy,average,steady,,,Reviewed: quality check complete
Whitehall Outfalls,The Ching,51.626392,0.019922,Redbridge,2025-09-26,,2.5,0.74,,,,,clear,,,cloudy,average,steady,,,Reviewed: quality check complete
Whitehall Outfall 5b,River Ching,51.626279,0.019638,Redbridge,2025-09-26,,2.5,,,,,,clear,clear,,cloudy,,steady,residential_discharge,Phosphates result  was flashing,Reviewed: quality check complete
Folly Lane EA monitoring point,The Ching,51.60745,-0.030985,Waltham Forest,2025-09-26,,2.5,1.44,,,,778.0,clear,clear,,cloudy,low,steady,urban_discharge,oily sheen visible upstream from sampling site,Reviewed: quality check complete
Footbridge near Rangers Road,Ching Brook,51.634055,0.025535,Essex,2025-09-26,,0.17,0.14,,,,,clear,clear,,cloudy,average,steady,,,Reviewed: quality check complete
Whitehall Plain,The Ching,51.627561,0.020547,Waltham Forest,2025-09-26,,0.21,0.13,,,,,clear,clear,,cloudy,average,steady,,,Reviewed: quality check complete
Whitehall Outfall 5a,River Ching,51.626279,0.019638,Redbridge,2025-09-26,,2.5,0.51,,,,,clear,clear,,cloudy,average,steady,residential_discharge,Phosphates result was flashing,Reviewed: quality check complete
Turkey Street (Upstream),Turkey Brook,51.668694,-0.034631,Enfield,2025-09-28,,1.59,0.1,,14.0,,769.0,clear,clear,,cloudy,average,slow,other,,Reviewed: quality check complete
Turkey Street (Downstream),Turkey Brook,51.667892,-0.031325,Enfield,2025-09-28,,1.44,0.13,,14.0,,766.0,,clear,,cloudy,average,slow,,,Reviewed: quality check complete
Vincent Road,The Ching,51.606119,0.004489,Waltham Forest,2025-09-29,,2.01,0.11,,,13.5,691.0,clear,clear,,sunny,average,slow,,,Reviewed: quality check complete
Broomfield Upper Lake NW Inlet,Broomfield Upper Lake,51.618446,-0.117374,England,2025-09-30,,2.5,8.93,,12.0,17.6,799.0,clear,clear,,sunny,average,slow,other,,Reviewed: quality check complete
Broomfield Wetland SE Outlet,Broomfield Wetland,51.617373,-0.119515,Enfield,2025-09-30,,2.5,3.93,,12.0,15.7,702.0,clear,clear,,sunny,average,still,other,,Reviewed: quality check complete
Broomfield Middle Lake South Outlet,Broomfield Middle Lake,51.617608,-0.117846,Enfield,2025-09-30,,1.86,7.19,,14.0,18.2,789.0,brown,cloudy,,sunny,average,still,other,,Reviewed: quality check complete
Beech Hall,The Ching,51.604636,0.000755,Waltham Forest,2025-09-30,,2.13,0.13,,,,,brown,clear,not_sure,cloudy,average,steady,,,Reviewed: quality check complete
Flood Relief Channel outflow,Old Lea,51.561278,-0.029612,Waltham Forest,2025-09-30,,2.06,0.1,,,11.7,896.0,clear,clear,,sunny,low,still,,,Reviewed: quality check complete
Friends Bridge,Lea (Old River Lea),51.561403,-0.037255,Hackney,2025-09-30,,1.33,0.18,,,17.4,1060.0,clear,clear,,sunny,average,slow,,,Reviewed: quality check complete
Beech Hall Crescent CSO,River Ching,51.604332,0.000129,Waltham Forest,2025-09-30,,,2.26,,,,,clear,clear,not_sure,cloudy,average,steady,urban_discharge,smelly today,Reviewed: quality check complete
Broomfield Lower Lake SE Outlet,Broomfield Lower Lake ,51.61692,-0.118504,Enfield,2025-09-30,,2.5,7.3,,12.0,16.1,713.0,clear,clear,,sunny,average,still,,,Reviewed: quality check complete
Hatch Roundabout - Downstream,The Ching,51.618456,0.00869,Waltham Forest,2025-10-01,,2.5,0.35,,,,,clear,clear,,cloudy,low,slow,"residential_discharge, urban_discharge",*Phosphate exceeded 2.50 measurement limit.  Repeated test - same result.  Difficult to sample with the pole method as flow was so low.  Evidence of rats nearby.,Reviewed: quality check complete
Hatch Roundabout - Upstream,The Ching,51.618979,0.008952,Waltham Forest,2025-10-01,,2.23,0.14,,,,,clear,clear,,cloudy,low,slow,"residential_discharge, urban_discharge",No scum at sample point but small area of thin scum 2m upstream behind a natural 'damn'.,Reviewed: quality check complete
Channelsea River by Northern Outfall,Channelsea River,51.529767,0.0002,England,2025-10-02,,2.09,0.23,,14.0,17.5,1060.0,brown,clear,,sunny,,steady,,Very low high tide,Reviewed: quality check complete
Channelsea River Gas Holders ,Channelsea River,51.526949,-0.003434,England,2025-10-02,,1.91,0.12,,14.0,17.8,1070.0,brown,clear,,sunny,high,still,,Other Water Conductivity result = 721,Reviewed: quality check complete
Hobart Corner,Bounds Green Brook,51.61262,-0.133703,Enfield,2025-10-03,,1.25,1.02,,,17.5,504.0,grey,cloudy,,rainy,average,steady,"residential_discharge, urban_discharge",,Reviewed: quality check complete
Hobart Corner,Bounds Green Brook,51.61262,-0.133703,Enfield,2025-10-03,,1.25,1.02,,30.0,17.5,504.0,,,,"rainy, cloudy",,,,"Mild smell of sewage. Usual rubbish, algae and sewage fungus",Reviewed: quality check complete
D/S Whitehall Rd,The Ching,51.625457,0.019402,Redbridge,2025-10-03,,1.51,0.29,,,,,clear,clear,,rainy,average,steady,,,Reviewed: quality check complete
The Charter Road (Gordon Avenue),The Ching,51.608856,0.009023,Waltham Forest,2025-10-03,,2.5,0.56,,,15.0,787.0,clear,clear,,sunny,low,slow,residential_discharge,Phosphate checker level 2.5 flashing indicating that phosphate levels are above the limit of this Hanna Checker,Reviewed: quality check complete
Highams Park Lake,The Ching,51.613892,0.009555,Waltham Forest,2025-10-03,,1.26,0.18,,,15.2,831.0,clear,clear,,cloudy,average,steady,other,,Reviewed: quality check complete
Whitehall Outfalls,The Ching,51.626392,0.019922,Redbridge,2025-10-03,,2.31,0.2,,,,,clear,clear,,rainy,average,steady,,,Reviewed: quality check complete
Newgate Street,The Ching,51.621835,0.016257,Waltham Forest,2025-10-03,,1.86,0.54,,,,,clear,clear,,rainy,average,steady,,,Reviewed: quality check complete
Arnos Park Growing Space (downstream),Pymmes Brook ,51.617646,-0.128978,Enfield,2025-10-04,,0.79,0.16,7.71,,14.6,456.0,,,,cloudy,,,,river slightly more coloured and with slightly increased flow than normal after recent rain,Reviewed: quality check complete
Arnos Park Growing Space (upstream),Pymmes Brook ,51.617697,-0.129111,Enfield,2025-10-04,,0.78,0.19,7.82,,14.6,450.0,,,,cloudy,,,,river slightly more coloured and with slightly increased flow than normal after recent rain,Reviewed: quality check complete
Waterfall Walk 2 (Downstream),Pymmes Brook,51.62178,-0.136051,Barnet,2025-10-04,,0.88,0.25,6.79,,14.0,596.0,,,,cloudy,,,,river slightly more coloured and with slightly increased flow than normal after recent rain,Reviewed: quality check complete
Waterfall Walk 1 (Upstream),Pymmes Brook,51.622216,-0.13638,Barnet,2025-10-04,,0.8,0.1,7.01,14.0,14.6,560.0,,,,cloudy,,,,River slightly coloured and with slightly increased flow compared to norma,Reviewed: quality check complete
Broomfield Lower Lake SE Outlet,Broomfield Lower Lake ,51.61692,-0.118504,Enfield,2025-10-05,,,,3.38,,12.0,,,clear,,,,,,,Reviewed: quality check complete
Broomfield Upper Lake South Outlet,Broomfield Upper Lake,51.617937,-0.117409,Enfield,2025-10-05,,,,2.16,,13.1,,clear,,,,,,,,Reviewed: quality check complete
The White House Bridge (Old River Lea),River Lea,51.55484,-0.025711,Hackney,2025-10-05,,1.34,0.12,,12.0,17.1,,clear,clear,,"sunny, windy",average,steady,other,"Pollution sources are industrial, residential and urban. 3 October had heavy rain all day.",Reviewed: quality check complete
Beech Hall Crescent CSO,River Ching,51.604332,0.000129,Waltham Forest,2025-10-05,,1.97,0.28,,,,,clear,clear,not_sure,sunny,average,steady,urban_discharge,,Reviewed: quality check complete
Point 2,Old River Lea,51.558503,-0.024698,Waltham Forest,2025-10-05,,1.58,0.16,,12.0,17.1,787.0,clear,clear,,sunny,average,steady,other,"Pollution sources are industrial, residential and urban road. Heavy rainfall all day 3 Oct.",Reviewed: quality check complete
Grovelands Park Lake Entry,Salmons Brook/Houndsden Gutter/Grovelands Stream,51.630718,-0.116322,Enfield,2025-10-05,,2.41,2.38,,14.0,16.1,784.0,,,,cloudy,,,,,Reviewed: quality check complete
Grovelands Park Lake Downstream of reedbeds,Salmons Brook/Houndsden Gutter/Grovelands Stream,51.630991,-0.115829,Enfield,2025-10-05,,2.5,1.32,,14.0,13.6,536.0,,,,cloudy,,,,Phosphate reading flashing ie higher than recorded value,Reviewed: quality check complete
Broomfield Middle Lake South Outlet,Broomfield Middle Lake,51.617608,-0.117846,Enfield,2025-10-05,,,,4.77,,11.8,,,clear,,,,,,,Reviewed: quality check complete
Grovelands Park Lake Outfall by cafe and dam,Salmons Brook/Houndsden Gutter/Grovelands Stream,51.632232,-0.112069,Enfield,2025-10-05,,2.5,2.68,,14.0,14.6,768.0,,,,cloudy,,,,Phosphate reading flashing ie higher than recorded value,Reviewed: quality check complete
Vincent Road,The Ching,51.606119,0.004489,Waltham Forest,2025-10-05,,1.7,0.09,,,14.7,647.0,clear,clear,,cloudy,low,still,,,Reviewed: quality check complete
Beech Hall,The Ching,51.604636,0.000755,Waltham Forest,2025-10-05,,1.86,0.33,,,,,brown,clear,not_sure,sunny,average,steady,,,Reviewed: quality check complete
Grovelands Park Stream below dam,Salmons Brook/Houndsden Gutter/Grovelands Stream,51.633371,-0.111863,Enfield,2025-10-05,,2.5,0.73,,14.0,13.6,532.0,,,,cloudy,,,,Phosphate reading flashing ie higher than recorded value,Reviewed: quality check complete
Broomfield Upper Lake NW Inlet,Broomfield Upper Lake,51.618446,-0.117374,England,2025-10-06,,5.3,,,,18.4,752.0,clear,clear,,sunny,average,steady,other,,Reviewed: quality check complete
Broomfield Wetland SE Outlet,Broomfield Wetland,51.617373,-0.119515,Enfield,2025-10-06,,5.4,,,,14.3,707.0,clear,clear,,sunny,average,slow,other,,Reviewed: quality check complete
Broomfield Lower Lake SE Outlet,Broomfield Lower Lake ,51.61692,-0.118504,Enfield,2025-10-06,,7.5,,,,17.2,712.0,clear,clear,,sunny,average,still,other,,Reviewed: quality check complete
Whitehall Plain,The Ching,51.627561,0.020547,Waltham Forest,2025-10-06,,0.2,0.25,,,,,clear,clear,,"sunny, cloudy",average,slow,,,Reviewed: quality check complete
Footbridge near Rangers Road,Ching Brook,51.634055,0.025535,Essex,2025-10-06,,0.17,0.21,,,,,clear,clear,,"sunny, cloudy",low,slow,,,Reviewed: quality check complete
Folly Lane EA monitoring point,The Ching,51.60745,-0.030985,Waltham Forest,2025-10-06,,2.5,0.85,,,,831.0,clear,clear,,"sunny, windy",low,steady,urban_discharge,,Reviewed: quality check complete
Dagenham Brook Bridge Rd U/S,Dagenham Brook ,51.571262,-0.030595,Waltham Forest,2025-10-07,,2.38,0.63,,,17.0,539.0,clear,clear,not_sure,cloudy,average,steady,other,,Reviewed: quality check complete
Dagenham Brook Bridge Rd D/S,Dagenham Brook ,51.570977,-0.029842,Waltham Forest,2025-10-07,,2.13,0.88,,,17.0,552.0,clear,clear,not_sure,cloudy,average,steady,other,,Reviewed: quality check complete
Upstream of Leyton Jubilee Park's double outfall (what3words: ///curving.cups.brings),Dagenham Brook,51.562406,-0.022567,Waltham Forest,2025-10-07,,2.5,1.29,,,18.0,518.0,clear,clear,not_sure,cloudy,average,steady,other,,Reviewed: quality check complete
Downstream of Leyton Jubilee Park's double outfall (what3words: ///curving.cups.brings),Dagenham Brook,51.562256,-0.022184,Waltham Forest,2025-10-07,,2.43,1.65,,,18.1,578.0,clear,clear,not_sure,cloudy,,steady,other,,Reviewed: quality check complete
Hatch Roundabout - Upstream,The Ching,51.618979,0.008952,Waltham Forest,2025-10-08,,2.19,0.05,,,,,clear,clear,,cloudy,low,slow,,,Reviewed: quality check complete
Hatch Roundabout - Downstream,The Ching,51.618456,0.00869,Waltham Forest,2025-10-08,,1.47,0.59,,,,,clear,clear,,cloudy,low,slow,,Sewage fungus just upstream (other side of road / centre of roundabout),Reviewed: quality check complete
Plumridge Farm 1,Salmons Brook,51.674437,-0.162223,England,2025-10-09,7.53,0.14,0.09,,14.0,11.6,1170.0,,,,,,,,,Reviewed: quality check complete
Botany Bay Bridge,Salmons Brook,51.673608,-0.134733,England,2025-10-09,,,,,,,,,,,,,,,Dry,Reviewed: quality check complete
Hadley Road Bridge,Salmons Brook,51.666017,-0.118286,England,2025-10-09,7.23,1.91,0.09,,14.0,12.0,640.0,,,,,,,,,Reviewed: quality check complete
Jolly Farmers Bridge,Salmons Brook,51.654995,-0.107234,England,2025-10-09,7.77,2.5,0.2,,14.0,14.0,750.0,,,,,,,,,Reviewed: quality check complete
Plumridge Farm 2,Salmons Brook,51.673322,-0.154733,England,2025-10-09,7.23,0.12,0.07,,14.0,12.0,1230.0,,,,,,,,,Reviewed: quality check complete
Plumridge Farm 2,Salmons Brook,51.675,-0.169446,England,2025-10-09,6.97,0.07,0.03,,14.0,11.0,1060.0,,,,,,,,,Reviewed: quality check complete
Slopers Farm 1,Salmons Brook,51.674718,-0.173883,England,2025-10-09,8.03,0.68,0.04,,60.0,13.1,1130.0,,,,,,,,,Reviewed: quality check complete
Rose and Crown pub,Turkey Brook,51.671316,-0.084225,England,2025-10-10,7.8,2.5,0.05,,14.0,13.6,800.0,,,,,,,,,Reviewed: quality check complete
Whitehall Outfall 5a,River Ching,51.626279,0.019638,Redbridge,2025-10-10,,2.5,0.65,,,,,clear,clear,,cloudy,,steady,residential_discharge,Phosphates reading was flashing,Reviewed: quality check complete
Cuffley Brook upstream,Cuffley Brook,51.674388,-0.07931,England,2025-10-10,7.86,1.81,0.08,,14.0,13.1,800.0,,,,,,,,,Reviewed: quality check complete
Cattlegate Road,Turkey Brook,51.687675,-0.116758,England,2025-10-10,8.15,0.91,0.11,,14.0,12.4,1610.0,,,,,,,,,Reviewed: quality check complete
Whitehall Outfall 5b,River Ching,51.626279,0.019638,Redbridge,2025-10-10,,2.5,0.65,,,,,clear,clear,,cloudy,,steady,residential_discharge,Phosphates reading was flashing,Reviewed: quality check complete
Highams Park Lake,The Ching,51.613892,0.009555,Waltham Forest,2025-10-10,,2.5,0.09,,,14.7,875.0,clear,clear,,sunny,average,steady,other,"Samples were also tested at home at 11.30am when the water temperature was 17 degrees centigrade with the following results:
Ammonia: 0.12
Phosphate: 2.5 flashing
This shows that taking a sample home for testing in a plastic sampling bottle provides similar results to testing in the field",Reviewed: quality check complete
Rectory Farm Footbridge,Turkey Brook,51.677515,-0.111974,England,2025-10-10,7.79,0.99,0.09,,14.0,12.6,1050.0,,,,,,,,Dry directly under level sensor. Water collected from close by.,Reviewed: quality check complete
Maidens Bridge,Turkey Brook,51.671774,-0.06026,England,2025-10-10,7.85,1.78,0.91,,14.0,13.1,810.0,,,,,,,,,Reviewed: quality check complete
The Charter Road (Gordon Avenue),The Ching,51.608856,0.009023,Waltham Forest,2025-10-10,,2.5,0.17,,,14.7,876.0,clear,clear,,sunny,average,steady,"residential_discharge, urban_discharge","Samples were also tested at home at 11.50am with the following results:
Water temperature 17.5
conductivity 878
Ammonia 0.19
Phosphate: 2.45
This shows similar results to the testing in the field",Reviewed: quality check complete
Top of Berms,Old Lea,51.561327,-0.035427,Waltham Forest,2025-10-11,,,0.18,,,,,,clear,,cloudy,average,steady,,,Reviewed: quality check complete
South Inlet,Moore's Brook,51.627165,-0.087569,England,2025-10-11,,2.5,2.24,,12.0,16.5,775.0,clear,clear,,cloudy,low,slow,residential_discharge,,Reviewed: quality check complete
Vincent Road,The Ching,51.606119,0.004489,Waltham Forest,2025-10-11,,2.5,0.02,,,15.0,852.0,clear,clear,,cloudy,low,still,,,Reviewed: quality check complete
Beech Hall,The Ching,51.604636,0.000755,Waltham Forest,2025-10-11,,2.5,0.23,,,,,clear,clear,not_sure,sunny,low,steady,,"Phosphates 2.50 flashing
A neighbour said there are 15 perch in a pool just downstream
Saw a muntjac deer",Reviewed: quality check complete
Beech Hall Crescent CSO,River Ching,51.604332,0.000129,Waltham Forest,2025-10-11,,2.5,0.2,,,,,clear,clear,not_sure,sunny,low,steady,urban_discharge,Phosphates 2.50 flashing,Reviewed: quality check complete
Bottom of Berms,Old Lea,51.560985,-0.034761,Waltham Forest,2025-10-11,,,0.17,,,,,,,,cloudy,average,steady,,,Reviewed: quality check complete
Outlet,Moore's Brook,51.626611,-0.081703,England,2025-10-11,,0.25,3.76,,45.0,14.7,700.0,clear,clear,,cloudy,low,slow,residential_discharge,,Reviewed: quality check complete
North Inlet,Moore's Brooķ,51.628245,-0.086723,England,2025-10-11,,,0.83,,200.0,15.0,250.0,brown,cloudy,,cloudy,low,slow,residential_discharge,,Reviewed: quality check complete
Footbridge near Rangers Road,Ching Brook,51.634055,0.025535,Essex,2025-10-12,,0.19,0.28,,,,,brown,clear,,cloudy,low,slow,,,Reviewed: quality check complete
Whitehall Plain,The Ching,51.627561,0.020547,Waltham Forest,2025-10-12,,0.56,0.17,,,,,clear,clear,,cloudy,low,still,,"Water level very, low. No visible flow.",Reviewed: quality check complete
Downstream of Connaught Water,The Ching,51.63776,0.025654,Essex,2025-10-12,,,,,,,,,,,cloudy,,,,River completely dried up,Reviewed: quality check complete
Newgate Street,The Ching,51.621835,0.016257,Waltham Forest,2025-10-12,,2.5,0.04,,,,,clear,clear,,sunny,low,slow,,,Reviewed: quality check complete
D/S Whitehall Rd,The Ching,51.625457,0.019402,Redbridge,2025-10-12,,2.5,0.64,,,,,clear,clear,,sunny,low,slow,,,Reviewed: quality check complete
Whitehall Outfalls,The Ching,51.626392,0.019922,Redbridge,2025-10-12,,2.5,0.54,,,,,clear,clear,,sunny,low,slow,,,Reviewed: quality check complete
Rectory Farm,Turkey Brook,51.671883,-0.105772,England,2025-10-14,,0.71,0.12,,14.0,,968.0,,clear,,cloudy,,still,,,Reviewed: quality check complete
Hatch Roundabout - Downstream,The Ching,51.618456,0.00869,Waltham Forest,2025-10-15,,2.5,0.58,,,,,clear,clear,,cloudy,low,slow,urban_discharge,Phosphate exceeded 2.50,Reviewed: quality check complete
Hatch Roundabout - Upstream,The Ching,51.618979,0.008952,Waltham Forest,2025-10-15,,2.36,0.03,,,,,clear,clear,,cloudy,low,slow,urban_discharge,Bankside vegetation has been cut down at the sample site and debris remains in the water,Reviewed: quality check complete
Upstream of Markfield Park (Stonebridge Brook) CSO ,River Lea,51.58119,-0.060253,Waltham Forest,2025-10-16,,2.5,0.19,,,,,brown,clear,,cloudy,average,slow,,,Reviewed: quality check complete
Markfield Park (Stonebridge Brook) CSO,River Lea,51.58111,-0.060575,Haringey,2025-10-16,,,0.73,,,,,brown,clear,,cloudy,average,slow,,"this is my first test on these 2 sites since a sewage release incident, reported to the Environment agency etc at the Stonebridge outflow
Ammonia only as I have no phosphate sachets",Reviewed: quality check complete
Vincent Road,The Ching,51.606119,0.004489,Waltham Forest,2025-10-17,,2.5,0.07,,,14.5,879.0,clear,clear,,cloudy,average,still,,,Reviewed: quality check complete
The Charter Road (Gordon Avenue),The Ching,51.608856,0.009023,Waltham Forest,2025-10-17,,2.5,0.05,,,14.0,915.0,clear,clear,,cloudy,average,steady,"residential_discharge, urban_discharge",Leaf debris beginning to accumulate,Reviewed: quality check complete
Highams Park Lake,The Ching,51.613892,0.009555,Waltham Forest,2025-10-17,,2.5,0.01,,,14.2,906.0,clear,clear,,cloudy,average,steady,residential_discharge,,Reviewed: quality check complete
Whitehall Outfall 5a,River Ching,51.626279,0.019638,Redbridge,2025-10-18,,2.5,0.07,,,,,clear,,,cloudy,,steady,residential_discharge,Phosphates result was flashing,Reviewed: quality check complete
Whitehall Outfall 5b,River Ching,51.626279,0.019638,Redbridge,2025-10-18,,1.84,0.41,,,,,clear,,,cloudy,,steady,residential_discharge,,Reviewed: quality check complete
Folly Lane EA monitoring point,The Ching,51.60745,-0.030985,Waltham Forest,2025-10-18,,2.5,1.51,,,,895.0,clear,clear,,cloudy,average,steady,urban_discharge,"phosphate reading flashing indicating >2.50
litter and oily sheen upstream of testing site",Reviewed: quality check complete
Lordship Recreation Ground (Downstream),Moselle Brook,51.594777,-0.086985,Haringey,2025-10-18,,3.1,1.42,,,,,clear,clear,,cloudy,average,steady,"residential_discharge, urban_discharge",,Reviewed: quality check complete
Whitehall Plain,The Ching,51.627561,0.020547,Waltham Forest,2025-10-18,,0.7,0.32,,,,,clear,clear,,cloudy,low,still,,River not flowing.,Reviewed: quality check complete
Footbridge near Rangers Road,Ching Brook,51.634055,0.025535,Essex,2025-10-18,,0.2,0.23,,,,,clear,clear,,cloudy,low,still,,River not flowing.,Reviewed: quality check complete
Eversley Crescent Outfall (Downstream),Salmons Brook/Houndsden Gutter,51.639676,-0.107511,Enfield,2025-10-19,,,,,,,,,,,,,,,,Reviewed: quality check complete
Newgate Street,The Ching,51.621835,0.016257,Waltham Forest,2025-10-19,,2.47,0.1,,,,,clear,clear,,cloudy,low,slow,,,Reviewed: quality check complete
D/S Whitehall Rd,The Ching,51.625457,0.019402,Redbridge,2025-10-19,,2.5,0.0,,,,,clear,clear,,cloudy,low,slow,,,Reviewed: quality check complete
Whitehall Outfalls,The Ching,51.626392,0.019922,Redbridge,2025-10-19,,2.5,0.08,,,,,clear,clear,,cloudy,low,slow,urban_discharge,Foam on river reported to Thames Water on 15th October They investigated and placed a boom across the river about 20m downstream. Boom still in place although Thames Water advised the case is closed.,Reviewed: quality check complete
Grovelands Park Lake Downstream of reedbeds,Salmons Brook/Houndsden Gutter/Grovelands Stream,51.630991,-0.115829,Enfield,2025-10-19,,2.5,1.52,,14.0,14.0,588.0,,,,rainy,,,,Phosphate reading flashing ie higher than recorded value,Reviewed: quality check complete
Grovelands Park Stream below dam,Salmons Brook/Houndsden Gutter/Grovelands Stream,51.633371,-0.111863,Enfield,2025-10-19,,2.5,0.0,,14.0,14.6,539.0,,,,rainy,,,,Phosphate reading flashing ie higher than recorded value,Reviewed: quality check complete
South Inlet,Moore's Brook,51.627165,-0.087569,England,2025-10-21,,,,,,,,,,,,,,,,Reviewed: quality check complete
Beech Hall,The Ching,51.604636,0.000755,Waltham Forest,2025-10-21,,1.24,0.08,,,,,brown,clear,not_sure,cloudy,average,steady,urban_discharge,,Reviewed: quality check complete
Beech Hall Crescent CSO,River Ching,51.604332,0.000129,Waltham Forest,2025-10-21,,1.48,0.15,,,,,brown,clear,not_sure,cloudy,average,steady,urban_discharge,,Reviewed: quality check complete
Hatch Roundabout - Upstream,The Ching,51.618979,0.008952,Waltham Forest,2025-10-22,,1.21,0.12,,,,,clear,,,cloudy,low,slow,urban_discharge,Depth a little greater than last week,Reviewed: quality check complete
Hatch Roundabout - Downstream,The Ching,51.618456,0.00869,Waltham Forest,2025-10-22,,1.7,0.17,,,,,clear,clear,,cloudy,low,slow,urban_discharge,Depth a little greater than last week,Reviewed: quality check complete
Arnos Park Growing Space (downstream),Pymmes Brook ,51.617646,-0.128978,Enfield,2025-10-23,,0.71,0.29,8.67,,13.3,526.0,brown,cloudy,,cloudy,average,steady,urban_discharge,"River up and slightly coloured after overnight rain, increased inflow at outfall.",Reviewed: quality check complete
Arnos Park Growing Space (upstream),Pymmes Brook ,51.617697,-0.129111,Enfield,2025-10-23,,0.71,0.25,8.72,17.0,13.2,516.0,brown,cloudy,,cloudy,average,steady,urban_discharge,River up and slightly coloured after overnight rain,Reviewed: quality check complete
Waterfall Walk 2 (Downstream),Pymmes Brook,51.62178,-0.136051,Barnet,2025-10-23,,0.68,0.1,7.73,17.0,13.3,545.0,brown,cloudy,,cloudy,average,steady,urban_discharge,"River up and slightly coloured after overnight rain, strong inflow from outfall.",Reviewed: quality check complete
Waterfall Walk 1 (Upstream),Pymmes Brook,51.622216,-0.13638,Barnet,2025-10-23,,0.63,0.14,7.76,17.0,14.1,527.0,brown,cloudy,,cloudy,average,steady,,River up and slightly coloured after overnight rain,Reviewed: quality check complete
Folly Lane EA monitoring point,The Ching,51.60745,-0.030985,Waltham Forest,2025-10-24,,1.72,0.34,,,,800.0,clear,clear,,"sunny, windy",average,steady,urban_discharge,,Reviewed: quality check complete
The Charter Road (Gordon Avenue),The Ching,51.608856,0.009023,Waltham Forest,2025-10-24,,1.22,0.01,,,11.6,763.0,clear,clear,,"sunny, windy",average,steady,"residential_discharge, urban_discharge",,Reviewed: quality check complete
Highams Park Lake,The Ching,51.613892,0.009555,Waltham Forest,2025-10-24,,1.38,0.12,,,12.0,775.0,clear,clear,,"sunny, windy",average,steady,residential_discharge,,Reviewed: quality check complete
Sainsbury's,The Ching,51.604505,-0.019121,Waltham Forest,2025-10-24,,1.32,0.07,,,,,clear,clear,,rainy,,,,,Reviewed: quality check complete
Wadham Ave,The Ching,51.603672,-0.011865,Waltham Forest,2025-10-24,,1.19,0.09,,,,,clear,clear,,,average,steady,,,Reviewed: quality check complete
East Finchley Allotments - West Stream,Bounds Green Brook,51.594478,-0.165213,England,2025-10-25,,2.5,0.24,,,15.0,959.0,clear,clear,,cloudy,average,slow,residential_discharge,,Reviewed: quality check complete
Fuel Lands Allotments Confluence ,Bounds Green Brook,51.596795,-0.163737,England,2025-10-25,,1.32,0.2,,,14.0,990.0,clear,clear,,cloudy,average,slow,residential_discharge,,Reviewed: quality check complete
Whitehall Outfall 5a,River Ching,51.626279,0.019638,Redbridge,2025-10-25,,2.5,0.35,,,,,clear,clear,,"cloudy, windy",average,steady,residential_discharge,,Reviewed: quality check complete
Whitehall Outfall 5b,River Ching,51.626279,0.019638,Redbridge,2025-10-25,,1.03,0.5,,,,,clear,clear,,"cloudy, windy",,surging,residential_discharge,"Just after arrival water started surging out of this outfall. It continued for 5/6 minutes before reverting to its normal rate.
I have a video but am unable to upload it here.",Reviewed: quality check complete
East Finchley Allotments - East Stream,Bounds Green Brook,51.595286,-0.162522,England,2025-10-25,,1.64,3.89,,,15.6,1060.0,grey,cloudy,not_sure,cloudy,average,steady,"residential_discharge, urban_discharge",,Reviewed: quality check complete
Grovelands Park Stream below dam,Salmons Brook/Houndsden Gutter/Grovelands Stream,51.633371,-0.111863,Enfield,2025-10-26,,2.5,0.37,,14.0,11.2,517.0,,,,cloudy,,,,Phosphate reading flashing ie higher than recorded result,Reviewed: quality check complete
Grovelands Park Lake Downstream of reedbeds,Salmons Brook/Houndsden Gutter/Grovelands Stream,51.630991,-0.115829,Enfield,2025-10-26,,2.5,1.24,,14.0,10.6,531.0,,,,cloudy,,,,Phosphate reading flashing ie higher than recorded result,Reviewed: quality check complete
Grovelands Park Lake Entry,Salmons Brook/Houndsden Gutter/Grovelands Stream,51.630718,-0.116322,Enfield,2025-10-26,,2.43,1.99,,14.0,14.5,747.0,,,,cloudy,,,,,Reviewed: quality check complete
Beech Hall,The Ching,51.604636,0.000755,Waltham Forest,2025-10-26,,1.94,0.44,,,,,brown,clear,not_sure,sunny,average,steady,urban_discharge,,Reviewed: quality check complete
Newgate Street,The Ching,51.621835,0.016257,Waltham Forest,2025-10-26,,1.61,0.08,,,,,clear,clear,,"cloudy, windy",average,steady,,,Reviewed: quality check complete
Beech Hall Crescent CSO,River Ching,51.604332,0.000129,Waltham Forest,2025-10-26,,1.97,0.42,,,,,brown,clear,not_sure,sunny,average,steady,urban_discharge,,Reviewed: quality check complete
D/S Whitehall Rd,The Ching,51.625457,0.019402,Redbridge,2025-10-26,,1.62,0.24,,,,,clear,clear,,"cloudy, windy",average,steady,,,Reviewed: quality check complete
Whitehall Outfalls,The Ching,51.626392,0.019922,Redbridge,2025-10-26,,1.95,0.1,,,,,clear,clear,,"cloudy, windy",average,steady,,,Reviewed: quality check complete
Whitehall Plain,The Ching,51.627561,0.020547,Waltham Forest,2025-10-27,,0.27,0.24,,,,,clear,clear,,cloudy,average,steady,,,Reviewed: quality check complete
Downstream of Connaught Water,The Ching,51.63776,0.025654,Essex,2025-10-27,,,,,,,,,,,cloudy,low,,,No flow in Ching between lake and confluence with Cuckoo Brook which is flowing.,Reviewed: quality check complete
Footbridge near Rangers Road,Ching Brook,51.634055,0.025535,Essex,2025-10-27,,0.14,0.2,,,,,brown,clear,,cloudy,average,steady,,,Reviewed: quality check complete
Hatch Roundabout - Downstream,The Ching,51.618456,0.00869,Waltham Forest,2025-10-29,,2.24,0.33,,,,,clear,,,cloudy,low,slow,urban_discharge,A little leaf litter on and in the stream,Reviewed: quality check complete
Hatch Roundabout - Upstream,The Ching,51.618979,0.008952,Waltham Forest,2025-10-29,,1.17,0.05,,,,,clear,clear,,cloudy,low,slow,urban_discharge,A little leaf litter on and in the stream,Reviewed: quality check complete
Folly Lane EA monitoring point,The Ching,51.60745,-0.030985,Waltham Forest,2025-10-31,,2.4,0.97,,,,783.0,clear,clear,,cloudy,average,steady,urban_discharge,,Reviewed: quality check complete
Wadham Ave,The Ching,51.603672,-0.011865,Waltham Forest,2025-10-31,,1.69,0.06,,,14.0,744.0,clear,clear,,rainy,average,,,accidentally caught an olive,Reviewed: quality check complete
Flood Relief Channel outflow,Old Lea,51.561278,-0.029612,Waltham Forest,2025-10-31,,0.53,0.0,,,12.9,692.0,clear,clear,,cloudy,low,still,,,Reviewed: quality check complete
Friends Bridge,Lea (Old River Lea),51.561403,-0.037255,Hackney,2025-10-31,,1.69,0.01,,,15.9,966.0,clear,clear,,cloudy,low,slow,,,Reviewed: quality check complete
Highams Park Lake,The Ching,51.613892,0.009555,Waltham Forest,2025-10-31,,1.79,0.06,,,13.4,800.0,clear,,,rainy,average,steady,other,,Reviewed: quality check complete
Sainsbury's,The Ching,51.604505,-0.019121,Waltham Forest,2025-10-31,,2.24,0.06,,,14.0,749.0,clear,clear,,rainy,,,,,Reviewed: quality check complete
Whitehall Outfall 5a,River Ching,51.626279,0.019638,Redbridge,2025-11-01,,1.27,0.13,,,15.6,,clear,clear,,"sunny, windy",average,steady,residential_discharge,,Reviewed: quality check complete
Whitehall Outfall 5b,River Ching,51.626279,0.019638,Redbridge,2025-11-01,,0.92,0.37,,,15.5,,clear,clear,,"sunny, windy",,surging,residential_discharge,,Reviewed: quality check complete
D/S Whitehall Rd,The Ching,51.625457,0.019402,Redbridge,2025-11-02,,0.8,0.08,,,15.5,645.0,clear,clear,,sunny,average,steady,,,Reviewed: quality check complete
North Access Road,Dagenham Brook,51.576136,-0.039847,England,2025-11-02,,0.91,0.37,,,,645.0,clear,,,sunny,average,steady,urban_discharge,,Reviewed: quality check complete
Dagenham Brook Bridge Rd D/S,Dagenham Brook ,51.570977,-0.029842,Waltham Forest,2025-11-02,,1.47,0.79,,,,693.0,clear,clear,,sunny,average,steady,urban_discharge,,Reviewed: quality check complete
Grovelands Park Lake Entry,Salmons Brook/Houndsden Gutter/Grovelands Stream,51.630718,-0.116322,Enfield,2025-11-02,,0.5,0.43,,14.0,14.9,654.0,,,,sunny,,,,,Reviewed: quality check complete
Grovelands Park Lake Downstream of reedbeds,Salmons Brook/Houndsden Gutter/Grovelands Stream,51.630991,-0.115829,Enfield,2025-11-02,,2.5,0.93,,14.0,11.6,508.0,,,,sunny,,,,,Reviewed: quality check complete
Grovelands Park Stream below dam,Salmons Brook/Houndsden Gutter/Grovelands Stream,51.633371,-0.111863,Enfield,2025-11-02,,2.5,0.96,,14.0,12.0,509.0,,,,sunny,,,,Phosphate reading flashing ie higher than recorded value,Reviewed: quality check complete
Grovelands Park Lake Outfall by cafe and dam,Salmons Brook/Houndsden Gutter/Grovelands Stream,51.632232,-0.112069,Enfield,2025-11-02,,0.63,0.1,,14.0,14.0,668.0,,,,sunny,,,,,Reviewed: quality check complete
Footbridge near Rangers Road,Ching Brook,51.634055,0.025535,Essex,2025-11-02,,0.15,0.23,,,,,clear,clear,,cloudy,average,steady,,,Reviewed: quality check complete
Downstream of Connaught Water,The Ching,51.63776,0.025654,Essex,2025-11-02,,1.19,1.08,,,,,clear,clear,,sunny,low,still,,"No flow in Ching, sampled from still pool water at bottom of lake overflows.",Reviewed: quality check complete
Channelsea River Gas Holders ,Channelsea River,51.526949,-0.003434,England,2025-11-02,,1.32,0.0,,14.0,13.8,758.0,brown,cloudy,,"sunny, cloudy",high,steady,,"Other conductivity reading -13.8 temperature, 511 ppm
0.00 Ammonia reading not flashing, so it doesn't seem to be an error",Reviewed: quality check complete
Channelsea River by Northern Outfall,Channelsea River,51.529767,0.0002,England,2025-11-02,,2.4,0.14,,14.0,14.2,721.0,brown,cloudy,,"sunny, cloudy",high,still,,"2nd Water conductivity test=
Water temperature = 15.2
EC/ph meter-EC = 480ppm",Reviewed: quality check complete
Whitehall Plain,The Ching,51.627561,0.020547,Waltham Forest,2025-11-02,,0.36,0.34,,,,,clear,clear,,sunny,average,steady,,,Reviewed: quality check complete
Whitehall Outfalls,The Ching,51.626392,0.019922,Redbridge,2025-11-02,,1.05,0.08,,,15.0,690.0,clear,clear,,sunny,average,steady,,,Reviewed: quality check complete
Beech Hall,The Ching,51.604636,0.000755,Waltham Forest,2025-11-04,,1.68,0.06,,,,,clear,clear,not_sure,cloudy,average,steady,,,Reviewed: quality check complete
Beech Hall Crescent CSO,River Ching,51.604332,0.000129,Waltham Forest,2025-11-04,,1.59,0.0,,,,,brown,clear,not_sure,cloudy,average,steady,urban_discharge,,Reviewed: quality check complete
Hatch Roundabout - Upstream,The Ching,51.618979,0.008952,Waltham Forest,2025-11-05,,1.36,0.04,,,,,clear,clear,,cloudy,low,slow,urban_discharge,"Few leaves, a large piece of additional plastic litter",Reviewed: quality check complete
Hatch Roundabout - Downstream,The Ching,51.618456,0.00869,Waltham Forest,2025-11-05,,2.0,0.37,,,,,clear,clear,,cloudy,low,slow,urban_discharge,Lentils on and under the surface (!),Reviewed: quality check complete
Rectory Farm Footbridge,Turkey Brook,51.677515,-0.111974,England,2025-11-06,7.65,0.62,0.17,,14.0,12.2,1240.0,,,,,,,,Dry under level sensor. Water collected nearby.,Reviewed: quality check complete
Rose and Crown pub,Turkey Brook,51.671316,-0.084225,England,2025-11-06,7.44,0.25,0.18,,14.0,13.1,950.0,,,,,,,,,Reviewed: quality check complete
Cuffley Brook upstream,Cuffley Brook,51.674388,-0.07931,England,2025-11-06,7.46,1.58,0.63,,14.0,12.7,940.0,,,,,,,,,Reviewed: quality check complete
Maidens Bridge,Turkey Brook,51.671774,-0.06026,England,2025-11-06,7.53,1.26,0.12,,14.0,13.5,800.0,,,,,,,,,Reviewed: quality check complete
Sainsbury's,The Ching,51.604505,-0.019121,Waltham Forest,2025-11-07,,2.05,0.25,,,,,clear,clear,,"sunny, cloudy",average,steady,,,Reviewed: quality check complete
Wadham Ave,The Ching,51.603672,-0.011865,Waltham Forest,2025-11-07,,1.96,0.18,,,,,clear,clear,,sunny,average,steady,,,Reviewed: quality check complete
Hobart Corner,Bounds Green Brook,51.61262,-0.133703,Enfield,2025-11-07,,2.25,2.48,,14.0,16.1,1010.0,"green, grey",cloudy,not_sure,cloudy,average,steady,"residential_discharge, urban_discharge",observation by Ben,Reviewed: quality check complete
Highams Park Lake,The Ching,51.613892,0.009555,Waltham Forest,2025-11-07,,2.24,0.13,,,14.5,867.0,clear,clear,,cloudy,average,steady,other,Sample taken at 10.15 and tested at 10.50,Reviewed: quality check complete
The Charter Road (Gordon Avenue),The Ching,51.608856,0.009023,Waltham Forest,2025-11-07,,2.33,0.12,,,14.4,872.0,clear,,,cloudy,average,steady,"residential_discharge, urban_discharge",sample taken 10.40 tested at 11.00,Reviewed: quality check complete
Folly Lane EA monitoring point,The Ching,51.60745,-0.030985,Waltham Forest,2025-11-07,,2.5,0.93,,,,896.0,clear,clear,,cloudy,average,steady,urban_discharge,,Reviewed: quality check complete
Whitehall Outfalls,The Ching,51.626392,0.019922,Redbridge,2025-11-08,,2.45,0.28,,,15.3,905.0,clear,clear,,sunny,low,steady,,,Reviewed: quality check complete
D/S Whitehall Rd,The Ching,51.625457,0.019402,Redbridge,2025-11-08,,1.93,0.15,,,15.2,902.0,clear,,,sunny,low,steady,,,Reviewed: quality check complete
Newgate Street,The Ching,51.621835,0.016257,Waltham Forest,2025-11-08,,1.74,0.09,,,15.2,900.0,clear,clear,,sunny,low,steady,,,Reviewed: quality check complete
Whitehall Outfall 5b,River Ching,51.626279,0.019638,Redbridge,2025-11-08,,1.98,2.33,,,16.5,,clear,,,cloudy,,steady,residential_discharge,,Reviewed: quality check complete
Whitehall Outfall 5a,River Ching,51.626279,0.019638,Redbridge,2025-11-08,,2.5,0.89,,,17.3,,clear,,,,,steady,residential_discharge,,Reviewed: quality check complete
Beech Hall,The Ching,51.604636,0.000755,Waltham Forest,2025-11-09,,2.34,0.46,,,,,clear,clear,not_sure,"sunny, cloudy",,steady,,,Reviewed: quality check complete
Footbridge near Rangers Road,Ching Brook,51.634055,0.025535,Essex,2025-11-09,,0.15,0.33,,,,,clear,clear,,"sunny, cloudy",average,slow,,,Reviewed: quality check complete
Whitehall Plain,The Ching,51.627561,0.020547,Waltham Forest,2025-11-09,,0.48,0.24,,,,,clear,clear,,cloudy,low,slow,,,Reviewed: quality check complete
Upstream of Leyton Jubilee Park's double outfall (what3words: ///curving.cups.brings),Dagenham Brook,51.562406,-0.022567,Waltham Forest,2025-11-09,,3.0,2.49,,,,,clear,clear,not_sure,cloudy,average,steady,other,,Reviewed: quality check complete
Downstream of Leyton Jubilee Park's double outfall (what3words: ///curving.cups.brings),Dagenham Brook,51.562256,-0.022184,Waltham Forest,2025-11-09,,3.4,3.65,,,,,clear,clear,,cloudy,average,steady,other,,Reviewed: quality check complete
Dagenham Brook D/S,Dagenham Brook ,51.564646,-0.023369,Waltham Forest,2025-11-09,,3.0,1.92,,,,,clear,clear,,cloudy,average,steady,industrial_discharge,,Reviewed: quality check complete
Beech Hall Crescent CSO,River Ching,51.604332,0.000129,Waltham Forest,2025-11-09,,2.49,0.35,,,,,clear,,not_sure,"sunny, cloudy",average,steady,urban_discharge,CSO obviously  discharged in the heavy rain earlier this week - new toilet paper is visible,Reviewed: quality check complete
Downstream of Connaught Water,The Ching,51.63776,0.025654,Essex,2025-11-09,,1.18,0.89,,,,,other,cloudy,,"sunny, cloudy",low,still,,"River not flowing (no water coming out of outfalls), sample collected from pool at bottom of outfall channel. Water full of leaves and natural debris/insects.",Reviewed: quality check complete
Rectory Farm,Turkey Brook,51.671883,-0.105772,England,2025-11-11,,0.43,0.06,,13.0,,650.0,,,,cloudy,average,slow,,,Reviewed: quality check complete
Slopers Farm 1,Salmons Brook,51.674718,-0.173883,England,2025-11-11,8.06,0.19,0.03,,240.0,12.0,870.0,,,,,,,,,Reviewed: quality check complete
Plumridge Farm 2,Salmons Brook,51.675,-0.169446,England,2025-11-11,7.63,0.03,0.06,,220.0,10.5,880.0,,,,,,,,Visible flow - too shallow to measure,Reviewed: quality check complete
Plumridge Farm 2,Salmons Brook,51.673322,-0.154733,England,2025-11-11,7.67,0.0,0.02,,14.0,10.9,1250.0,,,,,,,,,Reviewed: quality check complete
Hadley Road Bridge,Salmons Brook,51.666017,-0.118286,England,2025-11-11,7.54,,0.0,,14.0,11.1,1180.0,,,,,,,,L.Lo (light low) for Phosphate Hanna Checker,Reviewed: quality check complete
Jolly Farmers Bridge,Salmons Brook,51.654995,-0.107234,England,2025-11-11,,2.9,0.18,,14.0,,,,,,,,,,,Reviewed: quality check complete
Hatch Roundabout - Upstream,The Ching,51.618979,0.008952,Waltham Forest,2025-11-12,,0.99,0.0,,,,,clear,clear,,cloudy,low,slow,urban_discharge,Flow is little higher.  Repeated ammonia test after changing battery,Reviewed: quality check complete
Hatch Roundabout - Downstream,The Ching,51.618456,0.00869,Waltham Forest,2025-11-12,,1.28,0.19,,,,,clear,clear,,cloudy,low,slow,urban_discharge,Flow a little higher.  Rechecked phosphate after battery change,Reviewed: quality check complete
Highams Park Lake,The Ching,51.613892,0.009555,Waltham Forest,2025-11-14,,1.1,0.12,,,16.2,442.0,clear,clear,,rainy,average,steady,other,,Reviewed: quality check complete
The Charter Road (Gordon Avenue),The Ching,51.608856,0.009023,Waltham Forest,2025-11-14,,0.94,0.08,,,16.2,410.0,clear,clear,,rainy,average,steady,"residential_discharge, urban_discharge",,Reviewed: quality check complete
Folly Lane EA monitoring point,The Ching,51.60745,-0.030985,Waltham Forest,2025-11-14,,0.88,0.4,,,,408.0,clear,cloudy,,rainy,high,surging,urban_discharge,,Reviewed: quality check complete
Whitehall Outfalls,The Ching,51.626392,0.019922,Redbridge,2025-11-15,,0.53,0.21,,,14.6,774.0,clear,clear,,cloudy,average,steady,,,Reviewed: quality check complete
D/S Whitehall Rd,The Ching,51.625457,0.019402,Redbridge,2025-11-15,,0.52,0.19,,,,,clear,clear,,cloudy,average,steady,,,Reviewed: quality check complete
Newgate Street,The Ching,51.621835,0.016257,Waltham Forest,2025-11-15,,0.53,0.2,,,15.4,772.0,clear,clear,,cloudy,average,steady,,,Reviewed: quality check complete
Whitehall Outfall 5a,River Ching,51.626279,0.019638,Redbridge,2025-11-16,,1.63,0.22,,,14.0,,clear,clear,,cloudy,average,,residential_discharge,,Reviewed: quality check complete
Broomfield Wetland NE Inlet,Broomfield Wetland,51.617593,-0.118979,England,2025-11-16,,5.7,5.73,,28.0,12.0,520.0,clear,clear,,cloudy,average,steady,urban_discharge,,Reviewed: quality check complete
Broomfield Upper Lake NW Inlet,Broomfield Upper Lake,51.618446,-0.117374,England,2025-11-16,,7.6,6.88,,12.0,14.0,725.0,clear,clear,,cloudy,high,steady,urban_discharge,,Reviewed: quality check complete
Beech Hall,The Ching,51.604636,0.000755,Waltham Forest,2025-11-16,,1.48,0.15,,,,,clear,clear,not_sure,sunny,average,steady,,,Reviewed: quality check complete
Beech Hall Crescent CSO,River Ching,51.604332,0.000129,Waltham Forest,2025-11-16,,2.03,0.05,,,,,clear,clear,not_sure,sunny,average,steady,urban_discharge,,Reviewed: quality check complete
Grovelands Park Stream below dam,Salmons Brook/Houndsden Gutter/Grovelands Stream,51.633371,-0.111863,Enfield,2025-11-16,,2.5,0.76,,14.0,12.5,498.0,,,,cloudy,,,,,Reviewed: quality check complete
Grovelands Park Lake Outfall by cafe and dam,Salmons Brook/Houndsden Gutter/Grovelands Stream,51.632232,-0.112069,Enfield,2025-11-16,,1.56,0.19,,14.0,14.0,727.0,,,,cloudy,,,,,Reviewed: quality check complete
Grovelands Park Lake Downstream of reedbeds,Salmons Brook/Houndsden Gutter/Grovelands Stream,51.630991,-0.115829,Enfield,2025-11-16,,2.17,0.76,,14.0,12.2,489.0,,,,cloudy,,,,,Reviewed: quality check complete
Footbridge near Rangers Road,Ching Brook,51.634055,0.025535,Essex,2025-11-16,,0.3,0.19,,,,,"clear, brown",clear,,cloudy,average,steady,,,Reviewed: quality check complete
Whitehall Plain,The Ching,51.627561,0.020547,Waltham Forest,2025-11-16,,0.23,0.25,,,,,clear,clear,,cloudy,average,steady,,,Reviewed: quality check complete
Downstream of Connaught Water,The Ching,51.63776,0.025654,Essex,2025-11-16,,0.71,0.47,,,,,clear,clear,,cloudy,low,still,,"River not flowing, no water coming out of lake outfalls. Sample collected from still pool.",Reviewed: quality check complete
Whitehall Outfall 5b,River Ching,51.626279,0.019638,Redbridge,2025-11-16,,1.17,0.71,,,14.3,,clear,clear,,cloudy,,steady,residential_discharge,,Reviewed: quality check complete
Grovelands Park Lake Entry,Salmons Brook/Houndsden Gutter/Grovelands Stream,51.630718,-0.116322,Enfield,2025-11-16,,2.18,2.91,,14.0,14.2,771.0,,,,cloudy,,,,,Reviewed: quality check complete
Broomfield Wetland SE Outlet,Broomfield Wetland,51.617373,-0.119515,Enfield,2025-11-16,,6.2,2.89,,12.0,16.1,422.0,clear,clear,,cloudy,average,steady,urban_discharge,,Reviewed: quality check complete
Hatch Roundabout - Upstream,The Ching,51.618979,0.008952,Waltham Forest,2025-11-20,,0.9,0.0,,,,,clear,clear,,cloudy,low,steady,urban_discharge,Highest flow observed since at least late September.  Rat seen.  ,Reviewed: quality check complete
Hatch Roundabout - Downstream,The Ching,51.618456,0.00869,Waltham Forest,2025-11-20,,1.15,0.25,,,,,clear,clear,,cloudy,low,steady,urban_discharge,,Reviewed: quality check complete
Wadham Ave,The Ching,51.603672,-0.011865,Waltham Forest,2025-11-21,,1.2,0.0,,,,,clear,clear,,sunny,,,,ammonia level double checked to verify,Reviewed: quality check complete
Folly Lane EA monitoring point,The Ching,51.60745,-0.030985,Waltham Forest,2025-11-21,,2.15,0.66,,,,794.0,clear,clear,,sunny,average,steady,urban_discharge,,Reviewed: quality check complete
The Charter Road (Gordon Avenue),The Ching,51.608856,0.009023,Waltham Forest,2025-11-21,,1.27,0.09,,,6.3,867.0,clear,clear,,sunny,average,steady,"residential_discharge, urban_discharge",Water temperature low so samples allowed to warm up at home before testing,Reviewed: quality check complete
Whitehall Outfall 5a,River Ching,51.626279,0.019638,Redbridge,2025-11-21,,2.08,0.01,,,12.6,,clear,clear,,sunny,average,steady,residential_discharge,,Reviewed: quality check complete
Whitehall Outfall 5b,River Ching,51.626279,0.019638,Redbridge,2025-11-21,,1.98,1.04,,,13.0,,clear,clear,,sunny,average,steady,residential_discharge,,Reviewed: quality check complete
Downstream of Connaught Water,The Ching,51.63776,0.025654,Essex,2025-11-21,,0.36,0.3,,,,,clear,clear,,"sunny, cloudy",low,still,,"River not flowing, samples collected from still pool. No water coming out of lake outfalls.",Reviewed: quality check complete
Highams Park Lake,The Ching,51.613892,0.009555,Waltham Forest,2025-11-21,,1.3,0.04,,,6.7,865.0,clear,clear,,sunny,average,steady,residential_discharge,Water temperature low so samples left to warm up at home before testing,Reviewed: quality check complete
Footbridge near Rangers Road,Ching Brook,51.634055,0.025535,Essex,2025-11-21,,0.11,0.16,,,,,clear,clear,,"sunny, cloudy",average,steady,,,Reviewed: quality check complete
Whitehall Plain,The Ching,51.627561,0.020547,Waltham Forest,2025-11-21,,0.26,0.14,,,,,clear,clear,,"sunny, cloudy",average,steady,,,Reviewed: quality check complete
Sainsbury's,The Ching,51.604505,-0.019121,Waltham Forest,2025-11-21,,2.02,0.25,,,,,clear,clear,,sunny,average,steady,,in stream works going on upstream at end of Cavendish Path to reprofile banks in unculverted section,Reviewed: quality check complete
North Inlet,Moore's Brooķ,51.628245,-0.086723,England,2025-11-22,,1.99,2.63,,12.0,8.2,670.0,clear,clear,,rainy,average,slow,residential_discharge,Challenging conditions ,Reviewed: quality check complete
South Inlet,Moore's Brook,51.627165,-0.087569,England,2025-11-22,,2.5,3.85,,12.0,13.5,785.0,clear,clear,,rainy,average,steady,residential_discharge,,Reviewed: quality check complete
Outlet,Moore's Brook,51.626611,-0.081703,England,2025-11-22,,1.06,1.43,,12.0,8.2,632.0,clear,clear,,rainy,average,slow,residential_discharge,,Reviewed: quality check complete
Newgate Street,The Ching,51.621835,0.016257,Waltham Forest,2025-11-23,,0.53,0.12,,,13.6,725.0,clear,clear,,sunny,average,steady,,,Reviewed: quality check complete
Whitehall Outfalls,The Ching,51.626392,0.019922,Redbridge,2025-11-23,,0.76,0.09,,,12.4,745.0,clear,clear,,sunny,average,surging,,,Reviewed: quality check complete
D/S Whitehall Rd,The Ching,51.625457,0.019402,Redbridge,2025-11-23,,0.44,0.13,,,12.6,690.0,clear,clear,,sunny,average,steady,,,Reviewed: quality check complete
Beech Hall,The Ching,51.604636,0.000755,Waltham Forest,2025-11-25,,1.25,0.22,,,,,clear,clear,not_sure,"sunny, cloudy",average,steady,,,Reviewed: quality check complete
Beech Hall Crescent CSO,River Ching,51.604332,0.000129,Waltham Forest,2025-11-25,,1.23,0.14,,,,,clear,clear,not_sure,"sunny, cloudy",average,steady,urban_discharge,,Reviewed: quality check complete
Lordship Recreation Ground (Downstream),Moselle Brook,51.594777,-0.086985,Haringey,2025-11-25,,5.2,2.39,,,12.3,834.0,clear,clear,,cloudy,average,steady,"residential_discharge, urban_discharge",,Reviewed: quality check complete
Hatch Roundabout - Upstream,The Ching,51.618979,0.008952,Waltham Forest,2025-11-26,,0.9,0.0,,,,,clear,clear,,sunny,low,steady,urban_discharge,,Reviewed: quality check complete
Hatch Roundabout - Downstream,The Ching,51.618456,0.00869,Waltham Forest,2025-11-26,,1.52,0.4,,,,,clear,clear,,sunny,low,steady,urban_discharge,,Reviewed: quality check complete
Turkey Street (Upstream),Turkey Brook,51.668694,-0.034631,Enfield,2025-11-27,,0.9,0.04,,21.0,,959.0,,,,cloudy,low,slow,,,Reviewed: quality check complete
Turkey Street (Downstream),Turkey Brook,51.667892,-0.031325,Enfield,2025-11-27,,0.53,0.12,,21.0,,942.0,clear,,,cloudy,low,slow,,,Reviewed: quality check complete
Highams Park Lake,The Ching,51.613892,0.009555,Waltham Forest,2025-11-28,,2.05,0.07,,,11.2,848.0,grey,cloudy,,cloudy,average,steady,other,Slight cloudiness around the outfall pipe ,Reviewed: quality check complete
The Charter Road (Gordon Avenue),The Ching,51.608856,0.009023,Waltham Forest,2025-11-28,,2.03,0.21,,,11.0,871.0,clear,,,cloudy,average,steady,"residential_discharge, urban_discharge",,Reviewed: quality check complete
Hobart Corner,Bounds Green Brook,51.61262,-0.133703,Enfield,2025-11-28,,,,,,,,,,,,,,,,Reviewed: quality check complete
Folly Lane EA monitoring point,The Ching,51.60745,-0.030985,Waltham Forest,2025-11-28,,2.25,0.39,,,,899.0,clear,clear,,cloudy,average,steady,urban_discharge,,Reviewed: quality check complete
Arnos Park Growing Space (upstream),Pymmes Brook ,51.617697,-0.129111,Enfield,2025-11-29,,1.09,0.39,8.39,,12.0,910.0,,,,,average,steady,,,Reviewed: quality check complete
Waterfall Walk 2 (Downstream),Pymmes Brook,51.62178,-0.136051,Barnet,2025-11-29,,1.03,0.69,7.56,25.0,12.0,917.0,,,,,average,steady,,Steady flow from outfall,Reviewed: quality check complete
Arnos Park Growing Space (downstream),Pymmes Brook ,51.617646,-0.128978,Enfield,2025-11-29,,1.07,0.51,8.32,,11.7,896.0,,,,,average,steady,,Steady flow from outfall,Reviewed: quality check complete
Waterfall Walk 1 (Upstream),Pymmes Brook,51.622216,-0.13638,Barnet,2025-11-29,,0.96,0.21,7.9,,11.8,878.0,grey,clear,,,average,steady,,,Reviewed: quality check complete
D/S Whitehall Rd,The Ching,51.625457,0.019402,Redbridge,2025-11-30,,1.14,0.24,,,11.4,925.0,clear,clear,,sunny,low,steady,,,Reviewed: quality check complete
Whitehall Outfalls,The Ching,51.626392,0.019922,Redbridge,2025-11-30,,1.28,0.2,,,12.5,995.0,clear,clear,,sunny,low,steady,,,Reviewed: quality check complete
Newgate Street,The Ching,51.621835,0.016257,Waltham Forest,2025-11-30,,0.82,0.11,,,,,clear,clear,,sunny,low,slow,,,Reviewed: quality check complete
Flood Relief Channel outflow,Old Lea,51.561278,-0.029612,Waltham Forest,2025-11-30,,0.67,0.29,,,7.2,903.0,clear,clear,,sunny,average,surging,,,Reviewed: quality check complete
Friends Bridge,Lea (Old River Lea),51.561403,-0.037255,Hackney,2025-11-30,,1.42,0.06,,,12.6,976.0,clear,clear,,sunny,average,steady,,,Reviewed: quality check complete
North Access Road,Dagenham Brook,51.576136,-0.039847,England,2025-12-01,,2.5,1.09,,,,802.0,grey,cloudy,,"cloudy, windy",high,steady,other,,Reviewed: quality check complete
Beech Hall Crescent CSO,River Ching,51.604332,0.000129,Waltham Forest,2025-12-02,,,0.08,,,,,clear,clear,not_sure,cloudy,average,steady,urban_discharge,"No phosphate reagent, so this sample not taken today",Reviewed: quality check complete
Beech Hall,The Ching,51.604636,0.000755,Waltham Forest,2025-12-02,,,0.08,,,,,clear,clear,not_sure,cloudy,average,steady,,"No phosphate reagent, so not done today",Reviewed: quality check complete
Hatch Roundabout - Downstream,The Ching,51.618456,0.00869,Waltham Forest,2025-12-03,,0.99,0.35,,,,,clear,clear,,sunny,low,steady,urban_discharge,,Reviewed: quality check complete
Hatch Roundabout - Upstream,The Ching,51.618979,0.008952,Waltham Forest,2025-12-03,,0.77,0.1,,,,,clear,clear,,sunny,low,steady,urban_discharge,,Reviewed: quality check complete
Cattlegate Road,Turkey Brook,51.687675,-0.116758,England,2025-12-03,,0.3,0.47,,30.0,7.8,1270.0,,,,,,,,pH probe faulty,Reviewed: quality check complete
Rectory Farm Footbridge,Turkey Brook,51.677515,-0.111974,England,2025-12-03,,0.26,0.46,,60.0,6.8,1300.0,,,,,,,,pH probe faulty,Reviewed: quality check complete
Rose and Crown pub,Turkey Brook,51.671316,-0.084225,England,2025-12-03,,0.96,0.44,,14.0,7.3,1180.0,,,,,,,,pH probe faulty,Reviewed: quality check complete
Cuffley Brook upstream,Cuffley Brook,51.674388,-0.07931,England,2025-12-03,,0.63,0.05,,35.0,7.2,1070.0,,,,,,,,pH probe faulty,Reviewed: quality check complete
Grovelands Park Lake Entry,Salmons Brook/Houndsden Gutter/Grovelands Stream,51.630718,-0.116322,Enfield,2025-12-03,,4.5,6.36,,14.0,13.3,753.0,,,,sunny,,,,,Reviewed: quality check complete
Grovelands Park Lake Downstream of reedbeds,Salmons Brook/Houndsden Gutter/Grovelands Stream,51.630991,-0.115829,Enfield,2025-12-03,,2.01,1.55,,14.0,9.2,536.0,,,,sunny,,,,,Reviewed: quality check complete
Grovelands Park Lake Outfall by cafe and dam,Salmons Brook/Houndsden Gutter/Grovelands Stream,51.632232,-0.112069,Enfield,2025-12-03,,0.37,0.08,,14.0,12.2,557.0,,,,sunny,,,,,Reviewed: quality check complete
Grovelands Park Stream below dam,Salmons Brook/Houndsden Gutter/Grovelands Stream,51.633371,-0.111863,Enfield,2025-12-03,,1.98,0.63,,14.0,9.3,499.0,,,,sunny,,,,,Reviewed: quality check complete
Maidens Bridge,Turkey Brook,51.671774,-0.06026,England,2025-12-03,,0.52,0.17,,21.0,7.5,1100.0,,,,,,,,pH probe faulty,Reviewed: quality check complete
Dagenham Brook Bridge Rd D/S,Dagenham Brook ,51.570977,-0.029842,Waltham Forest,2025-12-04,,2.5,1.75,,,,713.0,grey,cloudy,,"cloudy, windy",average,steady,urban_discharge,,Reviewed: quality check complete
The Charter Road (Gordon Avenue),The Ching,51.608856,0.009023,Waltham Forest,2025-12-05,,0.93,0.11,,,7.5,789.0,clear,clear,,sunny,average,steady,"residential_discharge, urban_discharge",sampling temperature 7.5 degrees C raised to 13.1 DegreesC before carrying out Hanna Checker testing,Reviewed: quality check complete
Highams Park Lake,The Ching,51.613892,0.009555,Waltham Forest,2025-12-05,,0.77,0.12,,,7.5,759.0,green,cloudy,,sunny,average,steady,other,"Slight cloudiness to the water
Collection temperature 7.5 degrees C raised to 13.1 degrees C before carrying out the Hanna checker testing",Reviewed: quality check complete
River Lea Flood Relief Channel,Footbridge beside Waterworks Centre into Waterworks Nature Reserve,51.564306,-0.036113,Waltham Forest,2025-12-05,,0.65,0.11,,,,,clear,clear,,cloudy,average,steady,,,Reviewed: quality check complete
Bridge by Springfield Marina,Coppermill Stream,51.573056,-0.056198,Waltham Forest,2025-12-05,,1.79,0.03,,,,,clear,clear,"evenly_dispersed, floating_mats",cloudy,average,slow,,,Reviewed: quality check complete
Sainsbury's,The Ching,51.604505,-0.019121,Waltham Forest,2025-12-05,,1.82,0.08,,,,,clear,,,sunny,high,steady,,in stream works still on going,Reviewed: quality check complete
Folly Lane EA monitoring point,The Ching,51.60745,-0.030985,Waltham Forest,2025-12-05,,1.27,0.54,,,,606.0,clear,clear,,cloudy,average,steady,urban_discharge,,Reviewed: quality check complete
Newgate Street,The Ching,51.621835,0.016257,Waltham Forest,2025-12-05,,0.53,0.14,,,10.4,772.0,clear,,,sunny,average,steady,,,Reviewed: quality check complete
D/S Whitehall Rd,The Ching,51.625457,0.019402,Redbridge,2025-12-05,,0.26,0.14,,,9.8,797.0,clear,clear,,sunny,average,steady,,,Reviewed: quality check complete
Whitehall Outfalls,The Ching,51.626392,0.019922,Redbridge,2025-12-05,,0.91,0.11,,,10.0,850.0,clear,clear,,sunny,average,steady,,,Reviewed: quality check complete
Wadham Ave,The Ching,51.603672,-0.011865,Waltham Forest,2025-12-05,,1.73,0.15,,,,,clear,clear,,sunny,high,steady,,,Reviewed: quality check complete
Channelsea River Gas Holders ,Channelsea River,51.526949,-0.003434,England,2025-12-06,,1.36,0.13,,14.0,11.7,906.0,brown,cloudy,,cloudy,high,steady,,"Conductivity also read: 614ppm tds
Phosphates = 1.36ppm",Reviewed: quality check complete
Channelsea River by Northern Outfall,Channelsea River,51.529767,0.0002,England,2025-12-06,,1.32,0.15,,14.0,11.5,904.0,brown,cloudy,,cloudy,high,steady,,Turbidity: Less than 14,Reviewed: quality check complete
Beech Hall Crescent CSO,River Ching,51.604332,0.000129,Waltham Forest,2025-12-09,,0.8,0.11,,,,,clear,clear,not_sure,"cloudy, rainy, windy",high,surging,urban_discharge,,Reviewed: quality check complete
Beech Hall,The Ching,51.604636,0.000755,Waltham Forest,2025-12-09,,1.05,0.11,,,,,clear,clear,not_sure,"cloudy, rainy, windy",high,surging,,,Reviewed: quality check complete
Hatch Roundabout - Downstream,The Ching,51.618456,0.00869,Waltham Forest,2025-12-10,,0.74,0.44,,,,,clear,clear,,sunny,low,steady,urban_discharge,A few rafts of bubbles have been described as foam.  A foam was also seen on the cuvette after shaking.,Reviewed: quality check complete
Hatch Roundabout - Upstream,The Ching,51.618979,0.008952,Waltham Forest,2025-12-10,,0.55,0.0,,,,,clear,clear,,sunny,low,steady,urban_discharge,,Reviewed: quality check complete
Whitehall Outfall 5b,River Ching,51.626279,0.019638,Redbridge,2025-12-11,,0.97,0.56,,,13.3,,clear,clear,,sunny,,steady,residential_discharge,,Reviewed: quality check complete
Whitehall Outfall 5a,River Ching,51.626279,0.019638,Redbridge,2025-12-11,,1.63,0.18,,,13.5,,clear,clear,,sunny,,steady,residential_discharge,,Reviewed: quality check complete
Plumridge Farm 1,Salmons Brook,51.674437,-0.162223,England,2025-12-12,,0.28,0.34,,14.0,10.0,970.0,,,,,,,,pH probe faulty,Reviewed: quality check complete
Plumridge Farm 2,Salmons Brook,51.673322,-0.154733,England,2025-12-12,,0.07,0.38,,14.0,9.5,1030.0,,,,,,,,pH probe faulty,Reviewed: quality check complete
The Charter Road (Gordon Avenue),The Ching,51.608856,0.009023,Waltham Forest,2025-12-12,,1.38,0.16,,,11.1,900.0,clear,clear,,cloudy,average,steady,"residential_discharge, urban_discharge",,Reviewed: quality check complete
Sainsbury's,The Ching,51.604505,-0.019121,Waltham Forest,2025-12-12,,0.9,0.11,,,,,,,,,,,,,Reviewed: quality check complete
Folly Lane EA monitoring point,The Ching,51.60745,-0.030985,Waltham Forest,2025-12-12,,1.94,1.87,,,12.6,966.0,clear,clear,,cloudy,average,steady,urban_discharge,,Reviewed: quality check complete
Jolly Farmers Bridge,Salmons Brook,51.654995,-0.107234,England,2025-12-12,,0.07,0.92,,14.0,,,,,,,,,,pH probe faulty,Reviewed: quality check complete
Wadham Ave,The Ching,51.603672,-0.011865,Waltham Forest,2025-12-12,,0.89,0.09,,,,,clear,clear,,,,,,,Reviewed: quality check complete
Highams Park Lake,The Ching,51.613892,0.009555,Waltham Forest,2025-12-12,,1.28,0.13,,,11.6,895.0,clear,clear,,cloudy,average,steady,other,,Reviewed: quality check complete
Hobart Corner,Bounds Green Brook,51.61262,-0.133703,Enfield,2025-12-12,,1.61,2.6,,14.0,15.4,1010.0,"brown, green, grey",clear,,cloudy,average,steady,"residential_discharge, urban_discharge",,Reviewed: quality check complete
Botany Bay Bridge,Salmons Brook,51.673608,-0.134733,England,2025-12-12,,0.15,0.57,,14.0,9.8,1030.0,,,,,,,,pH probe faulty,Reviewed: quality check complete
Hadley Road Bridge,Salmons Brook,51.666017,-0.118286,England,2025-12-12,,0.16,0.74,,14.0,9.6,810.0,,,,,,,,pH probe faulty,Reviewed: quality check complete
Plumridge Farm 2,Salmons Brook,51.675,-0.169446,England,2025-12-12,,,,,,,,,,,,,,,Visible flow but too shallow,Reviewed: quality check complete
Slopers Farm 1,Salmons Brook,51.674718,-0.173883,England,2025-12-12,,0.31,0.3,,45.0,10.1,1010.0,,,,,,,,pH probe faulty,Reviewed: quality check complete
Downstream of Connaught Water,The Ching,51.63776,0.025654,Essex,2025-12-14,,0.11,0.16,,,,,clear,clear,,sunny,average,slow,,,Reviewed: quality check complete
Footbridge near Rangers Road,Ching Brook,51.634055,0.025535,Essex,2025-12-14,,0.17,,,,,,clear,clear,,sunny,average,steady,,,Reviewed: quality check complete
Beech Hall,The Ching,51.604636,0.000755,Waltham Forest,2025-12-14,,1.69,0.16,,,,,clear,clear,not_sure,"sunny, windy",average,steady,,,Reviewed: quality check complete
Beech Hall Crescent CSO,River Ching,51.604332,0.000129,Waltham Forest,2025-12-14,,1.66,0.21,,,,,clear,clear,not_sure,"sunny, windy",average,steady,urban_discharge,"Looks like CSO has discharged recently, probably in the heavy rain last week, as there is more toilet paper on the exit from the CSO pipe than I have seen recently.  Picture attached. ",Reviewed: quality check complete
Newgate Street,The Ching,51.621835,0.016257,Waltham Forest,2025-12-15,,1.22,0.08,,,12.7,970.0,clear,clear,,cloudy,low,slow,,,Reviewed: quality check complete
Whitehall Outfalls,The Ching,51.626392,0.019922,Redbridge,2025-12-15,,1.56,0.11,,,12.4,1020.0,clear,clear,,cloudy,low,slow,,,Reviewed: quality check complete
D/S Whitehall Rd,The Ching,51.625457,0.019402,Redbridge,2025-12-15,,1.49,0.37,,,12.5,995.0,clear,clear,,cloudy,low,slow,,,Reviewed: quality check complete
Rectory Farm,Turkey Brook,51.671883,-0.105772,England,2025-12-16,,0.34,0.16,,50.0,,1190.0,,,,rainy,average,still,,,Reviewed: quality check complete
Hatch Roundabout - Upstream,The Ching,51.618979,0.008952,Waltham Forest,2025-12-17,,1.35,0.48,,,,,clear,clear,,cloudy,low,slow,urban_discharge,,Reviewed: quality check complete
Hatch Roundabout - Downstream,The Ching,51.618456,0.00869,Waltham Forest,2025-12-17,,2.01,0.52,,,,,clear,clear,,cloudy,low,slow,urban_discharge,,Reviewed: quality check complete
Tottenham Cemetery,Moselle Brook,51.604345,-0.074322,Haringey,2025-12-18,,2.0,0.14,,12.0,11.5,768.0,clear,cloudy,,sunny,high,steady,"residential_discharge, urban_discharge","The stream was cloudier than usual, so I have marked it as cloudy, although the colour was still clear, not grey.   The depth was twice the average at 20 cm - 35 cm.  
The levels of ammonia and phosphate were substantially lower than the last couple of readings, perhaps because of the high rainfall in the previous month and the Moselle Brook was twice its normal depth.  ",Reviewed: quality check complete
The Charter Road (Gordon Avenue),The Ching,51.608856,0.009023,Waltham Forest,2025-12-19,,0.48,0.16,,,9.3,782.0,clear,clear,,sunny,average,steady,"residential_discharge, urban_discharge","water temoerature raised above 11 degrees to carry out testing.
Foam on water surface due to high water flows over the weir",Reviewed: quality check complete
Highams Park Lake,The Ching,51.613892,0.009555,Waltham Forest,2025-12-19,,0.63,0.15,,,10.7,666.0,clear,clear,,sunny,average,steady,other,Water temp raised above 11 degrees to carry out testing,Reviewed: quality check complete
Whitehall Outfall 5b,River Ching,51.626279,0.019638,Redbridge,2025-12-20,,1.12,0.63,,,12.8,,clear,clear,,sunny,,steady,residential_discharge,,Reviewed: quality check complete
Whitehall Outfall 5a,River Ching,51.626279,0.019638,Redbridge,2025-12-20,,1.29,0.1,,,12.8,,clear,clear,,sunny,,steady,residential_discharge,,Reviewed: quality check complete
Lordship Recreation Ground (Downstream),Moselle Brook,51.594777,-0.086985,Haringey,2025-12-20,,1.8,0.21,,,10.0,777.0,clear,clear,,sunny,high,steady,"residential_discharge, urban_discharge",The Moselle Brook was at its highest level at the testing point as there had been heavy rain in the previous 24 hours.,Reviewed: quality check complete
Arnos Park Growing Space (downstream),Pymmes Brook ,51.617646,-0.128978,Enfield,2025-12-21,,0.67,0.27,9.43,17.0,10.5,777.0,brown,,,,,steady,,River coloured after recent rain,Reviewed: quality check complete
Grovelands Park Stream below dam,Salmons Brook/Houndsden Gutter/Grovelands Stream,51.633371,-0.111863,Enfield,2025-12-21,,1.42,0.65,,14.0,9.5,470.0,,,,cloudy,,,,,Reviewed: quality check complete
Arnos Park Growing Space (upstream),Pymmes Brook ,51.617697,-0.129111,Enfield,2025-12-21,,0.56,0.22,9.65,15.0,10.5,759.0,brown,,,,,steady,,River coloured after recent rain,Reviewed: quality check complete
Waterfall Walk 2 (Downstream),Pymmes Brook,51.62178,-0.136051,Barnet,2025-12-21,,0.85,0.33,8.99,15.0,10.9,769.0,brown,,,,,steady,,River coloured after recent rain,Reviewed: quality check complete
Waterfall Walk 1 (Upstream),Pymmes Brook,51.622216,-0.13638,Barnet,2025-12-21,,0.47,0.16,9.02,17.0,11.2,717.0,brown,,,,average,steady,,Recent rain had coloured the water,Reviewed: quality check complete
Eversley Crescent Outfall (Downstream),Salmons Brook/Houndsden Gutter,51.639676,-0.107511,Enfield,2025-12-21,,0.87,0.78,,,,,,cloudy,not_sure,,,,"residential_discharge, urban_discharge",sewage fungus on the rocks,Reviewed: quality check complete
Folly Lane EA monitoring point,The Ching,51.60745,-0.030985,Waltham Forest,2025-12-21,,1.21,0.84,,,10.04,765.0,clear,clear,,sunny,average,steady,urban_discharge,,Reviewed: quality check complete
Grovelands Park Lake Entry,Salmons Brook/Houndsden Gutter/Grovelands Stream,51.630718,-0.116322,Enfield,2025-12-21,,1.2,0.63,,14.0,12.7,688.0,,,,cloudy,,,,,Reviewed: quality check complete
Whitehall Outfalls,The Ching,51.626392,0.019922,Redbridge,2025-12-21,,0.49,0.12,,,10.6,765.0,clear,clear,,cloudy,average,steady,,,Reviewed: quality check complete
D/S Whitehall Rd,The Ching,51.625457,0.019402,Redbridge,2025-12-21,,0.5,0.11,,,11.7,775.0,clear,clear,,cloudy,average,steady,,,Reviewed: quality check complete
Newgate Street,The Ching,51.621835,0.016257,Waltham Forest,2025-12-21,,0.5,0.21,,,11.8,782.0,clear,clear,,cloudy,average,steady,,,Reviewed: quality check complete
Grovelands Park Lake Downstream of reedbeds,Salmons Brook/Houndsden Gutter/Grovelands Stream,51.630991,-0.115829,Enfield,2025-12-21,,1.27,0.56,,14.0,10.9,626.0,,,,cloudy,,,,,Reviewed: quality check complete
Grovelands Park Lake Outfall by cafe and dam,Salmons Brook/Houndsden Gutter/Grovelands Stream,51.632232,-0.112069,Enfield,2025-12-21,,0.55,0.09,,14.0,12.8,767.0,,,,cloudy,,,,,Reviewed: quality check complete
Beech Hall Crescent CSO,River Ching,51.604332,0.000129,Waltham Forest,2025-12-22,,0.89,0.08,,,,,brown,clear,not_sure,sunny,high,surging,urban_discharge,,Reviewed: quality check complete
Beech Hall,The Ching,51.604636,0.000755,Waltham Forest,2025-12-22,,0.73,0.07,,,,,brown,clear,not_sure,sunny,high,surging,,,Reviewed: quality check complete
Hatch Roundabout - Downstream,The Ching,51.618456,0.00869,Waltham Forest,2025-12-24,,1.01,0.79,,,,,clear,clear,,cloudy,low,steady,urban_discharge,,Reviewed: quality check complete
Downstream of Connaught Water,The Ching,51.63776,0.025654,Essex,2025-12-24,,0.03,0.05,,,,,clear,clear,,"sunny, cloudy",average,steady,,,Reviewed: quality check complete
Footbridge near Rangers Road,Ching Brook,51.634055,0.025535,Essex,2025-12-24,,0.15,0.09,,,,,clear,clear,,"sunny, cloudy",average,steady,,,Reviewed: quality check complete
Whitehall Plain,The Ching,51.627561,0.020547,Waltham Forest,2025-12-24,,0.3,0.12,,,,,clear,clear,,"sunny, cloudy",average,steady,,,Reviewed: quality check complete
Hatch Roundabout - Upstream,The Ching,51.618979,0.008952,Waltham Forest,2025-12-24,,0.67,0.18,,,,,clear,clear,,cloudy,low,steady,urban_discharge,,Reviewed: quality check complete
Sainsbury's,The Ching,51.604505,-0.019121,Waltham Forest,2025-12-26,,0.84,0.09,,,,,,,,,,,,,Reviewed: quality check complete
Wadham Ave,The Ching,51.603672,-0.011865,Waltham Forest,2025-12-26,,0.54,0.02,,,,,,,,,,,,,Reviewed: quality check complete
Folly Lane EA monitoring point,The Ching,51.60745,-0.030985,Waltham Forest,2025-12-27,,1.77,0.53,,,8.5,944.0,clear,clear,,"sunny, cloudy",average,steady,urban_discharge,,Reviewed: quality check complete
Whitehall Outfalls,The Ching,51.626392,0.019922,Redbridge,2025-12-28,,1.15,0.1,,,11.2,935.0,clear,clear,,cloudy,average,steady,,,Reviewed: quality check complete
D/S Whitehall Rd,The Ching,51.625457,0.019402,Redbridge,2025-12-28,,1.44,0.6,,,11.2,970.0,clear,clear,,cloudy,average,steady,,,Reviewed: quality check complete
Whitehall Outfalls,The Ching,51.626392,0.019922,Redbridge,2025-12-28,,1.67,0.67,,,11.3,1090.0,clear,clear,,cloudy,average,steady,,,Reviewed: quality check complete
Hatch Roundabout - Upstream,The Ching,51.618979,0.008952,Waltham Forest,2025-12-30,,1.24,0.34,,,,,clear,clear,,cloudy,low,slow,urban_discharge,Rats seen,Reviewed: quality check complete
Hatch Roundabout - Downstream,The Ching,51.618456,0.00869,Waltham Forest,2025-12-30,,1.81,0.54,,,,,clear,clear,,cloudy,low,slow,urban_discharge,,Reviewed: quality check complete
Flood Relief Channel outflow,Old Lea,51.561278,-0.029612,Waltham Forest,2025-12-31,,0.63,0.0,,,5.2,813.0,clear,clear,,sunny,average,steady,,,Reviewed: quality check complete
Friends Bridge,Lea (Old River Lea),51.561403,-0.037255,Hackney,2025-12-31,,2.03,0.01,,,10.5,974.0,clear,clear,,sunny,average,steady,,,Reviewed: quality check complete
Beech Hall Crescent CSO,River Ching,51.604332,0.000129,Waltham Forest,2026-01-02,,1.89,0.5,,,,,clear,clear,not_sure,sunny,average,steady,urban_discharge,,Reviewed: quality check complete
Beech Hall,The Ching,51.604636,0.000755,Waltham Forest,2026-01-02,,1.63,0.64,,,,,clear,clear,not_sure,sunny,average,steady,,There was a large amount of grey-looking fuzzy stuff on the stones under the water - I took a picture but it's hard to see because of the reflections - I wasn't sure whether it was some kind of algae or frost!,Reviewed: quality check complete
Folly Lane EA monitoring point,The Ching,51.60745,-0.030985,Waltham Forest,2026-01-02,,2.12,0.92,,,7.5,732.0,clear,clear,not_sure,sunny,low,steady,urban_discharge,,Reviewed: quality check complete
Whitehall Outfall 5a,River Ching,51.626279,0.019638,Redbridge,2026-01-03,,4.0,0.9,,,9.4,,clear,clear,,sunny,average,steady,residential_discharge,"Low range Phosphate test taken recording 2.50 flashing, a high range test then taken with the result as above.",Reviewed: quality check complete
Whitehall Outfall 5b,River Ching,51.626279,0.019638,Redbridge,2026-01-03,,0.28,1.33,,,8.5,,clear,,,sunny,average,steady,residential_discharge,,Reviewed: quality check complete
D/S Whitehall Rd,The Ching,51.625457,0.019402,Redbridge,2026-01-04,,1.52,0.58,,,5.9,1070.0,clear,clear,,sunny,low,slow,,,Reviewed: quality check complete
Newgate Street,The Ching,51.621835,0.016257,Waltham Forest,2026-01-04,,1.59,0.21,,,6.1,1060.0,clear,clear,,sunny,low,slow,,,Reviewed: quality check complete
East Finchley Allotments - East Stream,Bounds Green Brook,51.595286,-0.162522,England,2026-01-04,,2.5,6.72,,,7.9,,"green, grey",cloudy,not_sure,sunny,average,steady,residential_discharge,,Reviewed: quality check complete
Downstream of Connaught Water,The Ching,51.63776,0.025654,Essex,2026-01-04,,0.22,0.14,,,,,clear,clear,,sunny,average,steady,,,Reviewed: quality check complete
Footbridge near Rangers Road,Ching Brook,51.634055,0.025535,Essex,2026-01-04,,0.1,0.08,,,,,clear,clear,,sunny,average,steady,,,Reviewed: quality check complete
Whitehall Plain,The Ching,51.627561,0.020547,Waltham Forest,2026-01-04,,0.26,0.08,,,,,clear,clear,,sunny,average,steady,,,Reviewed: quality check complete
North Access Road,Dagenham Brook,51.576136,-0.039847,England,2026-01-04,,2.5,1.37,,,6.3,894.0,clear,clear,,sunny,average,steady,urban_discharge,tree branches forming a dam at sampling point,Reviewed: quality check complete
Whitehall Outfalls,The Ching,51.626392,0.019922,Redbridge,2026-01-04,,2.08,0.39,,,6.3,1050.0,clear,clear,,sunny,low,slow,,,Reviewed: quality check complete
Channelsea River Gas Holders ,Channelsea River,51.526949,-0.003434,England,2026-01-06,,1.02,,,14.0,6.3,1060.0,brown,cloudy,,cloudy,high,steady,,Ammonia results lost,Reviewed: quality check complete
Channelsea River by Northern Outfall,Channelsea River,51.529767,0.0002,England,2026-01-06,,1.4,,,14.0,6.3,1060.0,brown,cloudy,,cloudy,high,steady,,Ammonia results lost,Reviewed: quality check complete
Hatch Roundabout - Upstream,The Ching,51.618979,0.008952,Waltham Forest,2026-01-07,,1.32,0.08,,,,,clear,clear,,sunny,low,steady,urban_discharge,,Reviewed: quality check complete
Bridge by Springfield Marina,Coppermill Stream,51.573056,-0.056198,Waltham Forest,2026-01-09,,1.71,0.23,,14.0,8.1,,clear,clear,floating_mats,cloudy,average,slow,,,Reviewed: quality check complete
Hobart Corner,Bounds Green Brook,51.61262,-0.133703,Enfield,2026-01-09,,1.03,0.42,,15.0,8.8,1020.0,"green, grey",cloudy,not_sure,rainy,high,steady,"residential_discharge, urban_discharge, other, highway_discharge",,Reviewed: quality check complete
The Charter Road (Gordon Avenue),The Ching,51.608856,0.009023,Waltham Forest,2026-01-09,,1.76,1.03,,,5.0,713.0,brown,cloudy,,cloudy,high,surging,"residential_discharge, urban_discharge",Water temperature raised to 18.4 prior to testing,Reviewed: quality check complete
Highams Park Lake,The Ching,51.613892,0.009555,Waltham Forest,2026-01-09,,0.65,0.23,,,6.6,698.0,"brown, green",cloudy,,cloudy,high,surging,other,Water temperature raised to 18.2 prior to testing,Reviewed: quality check complete
River Lea Flood Relief Channel,Footbridge beside Waterworks Centre into Waterworks Nature Reserve,51.564306,-0.036113,Waltham Forest,2026-01-09,,1.23,0.19,,175.0,7.8,,brown,cloudy,,cloudy,high,surging,,,Reviewed: quality check complete
Folly Lane EA monitoring point,The Ching,51.60745,-0.030985,Waltham Forest,2026-01-09,,0.87,0.35,,,7.4,703.0,brown,opaque,,"cloudy, rainy, windy",high,steady,urban_discharge,,Reviewed: quality check complete
Upstream of Markfield Park (Stonebridge Brook) CSO ,River Lea,51.58119,-0.060253,Waltham Forest,2026-01-11,,2.01,0.23,,,,,clear,clear,,"cloudy, windy",average,steady,,,Reviewed: quality check complete
Newgate Street,The Ching,51.621835,0.016257,Waltham Forest,2026-01-11,,1.0,0.28,,,6.5,796.0,clear,clear,,cloudy,high,steady,,,Reviewed: quality check complete
D/S Whitehall Rd,The Ching,51.625457,0.019402,Redbridge,2026-01-11,,0.63,0.33,,,6.5,800.0,clear,clear,,cloudy,high,steady,,,Reviewed: quality check complete
Whitehall Outfalls,The Ching,51.626392,0.019922,Redbridge,2026-01-11,,0.94,0.58,,,7.0,833.0,clear,clear,,cloudy,high,steady,,,Reviewed: quality check complete
Markfield Park (Stonebridge Brook) CSO,River Lea,51.58111,-0.060575,Haringey,2026-01-11,,2.1,1.59,,,,,clear,clear,,"cloudy, windy",average,steady,,no visible sewage today but ammonia still higher than upstream,Reviewed: quality check complete
Downstream of Connaught Water,The Ching,51.63776,0.025654,Essex,2026-01-11,,0.08,0.04,,,,,clear,clear,,cloudy,average,slow,,"Connaught Water lake surface frozen, but water now flowing into Ching.",Reviewed: quality check complete
Whitehall Plain,The Ching,51.627561,0.020547,Waltham Forest,2026-01-11,,0.26,0.18,,,,,clear,clear,,cloudy,average,steady,,,Reviewed: quality check complete
Whitehall Outfall 5a,River Ching,51.626279,0.019638,Redbridge,2026-01-11,,,,,,9.4,,,,,,,,,Water temperature too low so no reading taken this week,Reviewed: quality check complete
Whitehall Outfall 5b,River Ching,51.626279,0.019638,Redbridge,2026-01-11,,,,,,9.9,,,,,,,,,Water temperature too low - no reading taken,Reviewed: quality check complete
Footbridge near Rangers Road,Ching Brook,51.634055,0.025535,Essex,2026-01-11,,0.25,0.18,,,,,brown,cloudy,,cloudy,average,steady,,,Reviewed: quality check complete
Beech Hall Crescent CSO,River Ching,51.604332,0.000129,Waltham Forest,2026-01-13,,0.6,0.13,,,,,brown,cloudy,not_sure,cloudy,high,surging,urban_discharge,"Lost my scoop from the telescopic pole as the water flow was so fast!
",Reviewed: quality check complete
Downstream of Jack’s Lake,Pymmes Brook,51.656668,-0.164216,Barnet,2026-01-13,,0.27,0.12,,40.0,8.5,575.0,yellow,cloudy,,"cloudy, rainy",high,steady,,,Reviewed: quality check complete
Oak Hill Park 2 (Downstream),Pymmes Brook,51.638422,-0.156959,Barnet,2026-01-13,,0.5,0.38,,190.0,10.0,699.0,brown,cloudy,,"cloudy, rainy",high,steady,,,Reviewed: quality check complete
Beech Hall,The Ching,51.604636,0.000755,Waltham Forest,2026-01-13,,0.6,0.14,,,,,clear,clear,not_sure,cloudy,high,surging,,,Reviewed: quality check complete
Grovelands Park Lake Outfall by cafe and dam,Salmons Brook/Houndsden Gutter/Grovelands Stream,51.632232,-0.112069,Enfield,2026-01-16,,0.62,0.14,,14.0,11.1,794.0,,,,sunny,,,,,Reviewed: quality check complete
Grovelands Park Lake Downstream of reedbeds,Salmons Brook/Houndsden Gutter/Grovelands Stream,51.630991,-0.115829,Enfield,2026-01-16,,0.92,0.48,,14.0,8.1,528.0,,,,sunny,,,,,Reviewed: quality check complete
Grovelands Park Lake Entry,Salmons Brook/Houndsden Gutter/Grovelands Stream,51.630718,-0.116322,Enfield,2026-01-16,,0.76,0.36,,14.0,10.4,652.0,,,,sunny,,,,,Reviewed: quality check complete
Folly Lane EA monitoring point,The Ching,51.60745,-0.030985,Waltham Forest,2026-01-16,,0.67,0.31,,,10.0,655.0,brown,opaque,,"sunny, cloudy",average,steady,urban_discharge,,Reviewed: quality check complete
Highams Park Lake,The Ching,51.613892,0.009555,Waltham Forest,2026-01-16,,0.37,0.33,,,7.8,581.0,"brown, green",clear,,sunny,high,surging,other,Water brought up to 15 degreesC prior to testing,Reviewed: quality check complete
The Charter Road (Gordon Avenue),The Ching,51.608856,0.009023,Waltham Forest,2026-01-16,,0.41,0.28,,,7.6,592.0,"brown, green",clear,,sunny,high,steady,"residential_discharge, urban_discharge",Water temp raised to 15 degrees prior to testing,Reviewed: quality check complete
Grovelands Park Stream below dam,Salmons Brook/Houndsden Gutter/Grovelands Stream,51.633371,-0.111863,Enfield,2026-01-16,,1.0,0.63,,14.0,7.8,487.0,,,,sunny,,,,,Reviewed: quality check complete
Hatch Roundabout - Upstream,The Ching,51.618979,0.008952,Waltham Forest,2026-01-16,,0.26,0.0,,,,,yellow,clear,,sunny,average,steady,urban_discharge,,Reviewed: quality check complete
Hatch Roundabout - Downstream,The Ching,51.618456,0.00869,Waltham Forest,2026-01-16,,0.37,0.54,,,,,yellow,clear,,,average,steady,urban_discharge,,Reviewed: quality check complete
Sainsbury's,The Ching,51.604505,-0.019121,Waltham Forest,2026-01-16,,0.82,0.13,,,,,,,,,,,,,Reviewed: quality check complete
Wadham Ave,The Ching,51.603672,-0.011865,Waltham Forest,2026-01-16,,0.61,0.1,,,,,,,,,,,,,Reviewed: quality check complete
Lordship Recreation Ground (Downstream),Moselle Brook,51.594777,-0.086985,Haringey,2026-01-17,,,0.2,,,8.7,825.0,clear,clear,,cloudy,high,steady,"residential_discharge, urban_discharge","The water level was as high as it gets at the testing point, as there has been a lot of rain in the previous week.  The depth was about 60 cms, which is about 20 cms deeper than average.   Unfortunately I did not have a phosphate reading, as I made a mistake in the process (kept showing Inverted).   I have since realised what I kept doing wrong!    The ammonia readings continue to be the lowest ever recorded.   High rainfall and water levels must help this, but I have recorded much higher ammonia levels in periods of heavy rainfall in the past.",Reviewed: quality check complete
Whitehall Outfall 5a,River Ching,51.626279,0.019638,Redbridge,2026-01-18,,,,,,10.3,,clear,,,cloudy,average,steady,residential_discharge,Water temperature low - no readings taken.,Reviewed: quality check complete
Newgate Street,The Ching,51.621835,0.016257,Waltham Forest,2026-01-18,,0.35,0.15,,,9.2,630.0,clear,clear,,cloudy,high,steady,,,Reviewed: quality check complete
Whitehall Outfall 5b,River Ching,51.626279,0.019638,Redbridge,2026-01-18,,,,,,10.0,,clear,clear,,cloudy,average,steady,residential_discharge,Low water temperature - no reading taken.,Reviewed: quality check complete
Whitehall Outfalls,The Ching,51.626392,0.019922,Redbridge,2026-01-18,,0.23,0.18,,,9.3,590.0,clear,clear,,cloudy,high,steady,,,Reviewed: quality check complete
D/S Whitehall Rd,The Ching,51.625457,0.019402,Redbridge,2026-01-18,,0.26,0.18,,,9.5,628.0,clear,clear,,cloudy,high,steady,,,Reviewed: quality check complete
Beech Hall Crescent CSO,River Ching,51.604332,0.000129,Waltham Forest,2026-01-19,,0.7,0.24,,,,,clear,clear,not_sure,cloudy,average,steady,urban_discharge,"Using new homemade scoop with the telescopic pole - the hummus pot and Thomas's knots worked!
Evidence of more toilet paper around the CSO pipe outlet (see picture) so has probably discharged since last sample on 13th January.",Reviewed: quality check complete
Beech Hall,The Ching,51.604636,0.000755,Waltham Forest,2026-01-19,,0.63,0.12,,,,,clear,clear,not_sure,cloudy,high,steady,,,Reviewed: quality check complete
Hatch Roundabout - Upstream,The Ching,51.618979,0.008952,Waltham Forest,2026-01-21,,0.47,0.12,,,,,clear,clear,,rainy,average,steady,urban_discharge,,Reviewed: quality check complete
Hatch Roundabout - Downstream,The Ching,51.618456,0.00869,Waltham Forest,2026-01-21,,0.53,0.47,,,,,clear,clear,,rainy,average,steady,urban_discharge,,Reviewed: quality check complete
Slopers Farm 1,Salmons Brook,51.674718,-0.173883,England,2026-01-22,,0.33,1.08,,60.0,7.4,538.0,,,,,,,,pH probe faulty,Reviewed: quality check complete
Highams Park Lake,The Ching,51.613892,0.009555,Waltham Forest,2026-01-23,,0.39,0.08,,,8.9,627.0,"brown, green",clear,,rainy,high,steady,other,Sample temp raised to 12 degrees C prior to testing,Reviewed: quality check complete
The Charter Road (Gordon Avenue),The Ching,51.608856,0.009023,Waltham Forest,2026-01-23,,0.5,0.13,,,8.7,634.0,"brown, green",clear,,rainy,average,steady,"residential_discharge, urban_discharge",Water Temp raised to above 12 degrees C prior to testing,Reviewed: quality check complete
Cattlegate Road,Turkey Brook,51.687675,-0.116758,England,2026-01-23,,0.22,0.63,,60.0,7.1,668.0,,,,,,,,pH probe faulty,Reviewed: quality check complete
Folly Lane EA monitoring point,The Ching,51.60745,-0.030985,Waltham Forest,2026-01-23,,0.98,0.26,,,9.2,675.0,brown,opaque,,"cloudy, windy",average,steady,urban_discharge,,Reviewed: quality check complete
Lordship Recreation Ground (Downstream),Moselle Brook,51.594777,-0.086985,Haringey,2026-01-24,,1.7,0.27,,,9.7,786.0,clear,clear,,sunny,high,steady,"residential_discharge, urban_discharge","The ammonia was also tested on the 17th January, but I had failed to test the phosphate, so repeated the tests today 24th January.   Although the previous 24 hours have been dry there has been heavy rainfall in the last week.  The ammonia continues to be at the lowest I have recorded.   The water levels were about 10 cms less than a week ago, but still higher than average.",Reviewed: quality check complete
North Inlet,Moore's Brooķ,51.628245,-0.086723,England,2026-01-24,,1.29,1.06,,17.0,9.7,674.0,clear,clear,,sunny,average,steady,residential_discharge,,Reviewed: quality check complete
Outlet,Moore's Brook,51.626611,-0.081703,England,2026-01-24,,0.76,0.22,,12.0,8.9,640.0,clear,clear,,sunny,average,steady,residential_discharge,,Reviewed: quality check complete
South Inlet,Moore's Brook,51.627165,-0.087569,England,2026-01-24,,1.29,1.74,,12.0,11.0,747.0,clear,clear,,sunny,average,steady,residential_discharge,,Reviewed: quality check complete
Downstream of Connaught Water,The Ching,51.63776,0.025654,Essex,2026-01-25,,0.12,0.25,,,,,clear,clear,,"cloudy, rainy",average,steady,,,Reviewed: quality check complete
Footbridge near Rangers Road,Ching Brook,51.634055,0.025535,Essex,2026-01-25,,0.32,0.17,,,,,clear,clear,,"cloudy, rainy",average,steady,,,Reviewed: quality check complete
Whitehall Plain,The Ching,51.627561,0.020547,Waltham Forest,2026-01-25,,0.33,0.2,,,,,clear,clear,,"cloudy, rainy",average,steady,,,Reviewed: quality check complete
Whitehall Outfalls,The Ching,51.626392,0.019922,Redbridge,2026-01-26,,0.47,0.14,,,7.4,760.0,brown,cloudy,,cloudy,average,steady,,Sediment from 5a - burst water mains on Whitehall Rd ,Reviewed: quality check complete
D/S Whitehall Rd,The Ching,51.625457,0.019402,Redbridge,2026-01-26,,0.63,0.15,,,7.2,670.0,brown,cloudy,,cloudy,average,steady,,,Reviewed: quality check complete
Newgate Street,The Ching,51.621835,0.016257,Waltham Forest,2026-01-26,,0.58,0.19,,,6.9,637.0,clear,clear,,cloudy,average,steady,,,Reviewed: quality check complete
Whitehall Outfall 5a,River Ching,51.626279,0.019638,Redbridge,2026-01-26,,2.36,0.22,,,13.0,,clear,clear,,cloudy,average,steady,residential_discharge,,Reviewed: quality check complete
Whitehall Outfall 5b,River Ching,51.626279,0.019638,Redbridge,2026-01-26,,1.23,0.98,,,13.0,,clear,clear,,cloudy,average,steady,residential_discharge,,Reviewed: quality check complete
Beech Hall,The Ching,51.604636,0.000755,Waltham Forest,2026-01-27,,0.66,0.14,,,,,brown,cloudy,not_sure,cloudy,high,surging,,,Reviewed: quality check complete
Beech Hall Crescent CSO,River Ching,51.604332,0.000129,Waltham Forest,2026-01-27,,0.59,,,,,,brown,cloudy,not_sure,cloudy,high,surging,urban_discharge,I heard the CSO discharging this morning - fresh paper around the pipe outlet today (see pics) and smelly.  No visible sewage/paper in the water.  ,Reviewed: quality check complete
Broomfield Lower Lake SE Outlet,Broomfield Lower Lake ,51.61692,-0.118504,Enfield,2026-01-27,,1.6,2.16,6.47,15.0,8.3,,brown,clear,,cloudy,high,steady,"residential_discharge, urban_discharge, highway_discharge","EC 515

TDS rather than conductivity read by mistake",Reviewed: quality check complete
Broomfield Middle Lake North Inlet,Broomfield Middle Lake,51.617884,-0.117677,England,2026-01-27,,1.8,0.84,8.34,34.0,9.5,269.0,green,cloudy,,cloudy,high,surging,"residential_discharge, urban_discharge, highway_discharge","EC 400

Taken from close to inlet from upper lake which was surging",Reviewed: quality check complete
Hatch Roundabout - Upstream,The Ching,51.618979,0.008952,Waltham Forest,2026-01-28,,0.26,0.0,,,,,clear,,,sunny,average,steady,urban_discharge,,Reviewed: quality check complete
Hatch Roundabout - Downstream,The Ching,51.618456,0.00869,Waltham Forest,2026-01-28,,0.33,0.32,,,,,clear,clear,,sunny,average,steady,urban_discharge,,Reviewed: quality check complete
Arnos Park Growing Space (downstream),Pymmes Brook ,51.617646,-0.128978,Enfield,2026-01-29,,0.5,0.32,10.0,17.0,8.3,664.0,,,,,,,,Steady flow from outfall above. River water brownish after recent rain.,Reviewed: quality check complete
Arnos Park Growing Space (upstream),Pymmes Brook ,51.617697,-0.129111,Enfield,2026-01-29,,0.51,0.28,10.0,17.0,8.3,661.0,,,,,,,,River water brownish after recent rain,Reviewed: quality check complete
Waterfall Walk 2 (Downstream),Pymmes Brook,51.62178,-0.136051,Barnet,2026-01-29,,0.43,0.25,10.0,17.0,8.4,657.0,,,,,,,,Steady from from outfall above. River water brownish after recent rain.,Reviewed: quality check complete
Waterfall Walk 1 (Upstream),Pymmes Brook,51.622216,-0.13638,Barnet,2026-01-29,,0.45,0.2,10.0,17.0,8.6,631.0,,,,,,,,water brownish after recent rain,Reviewed: quality check complete
Hobart Corner,Bounds Green Brook,51.61262,-0.133703,Enfield,2026-01-29,,1.05,0.84,,15.0,11.4,1010.0,"green, grey",clear,not_sure,cloudy,average,,"residential_discharge, urban_discharge, highway_discharge",,Reviewed: quality check complete
Highams Park Lake,The Ching,51.613892,0.009555,Waltham Forest,2026-01-30,,0.39,0.15,,,7.9,555.0,"brown, green",clear,,rainy,average,,other,Water temperature raised to above 12  degrees C prior to testing,Reviewed: quality check complete
The Charter Road (Gordon Avenue),The Ching,51.608856,0.009023,Waltham Forest,2026-01-30,,0.5,0.21,,,7.9,528.0,brown,clear,,rainy,average,steady,"residential_discharge, urban_discharge",water temp raised above 12 degrees C prior to testing,Reviewed: quality check complete
Folly Lane EA monitoring point,The Ching,51.60745,-0.030985,Waltham Forest,2026-01-30,,0.6,0.24,,,9.1,638.0,brown,opaque,,sunny,average,steady,urban_discharge,,Reviewed: quality check complete
Sainsbury's,The Ching,51.604505,-0.019121,Waltham Forest,2026-01-30,,0.62,0.18,,,,,,,,,,,,,Reviewed: quality check complete
Whitehall Outfall 5a,River Ching,51.626279,0.019638,Redbridge,2026-01-31,,1.28,0.18,,,11.5,,clear,clear,,sunny,,steady,residential_discharge,,Reviewed: quality check complete
Whitehall Outfall 5b,River Ching,51.626279,0.019638,Redbridge,2026-01-31,,0.65,0.39,,,11.5,,clear,clear,,sunny,average,steady,residential_discharge,It was difficult to take a clean sample from this outlet as The River Ching was flowing very high. I cannot be sure some of the river water did not mix with my sample. A photo is attached.,Reviewed: quality check complete
Turkey Street (Upstream),Turkey Brook,51.668694,-0.034631,Enfield,2026-01-31,,0.56,,,60.0,,515.0,,cloudy,,cloudy,high,surging,,,Reviewed: quality check complete
Turkey Street (Downstream),Turkey Brook,51.667892,-0.031325,Enfield,2026-01-31,,0.56,,,60.0,,514.0,,cloudy,,cloudy,high,surging,,Sample to cloudy for ammonia testing but not high,Reviewed: quality check complete
Friends Bridge,Lea (Old River Lea),51.561403,-0.037255,Hackney,2026-01-31,,1.09,0.02,,23.0,9.8,738.0,brown,cloudy,,cloudy,high,steady,,,Reviewed: quality check complete
Flood Relief Channel outflow,Old Lea,51.561278,-0.029612,Waltham Forest,2026-01-31,,0.44,0.02,,45.0,8.8,737.0,brown,cloudy,,cloudy,high,surging,,,Reviewed: quality check complete
East Finchley Allotments - East Stream,Bounds Green Brook,51.595286,-0.162522,England,2026-01-31,,1.44,1.25,,15.0,11.4,760.0,"green, grey",cloudy,not_sure,cloudy,average,steady,residential_discharge,,Reviewed: quality check complete
Dagenham Brook Bridge Rd D/S,Dagenham Brook ,51.570977,-0.029842,Waltham Forest,2026-02-01,,1.74,1.09,,,10.8,785.0,clear,clear,,cloudy,average,slow,urban_discharge,,Reviewed: quality check complete
Markfield Park (Stonebridge Brook) CSO,River Lea,51.58111,-0.060575,Haringey,2026-02-01,,1.41,0.29,,,,,brown,clear,,cloudy,average,steady,,,Reviewed: quality check complete
Upstream of Markfield Park (Stonebridge Brook) CSO ,River Lea,51.58119,-0.060253,Waltham Forest,2026-02-01,,1.39,0.27,,,,,brown,clear,,cloudy,,,,,Reviewed: quality check complete
Downstream of Connaught Water,The Ching,51.63776,0.025654,Essex,2026-02-01,,0.17,0.22,,,,,brown,clear,,cloudy,average,steady,,,Reviewed: quality check complete
Footbridge near Rangers Road,Ching Brook,51.634055,0.025535,Essex,2026-02-01,,0.28,0.23,,,,,brown,clear,,cloudy,average,steady,,,Reviewed: quality check complete
Whitehall Plain,The Ching,51.627561,0.020547,Waltham Forest,2026-02-01,,0.38,0.26,,,,,brown,,,cloudy,average,steady,,,Reviewed: quality check complete
North Access Road,Dagenham Brook,51.576136,-0.039847,England,2026-02-01,,1.39,0.73,,,10.8,884.0,clear,clear,,"cloudy, rainy",average,slow,other,,Reviewed: quality check complete
Grovelands Park Lake Downstream of reedbeds,Salmons Brook/Houndsden Gutter/Grovelands Stream,51.630991,-0.115829,Enfield,2026-02-02,,1.61,2.78,,14.0,9.7,531.0,,,,rainy,,,,,Reviewed: quality check complete
Whitehall Outfalls,The Ching,51.626392,0.019922,Redbridge,2026-02-02,,0.18,0.2,,,9.7,542.0,clear,clear,,cloudy,high,surging,,,Reviewed: quality check complete
D/S Whitehall Rd,The Ching,51.625457,0.019402,Redbridge,2026-02-02,,0.24,0.2,,,8.7,533.0,clear,clear,,cloudy,high,surging,,,Reviewed: quality check complete
Newgate Street,The Ching,51.621835,0.016257,Waltham Forest,2026-02-02,,0.29,0.24,,,8.3,531.0,clear,clear,,cloudy,high,surging,,,Reviewed: quality check complete
Grovelands Park Stream below dam,Salmons Brook/Houndsden Gutter/Grovelands Stream,51.633371,-0.111863,Enfield,2026-02-02,,0.86,0.64,,14.0,8.6,483.0,,,,rainy,,,,,Reviewed: quality check complete
Grovelands Park Lake Outfall by cafe and dam,Salmons Brook/Houndsden Gutter/Grovelands Stream,51.632232,-0.112069,Enfield,2026-02-02,,0.38,0.0,,14.0,10.7,788.0,,,,rainy,,,,,Reviewed: quality check complete
Grovelands Park Lake Entry,Salmons Brook/Houndsden Gutter/Grovelands Stream,51.630718,-0.116322,Enfield,2026-02-02,,1.64,2.46,,14.0,10.4,688.0,,,,rainy,,,,,Reviewed: quality check complete
Beech Hall Crescent CSO,River Ching,51.604332,0.000129,Waltham Forest,2026-02-03,,0.63,0.25,,,,,brown,cloudy,not_sure,rainy,high,surging,urban_discharge,,Reviewed: quality check complete
Beech Hall,The Ching,51.604636,0.000755,Waltham Forest,2026-02-03,,0.76,0.16,,,,,brown,clear,not_sure,rainy,high,surging,,,Reviewed: quality check complete
Hatch Roundabout - Downstream,The Ching,51.618456,0.00869,Waltham Forest,2026-02-04,,0.38,0.55,,,,,clear,clear,,sunny,average,steady,urban_discharge,,Reviewed: quality check complete
Hatch Roundabout - Upstream,The Ching,51.618979,0.008952,Waltham Forest,2026-02-04,,0.29,0.44,,,,,clear,clear,,sunny,average,steady,urban_discharge,,Reviewed: quality check complete
Channelsea River by Northern Outfall,Channelsea River,51.529767,0.0002,England,2026-02-04,,,0.15,,14.0,9.3,747.0,brown,cloudy,,sunny,high,slow,,"Turbidity = less than 14
Other conductivity mode result = ppm 512

Phosphate Checker = out of battery",Reviewed: quality check complete
Channelsea River Gas Holders ,Channelsea River,51.526949,-0.003434,England,2026-02-04,,,0.06,,14.0,9.9,742.0,brown,cloudy,,sunny,high,slow,,"Turbidity = less than 14
Conductivity checker other mode= .50 ppt 

Phosphate Checker = out of battery",Reviewed: quality check complete
The Charter Road (Gordon Avenue),The Ching,51.608856,0.009023,Waltham Forest,2026-02-06,,0.23,0.44,,,9.3,492.0,brown,cloudy,,rainy,high,surging,"residential_discharge, urban_discharge",Temp raised to above 12 degrees prior to testing,Reviewed: quality check complete
Highams Park Lake,The Ching,51.613892,0.009555,Waltham Forest,2026-02-06,,0.23,0.16,,,9.5,379.0,brown,cloudy,,rainy,high,surging,other,temp raised above 12 degrees prior to testing,Reviewed: quality check complete
Newgate Street,The Ching,51.621835,0.016257,Waltham Forest,2026-02-08,,0.18,0.48,,,9.3,409.0,clear,clear,,cloudy,high,steady,,,Reviewed: quality check complete
Whitehall Outfalls,The Ching,51.626392,0.019922,Redbridge,2026-02-08,,0.22,0.41,,,9.5,405.0,clear,clear,,cloudy,high,surging,,,Reviewed: quality check complete
Beech Hall Crescent CSO,River Ching,51.604332,0.000129,Waltham Forest,2026-02-08,,0.4,0.38,,,,,brown,clear,not_sure,cloudy,high,surging,urban_discharge,"Looks like paper (maybe toilet paper) caught on a rock just after the outflow.  It was hard to get a good picture of it.  There has been a lot of heavy rain this week, so I'm assuming the CSO has discharged.  ",Reviewed: quality check complete
D/S Whitehall Rd,The Ching,51.625457,0.019402,Redbridge,2026-02-08,,0.16,0.45,,,9.2,408.0,clear,clear,,cloudy,high,surging,,,Reviewed: quality check complete
Whitehall Outfall 5b,River Ching,51.626279,0.019638,Redbridge,2026-02-08,,,,,,,,,,,cloudy,,,residential_discharge,Unable to collect a sample today. The Ching was flowing very high and surging over the outlet. See photo.,Reviewed: quality check complete
Whitehall Outfall 5a,River Ching,51.626279,0.019638,Redbridge,2026-02-08,,1.22,0.18,,,12.0,,clear,clear,,cloudy,high,surging,residential_discharge,,Reviewed: quality check complete
Beech Hall,The Ching,51.604636,0.000755,Waltham Forest,2026-02-08,,0.48,0.37,,,,,brown,clear,not_sure,cloudy,high,surging,,,Reviewed: quality check complete
Hatch Roundabout - Upstream,The Ching,51.618979,0.008952,Waltham Forest,2026-02-11,,0.26,0.27,,,,,clear,cloudy,,cloudy,high,surging,urban_discharge,A few bubble rafts seen,Reviewed: quality check complete
Hatch Roundabout - Downstream,The Ching,51.618456,0.00869,Waltham Forest,2026-02-11,,0.36,0.71,,,,,clear,cloudy,,cloudy,high,surging,,,Reviewed: quality check complete
Jolly Farmers Bridge,Salmons Brook,51.654995,-0.107234,England,2026-02-11,,0.0,0.08,,50.0,9.1,392.0,,,,,,,,Flow too high to enter river,Reviewed: quality check complete
Highams Park Lake,The Ching,51.613892,0.009555,Waltham Forest,2026-02-13,,0.34,0.26,,,9.5,462.0,brown,clear,,rainy,high,steady,other,Temp raised to above 12 degrees prior to testing,Reviewed: quality check complete
The Charter Road (Gordon Avenue),The Ching,51.608856,0.009023,Waltham Forest,2026-02-13,,0.46,0.27,,,9.3,464.0,brown,clear,,rainy,average,steady,"residential_discharge, urban_discharge",Water temp raised above 12 degrees prior to testing,Reviewed: quality check complete
Rose and Crown pub,Turkey Brook,51.671316,-0.084225,England,2026-02-13,,,0.09,,31.0,7.6,465.0,,,,,,,,Phosphate Hanna checker low battery,Reviewed: quality check complete
South Inlet,Moore's Brook,51.627165,-0.087569,England,2026-02-14,,1.3,0.81,,12.0,9.3,675.0,clear,clear,,sunny,average,slow,residential_discharge,,Reviewed: quality check complete
Downstream of Connaught Water,The Ching,51.63776,0.025654,Essex,2026-02-14,,0.29,0.3,,,,,brown,clear,,sunny,average,steady,,,Reviewed: quality check complete
North Inlet,Moore's Brooķ,51.628245,-0.086723,England,2026-02-14,,0.89,0.37,,12.0,9.3,584.0,clear,clear,,sunny,average,steady,residential_discharge,,Reviewed: quality check complete
Outlet,Moore's Brook,51.626611,-0.081703,England,2026-02-14,,0.91,0.11,,12.0,7.9,585.0,clear,clear,,sunny,average,slow,residential_discharge,,Reviewed: quality check complete
Footbridge near Rangers Road,Ching Brook,51.634055,0.025535,Essex,2026-02-14,,0.29,0.28,,,,,brown,clear,,sunny,high,steady,,,Reviewed: quality check complete
Downstream of Connaught Water,The Ching,51.63776,0.025654,Essex,2026-02-14,,0.18,0.28,,,,,clear,clear,,sunny,average,steady,,,Reviewed: quality check complete
Folly Lane EA monitoring point,The Ching,51.60745,-0.030985,Waltham Forest,2026-02-14,,0.54,0.22,,,8.5,572.0,brown,opaque,,sunny,high,steady,urban_discharge,,Reviewed: quality check complete
Beech Hall Crescent CSO,River Ching,51.604332,0.000129,Waltham Forest,2026-02-15,,1.58,0.96,,,,,brown,cloudy,not_sure,rainy,high,surging,urban_discharge,"CSO discharging while I took the samples
Samples also taken directly from the flow coming from CSO (before it hit the river).  Ammonia 3.92, Phosphate 0.35",Reviewed: quality check complete
Beech Hall,The Ching,51.604636,0.000755,Waltham Forest,2026-02-15,,0.61,0.21,,,,,brown,cloudy,not_sure,rainy,high,surging,,,Reviewed: quality check complete
D/S Whitehall Rd,The Ching,51.625457,0.019402,Redbridge,2026-02-15,,0.26,0.24,,,7.4,374.0,brown,cloudy,,cloudy,high,surging,,,Reviewed: quality check complete
Newgate Street,The Ching,51.621835,0.016257,Waltham Forest,2026-02-15,,0.31,0.23,,,7.6,330.0,brown,cloudy,,cloudy,high,surging,,,Reviewed: quality check complete
Whitehall Outfall 5a,River Ching,51.626279,0.019638,Redbridge,2026-02-16,,1.29,0.07,,,13.0,,clear,clear,,sunny,high,surging,residential_discharge,,Reviewed: quality check complete
Whitehall Outfall 5b,River Ching,51.626279,0.019638,Redbridge,2026-02-16,,,,,,,,,,,sunny,,,,Unable to obtain a true sample. See photo,Reviewed: quality check complete
Hatch Roundabout - Downstream,The Ching,51.618456,0.00869,Waltham Forest,2026-02-18,,0.3,0.57,,,,,clear,clear,,cloudy,average,steady,urban_discharge,,Reviewed: quality check complete
Hatch Roundabout - Upstream,The Ching,51.618979,0.008952,Waltham Forest,2026-02-18,,0.2,0.19,,,,,clear,clear,,cloudy,average,steady,urban_discharge,,Reviewed: quality check complete
Folly Lane EA monitoring point,The Ching,51.60745,-0.030985,Waltham Forest,2026-02-20,,0.48,0.26,,,9.1,580.0,brown,opaque,,"cloudy, windy",average,steady,urban_discharge,,Reviewed: quality check complete
Downstream of Jack’s Lake,Pymmes Brook,51.656668,-0.164216,Barnet,2026-02-20,,0.22,0.09,,67.0,8.9,401.0,yellow,cloudy,,"cloudy, rainy",high,steady,"residential_discharge, urban_discharge",,Reviewed: quality check complete
Highams Park Lake,The Ching,51.613892,0.009555,Waltham Forest,2026-02-20,,0.25,0.19,,,8.7,455.0,"brown, green",clear,,cloudy,high,steady,other,,Reviewed: quality check complete
The Charter Road (Gordon Avenue),The Ching,51.608856,0.009023,Waltham Forest,2026-02-20,,0.39,0.17,,,8.5,459.0,"brown, green",clear,,cloudy,high,steady,"residential_discharge, urban_discharge",water temp raised to above 11 degrees prior to testing,Reviewed: quality check complete
Oak Hill Park 2 (Downstream),Pymmes Brook,51.638422,-0.156959,Barnet,2026-02-20,,0.45,0.23,,33.0,9.3,514.0,yellow,cloudy,,"cloudy, rainy",high,steady,"residential_discharge, urban_discharge",,Reviewed: quality check complete
Grovelands Park Stream below dam,Salmons Brook/Houndsden Gutter/Grovelands Stream,51.633371,-0.111863,Enfield,2026-02-21,,0.68,0.45,,14.0,9.1,449.0,,,,cloudy,,,,,Reviewed: quality check complete
Grovelands Park Lake Outfall by cafe and dam,Salmons Brook/Houndsden Gutter/Grovelands Stream,51.632232,-0.112069,Enfield,2026-02-21,,0.28,0.0,,14.0,10.8,833.0,,,,cloudy,,,,,Reviewed: quality check complete
Grovelands Park Lake Downstream of reedbeds,Salmons Brook/Houndsden Gutter/Grovelands Stream,51.630991,-0.115829,Enfield,2026-02-21,,0.87,0.64,,14.0,9.3,473.0,,,,cloudy,,,,,Reviewed: quality check complete
Grovelands Park Lake Entry,Salmons Brook/Houndsden Gutter/Grovelands Stream,51.630718,-0.116322,Enfield,2026-02-21,,2.5,3.75,,14.0,11.1,661.0,,,,cloudy,,,,,Reviewed: quality check complete
Lordship Recreation Ground (Downstream),Moselle Brook,51.594777,-0.086985,Haringey,2026-02-21,,3.1,0.59,,12.0,10.3,794.0,clear,clear,attached,cloudy,average,steady,"residential_discharge, urban_discharge","The appearance of the Moselle Brook has deteriorated since the December and January testing when the sewage fungus had disappeared.   The sewage fungus attached to the vegetation on the edges of the Brook was very visible as seen in the photos attached.
The ammonia reading was higher than the previous two readings, although still historically on the law side.  The phosphate reading had also increased, which was not surprising considering the return on the sewage fungus. ",Reviewed: quality check complete
Whitehall Outfalls,The Ching,51.626392,0.019922,Redbridge,2026-02-22,,0.37,0.21,,,10.6,399.0,clear,clear,,cloudy,high,steady,,,Reviewed: quality check complete
Newgate Street,The Ching,51.621835,0.016257,Waltham Forest,2026-02-22,,0.13,0.35,,,10.7,465.0,clear,clear,,cloudy,high,steady,,,Reviewed: quality check complete
Whitehall Outfall 5a,River Ching,51.626279,0.019638,Redbridge,2026-02-22,,1.49,0.14,,,14.5,,clear,clear,,sunny,average,steady,residential_discharge,,Reviewed: quality check complete
Whitehall Outfall 5b,River Ching,51.626279,0.019638,Redbridge,2026-02-22,,0.73,0.69,,,13.5,,clear,clear,,sunny,average,steady,residential_discharge,,Reviewed: quality check complete
D/S Whitehall Rd,The Ching,51.625457,0.019402,Redbridge,2026-02-22,,0.32,0.25,,,10.6,471.0,clear,clear,,cloudy,high,steady,,,Reviewed: quality check complete
Arnos Park Growing Space (downstream),Pymmes Brook ,51.617646,-0.128978,Enfield,2026-02-23,,0.56,0.36,,14.0,10.0,703.0,,,,,,,,River water brownish. Steady flow from outfall.,Reviewed: quality check complete
Arnos Park Growing Space (upstream),Pymmes Brook ,51.617697,-0.129111,Enfield,2026-02-23,,0.49,0.33,,14.0,10.2,702.0,,,,,,,,River water brownish,Reviewed: quality check complete
Waterfall Walk 1 (Upstream),Pymmes Brook,51.622216,-0.13638,Barnet,2026-02-23,,0.41,0.19,,15.0,10.5,647.0,,,,,,,,River water brownish,Reviewed: quality check complete
Waterfall Walk 2 (Downstream),Pymmes Brook,51.62178,-0.136051,Barnet,2026-02-23,,0.45,0.25,,14.0,10.1,670.0,,,,,,,,River water brownish. Steady flow from outfall.,Reviewed: quality check complete
Eversley Crescent Outfall (Downstream),Salmons Brook/Houndsden Gutter,51.639676,-0.107511,Enfield,2026-02-24,,1.04,1.0,,,,,,,,sunny,,,,Small amount of sewage fungus on stream bed rocks,Reviewed: quality check complete
Beech Hall Crescent CSO,River Ching,51.604332,0.000129,Waltham Forest,2026-02-24,,0.62,0.3,,,,,clear,clear,not_sure,sunny,average,steady,urban_discharge,"Mattress in The Ching right underneath CSO output (reported to Environment Agency).
Neighbour (Teresa) whose garden backs onto The Ching where the CSO discharges told me it was discharging for about 3-4 days continuously about 2 weeks ago, and shortly after 2 men from Thames Water came to clear up the area.  
The area immediately around the pipe outlet has been cleared of toilet paper, wipes etc. 
",Reviewed: quality check complete
Beech Hall,The Ching,51.604636,0.000755,Waltham Forest,2026-02-24,,0.69,0.3,,,,,clear,clear,not_sure,sunny,average,steady,,smelly today,Reviewed: quality check complete
Rectory Farm,Turkey Brook,51.671883,-0.105772,England,2026-02-24,,0.37,0.12,,14.0,,854.0,green,,,sunny,average,slow,,,Reviewed: quality check complete
Hatch Roundabout - Upstream,The Ching,51.618979,0.008952,Waltham Forest,2026-02-25,,0.4,0.22,,,,,clear,clear,,sunny,average,steady,urban_discharge,,Reviewed: quality check complete
Hatch Roundabout - Downstream,The Ching,51.618456,0.00869,Waltham Forest,2026-02-25,,0.62,0.36,,,,,clear,clear,,sunny,average,steady,urban_discharge,,Reviewed: quality check complete
Bridge by Springfield Marina,Coppermill Stream,51.573056,-0.056198,Waltham Forest,2026-02-26,,2.29,0.13,,14.0,12.6,,clear,clear,,cloudy,average,slow,,,Reviewed: quality check complete
River Lea Flood Relief Channel,Footbridge beside Waterworks Centre into Waterworks Nature Reserve,51.564306,-0.036113,Waltham Forest,2026-02-26,,0.48,0.06,,14.0,12.7,,clear,clear,,cloudy,low,steady,,,Reviewed: quality check complete
Highams Park Lake,The Ching,51.613892,0.009555,Waltham Forest,2026-02-27,,0.78,0.19,,,12.4,548.0,brown,clear,,cloudy,average,steady,other,,Reviewed: quality check complete
The Charter Road (Gordon Avenue),The Ching,51.608856,0.009023,Waltham Forest,2026-02-27,,0.69,0.26,,,12.4,565.0,brown,clear,,cloudy,average,steady,"residential_discharge, urban_discharge",,Reviewed: quality check complete
Friends Bridge,Lea (Old River Lea),51.561403,-0.037255,Hackney,2026-02-28,,2.1,0.39,,15.0,12.6,864.0,clear,clear,,cloudy,average,steady,,,Reviewed: quality check complete
Downstream of Connaught Water,The Ching,51.63776,0.025654,Essex,2026-02-28,,0.11,0.28,,,,,brown,clear,,"cloudy, rainy",average,steady,,,Reviewed: quality check complete
Footbridge near Rangers Road,Ching Brook,51.634055,0.025535,Essex,2026-02-28,,0.44,0.43,,,,,brown,cloudy,,"cloudy, rainy",high,steady,,Leaky dam constructed upstream,Reviewed: quality check complete
Whitehall Plain,The Ching,51.627561,0.020547,Waltham Forest,2026-02-28,,0.42,0.24,,,,,brown,clear,,"cloudy, rainy",average,steady,,,Reviewed: quality check complete
Dagenham Brook Bridge Rd D/S,Dagenham Brook ,51.570977,-0.029842,Waltham Forest,2026-02-28,,1.22,0.56,,,11.2,500.0,grey,cloudy,,"cloudy, windy",average,steady,urban_discharge,litter on river bed and both banks but not floating on the water surface,Reviewed: quality check complete
Flood Relief Channel outflow,Old Lea,51.561278,-0.029612,Waltham Forest,2026-02-28,,0.9,0.04,,,11.1,786.0,clear,clear,,cloudy,average,surging,,"I've run out of reagent for the low-range phosphate checker, which is why I'm using the high-range one instead!",Reviewed: quality check complete
Newgate Street,The Ching,51.621835,0.016257,Waltham Forest,2026-03-01,,0.41,0.27,,,10.9,548.0,clear,clear,,cloudy,average,steady,,,Reviewed: quality check complete
D/S Whitehall Rd,The Ching,51.625457,0.019402,Redbridge,2026-03-01,,0.37,0.29,,,10.5,549.0,clear,clear,,cloudy,average,steady,,,Reviewed: quality check complete
Whitehall Outfalls,The Ching,51.626392,0.019922,Redbridge,2026-03-01,,0.28,0.23,,,10.8,704.0,clear,clear,,cloudy,average,steady,,,Reviewed: quality check complete
Whitehall Outfall 5b,River Ching,51.626279,0.019638,Redbridge,2026-03-01,,0.36,0.15,,,12.4,,clear,clear,,cloudy,average,steady,residential_discharge,,Reviewed: quality check complete
Whitehall Outfall 5a,River Ching,51.626279,0.019638,Redbridge,2026-03-01,,1.36,0.15,,,12.6,,clear,clear,,cloudy,average,steady,residential_discharge,,Reviewed: quality check complete
Markfield Park (Stonebridge Brook) CSO,River Lea,51.58111,-0.060575,Haringey,2026-03-04,,1.68,0.1,,,,,brown,clear,,sunny,average,steady,,,Reviewed: quality check complete
Upstream of Markfield Park (Stonebridge Brook) CSO ,River Lea,51.58119,-0.060253,Waltham Forest,2026-03-04,,1.67,0.03,,,,,brown,clear,,sunny,average,steady,,,Reviewed: quality check complete
Hatch Roundabout - Upstream,The Ching,51.618979,0.008952,Waltham Forest,2026-03-05,,0.66,0.29,,,,,clear,clear,,sunny,average,steady,urban_discharge,,Reviewed: quality check complete
Hatch Roundabout - Downstream,The Ching,51.618456,0.00869,Waltham Forest,2026-03-05,,0.85,0.37,,,,,clear,clear,,sunny,average,steady,urban_discharge,Saw what I think was a Little Egret at this site,Reviewed: quality check complete
Folly Lane EA monitoring point,The Ching,51.60745,-0.030985,Waltham Forest,2026-03-06,,1.31,0.42,,,11.4,772.0,brown,cloudy,,cloudy,low,steady,urban_discharge,,Reviewed: quality check complete
Highams Park Lake,The Ching,51.613892,0.009555,Waltham Forest,2026-03-06,,0.79,0.2,,,12.1,653.0,clear,clear,,cloudy,average,steady,other,,Reviewed: quality check complete
The Charter Road (Gordon Avenue),The Ching,51.608856,0.009023,Waltham Forest,2026-03-06,,0.92,0.17,,,12.3,656.0,clear,clear,,cloudy,average,steady,"residential_discharge, urban_discharge",,Reviewed: quality check complete
Whitehall Outfalls,The Ching,51.626392,0.019922,Redbridge,2026-03-06,,0.52,0.38,,,11.2,236.0,grey,cloudy,,rainy,average,surging,,,Reviewed: quality check complete
D/S Whitehall Rd,The Ching,51.625457,0.019402,Redbridge,2026-03-06,,0.62,0.72,,,11.2,331.0,grey,cloudy,,rainy,average,surging,,,Reviewed: quality check complete
Newgate Street,The Ching,51.621835,0.016257,Waltham Forest,2026-03-06,,0.72,1.14,,,11.2,362.0,grey,cloudy,,rainy,average,surging,,,Reviewed: quality check complete
Channelsea River by Northern Outfall,Channelsea River,51.529767,0.0002,England,2026-03-07,,1.01,0.05,,14.0,11.5,798.0,brown,cloudy,,cloudy,high,steady,,,Reviewed: quality check complete
Channelsea River Gas Holders ,Channelsea River,51.526949,-0.003434,England,2026-03-07,,1.0,0.25,,14.0,11.6,808.0,brown,cloudy,,cloudy,high,steady,,.54ppt,Reviewed: quality check complete
East Finchley Allotments - East Stream,Bounds Green Brook,51.595286,-0.162522,England,2026-03-08,,1.55,4.54,,15.0,12.0,834.0,"brown, grey",cloudy,not_sure,cloudy,average,steady,"residential_discharge, urban_discharge",,Reviewed: quality check complete
Whitehall Outfall 5b,River Ching,51.626279,0.019638,Redbridge,2026-03-08,,1.85,1.2,,,13.5,,clear,clear,,cloudy,average,steady,residential_discharge,,Reviewed: quality check complete
Whitehall Outfall 5a,River Ching,51.626279,0.019638,Redbridge,2026-03-08,,1.83,0.57,,,14.1,,clear,clear,,cloudy,average,steady,residential_discharge,,Reviewed: quality check complete
Beech Hall,The Ching,51.604636,0.000755,Waltham Forest,2026-03-08,,0.68,0.1,,,,,clear,clear,not_sure,sunny,average,steady,,,Reviewed: quality check complete
Beech Hall Crescent CSO,River Ching,51.604332,0.000129,Waltham Forest,2026-03-08,,0.8,0.2,,,,,clear,clear,not_sure,sunny,average,steady,urban_discharge,"Smelly today.
CSO has obviously discharged since my last testing 2 weeks ago, when it had been cleaned up.  New toilet paper around the pipe outlet and some visible in the river (see pictures).",Reviewed: quality check complete
Grovelands Park Stream below dam,Salmons Brook/Houndsden Gutter/Grovelands Stream,51.633371,-0.111863,Enfield,2026-03-09,,0.62,0.34,,14.0,13.1,465.0,,,,cloudy,,,,,Reviewed: quality check complete
Grovelands Park Lake Outfall by cafe and dam,Salmons Brook/Houndsden Gutter/Grovelands Stream,51.632232,-0.112069,Enfield,2026-03-09,,0.7,0.62,,14.0,13.4,,,,,cloudy,,,,,Reviewed: quality check complete
Grovelands Park Lake Downstream of reedbeds,Salmons Brook/Houndsden Gutter/Grovelands Stream,51.630991,-0.115829,Enfield,2026-03-09,,0.77,0.55,,14.0,12.6,480.0,,,,cloudy,,,,,Reviewed: quality check complete
Grovelands Park Lake Entry,Salmons Brook/Houndsden Gutter/Grovelands Stream,51.630718,-0.116322,Enfield,2026-03-09,,1.73,1.74,,14.0,12.9,667.0,,,,cloudy,,,,,Reviewed: quality check complete
Plumridge Farm 2,Salmons Brook,51.673322,-0.154733,England,2026-03-10,,0.11,0.05,,19.0,10.3,673.0,,,,,,,,,Reviewed: quality check complete
Plumridge Farm 1,Salmons Brook,51.674437,-0.162223,England,2026-03-10,,0.02,0.17,,21.0,10.3,694.0,,,,,,,,,Reviewed: quality check complete
Hadley Road Bridge,Salmons Brook,51.666017,-0.118286,England,2026-03-10,,0.22,0.07,,14.0,10.4,589.0,,,,,,,,,Reviewed: quality check complete
Botany Bay Bridge,Salmons Brook,51.673608,-0.134733,England,2026-03-10,,0.0,0.0,,27.0,11.1,606.0,,,,,,,,,Reviewed: quality check complete
Jolly Farmers Bridge,Salmons Brook,51.654995,-0.107234,England,2026-03-10,,,0.11,,14.0,10.9,528.0,,,,,,,,Phosphate measurement not taken,Reviewed: quality check complete
Plumridge Farm 2,Salmons Brook,51.675,-0.169446,England,2026-03-10,,0.07,0.12,,40.0,9.9,598.0,,,,,,,,,Reviewed: quality check complete
Slopers Farm 1,Salmons Brook,51.674718,-0.173883,England,2026-03-10,,0.04,0.12,,60.0,11.2,633.0,,,,,,,,,Reviewed: quality check complete
Hobart Corner,Bounds Green Brook,51.61262,-0.133703,Enfield,2026-03-11,,1.6,1.4,,15.0,13.4,1010.0,"brown, green, grey",cloudy,not_sure,cloudy,average,steady,"residential_discharge, urban_discharge, highway_discharge",,Reviewed: quality check complete
Outlet,Moore's Brook,51.626611,-0.081703,England,2026-03-14,,,,,,,,,,,,,,,,Reviewed: quality check complete
South Inlet,Moore's Brook,51.627165,-0.087569,England,2026-03-14,,1.65,1.04,,12.0,15.0,693.0,clear,clear,,sunny,average,steady,residential_discharge,,Reviewed: quality check complete
North Inlet,Moore's Brooķ,51.628245,-0.086723,England,2026-03-14,,0.85,0.51,,12.0,10.2,583.0,clear,clear,,sunny,average,steady,residential_discharge,,Reviewed: quality check complete
South Inlet,Moore's Brook,51.627165,-0.087569,England,2026-03-14,,,,,,,,,,,,,,,,Reviewed: quality check complete
Bottom of Berms,Old Lea,51.560985,-0.034761,Waltham Forest,2026-03-14,,1.49,0.0,,,,,"clear, brown",clear,,cloudy,average,steady,"industrial_discharge, residential_discharge, urban_discharge, dogs",,Reviewed: quality check complete
Top of Berms,Old Lea,51.561327,-0.035427,Waltham Forest,2026-03-14,,1.38,0.15,,,,,"clear, brown",clear,,cloudy,average,steady,,,Reviewed: quality check complete
North Inlet,Moore's Brooķ,51.628245,-0.086723,England,2026-03-14,,,,,,,,,,,,,,,,Reviewed: quality check complete
Outlet,Moore's Brook,51.626611,-0.081703,England,2026-03-14,,0.73,0.39,,12.0,10.0,563.0,clear,clear,,sunny,average,steady,residential_discharge,,Reviewed: quality check complete
Whitehall Outfall 5a,River Ching,51.626279,0.019638,Redbridge,2026-03-14,,1.39,0.12,,,14.2,,clear,clear,,sunny,,steady,residential_discharge,,Reviewed: quality check complete
Whitehall Outfall 5b,River Ching,51.626279,0.019638,Redbridge,2026-03-14,,1.18,0.68,,,14.1,,clear,clear,,sunny,average,steady,residential_discharge,,Reviewed: quality check complete
Whitehall Plain,The Ching,51.627561,0.020547,Waltham Forest,2026-03-15,,0.34,0.23,,,,,brown,clear,,"sunny, cloudy",average,steady,,,Reviewed: quality check complete
Footbridge near Rangers Road,Ching Brook,51.634055,0.025535,Essex,2026-03-15,,0.19,0.24,,,,,brown,clear,,"sunny, cloudy",average,steady,,,Reviewed: quality check complete
Beech Hall,The Ching,51.604636,0.000755,Waltham Forest,2026-03-16,,0.81,0.16,,,,,clear,clear,not_sure,cloudy,average,steady,,,Reviewed: quality check complete
Newgate Street,The Ching,51.621835,0.016257,Waltham Forest,2026-03-16,,0.36,0.41,,,,536.0,clear,clear,,sunny,high,steady,,,Reviewed: quality check complete
D/S Whitehall Rd,The Ching,51.625457,0.019402,Redbridge,2026-03-16,,0.34,,,,9.3,524.0,clear,clear,,sunny,high,steady,,,Reviewed: quality check complete
Beech Hall Crescent CSO,River Ching,51.604332,0.000129,Waltham Forest,2026-03-16,,0.47,0.15,,,,,clear,clear,not_sure,cloudy,average,steady,urban_discharge,,Reviewed: quality check complete
Whitehall Outfalls,The Ching,51.626392,0.019922,Redbridge,2026-03-16,,0.14,0.37,,,9.0,491.0,clear,clear,,sunny,high,steady,,,Reviewed: quality check complete
Bridge by Springfield Marina,Coppermill Stream,51.573056,-0.056198,Waltham Forest,2026-03-19,,2.1,0.24,,14.0,,,clear,clear,,sunny,average,slow,,,Reviewed: quality check complete
River Lea Flood Relief Channel,Footbridge beside Waterworks Centre into Waterworks Nature Reserve,51.564306,-0.036113,Waltham Forest,2026-03-19,,0.37,0.08,,14.0,12.6,,clear,clear,,sunny,average,steady,,,Reviewed: quality check complete
Oak Hill Park 2 (Downstream),Pymmes Brook,51.638422,-0.156959,Barnet,2026-03-19,,0.67,0.55,,13.0,14.1,669.0,clear,clear,attached,sunny,average,slow,"residential_discharge, urban_discharge",,Reviewed: quality check complete
Downstream of Jack’s Lake,Pymmes Brook,51.656668,-0.164216,Barnet,2026-03-19,,0.0,0.23,,40.0,13.0,480.0,clear,clear,,sunny,average,slow,urban_discharge,,Reviewed: quality check complete
Hollyhill brook,Holyhill Brook,51.681288,-0.116497,England,2026-03-20,,0.34,0.41,,14.0,8.8,446.0,,,,,,,,,Reviewed: quality check complete
Maidens Bridge,Turkey Brook,51.671774,-0.06026,England,2026-03-20,,0.7,0.13,,14.0,10.7,783.0,,,,,,,,Flow meter faulty,Reviewed: quality check complete
Cattlegate Road,Turkey Brook,51.687675,-0.116758,England,2026-03-20,,0.2,0.09,,14.0,7.6,1340.0,,,,,,,,,Reviewed: quality check complete
Cuffley Brook upstream,Cuffley Brook,51.674388,-0.07931,England,2026-03-20,,0.73,0.12,,14.0,9.8,723.0,,,,,,,,,Reviewed: quality check complete
Rose and Crown pub,Turkey Brook,51.671316,-0.084225,England,2026-03-20,,1.96,2.03,,14.0,9.1,891.0,,,,,,,,,Reviewed: quality check complete
Highams Park Lake,The Ching,51.613892,0.009555,Waltham Forest,2026-03-20,,0.82,0.12,,,12.2,601.0,clear,clear,,sunny,average,steady,other,,Reviewed: quality check complete
The Charter Road (Gordon Avenue),The Ching,51.608856,0.009023,Waltham Forest,2026-03-20,,0.76,0.14,,,13.1,603.0,clear,clear,,sunny,average,steady,"residential_discharge, urban_discharge",,Reviewed: quality check complete
Folly Lane EA monitoring point,The Ching,51.60745,-0.030985,Waltham Forest,2026-03-20,,1.27,0.88,,,10.8,879.0,clear,clear,,"sunny, cloudy",low,steady,urban_discharge,,Reviewed: quality check complete
Rectory Farm Footbridge,Turkey Brook,51.677515,-0.111974,England,2026-03-20,,0.65,0.19,,14.0,8.7,1190.0,,,,,,,,,Reviewed: quality check complete
Wadham Ave,The Ching,51.603672,-0.011865,Waltham Forest,2026-03-21,,0.89,0.24,,,,,clear,clear,,sunny,average,steady,other,"Reading taken by JL while NF on holiday
Pedestrian bridge on Cavendish Path reopened - new outfall pipe installed downstream of bridge to prevent path flooding from the adjacent playing field.",Reviewed: quality check complete
Lordship Recreation Ground (Downstream),Moselle Brook,51.594777,-0.086985,Haringey,2026-03-21,,2.1,0.47,,,15.6,752.0,clear,clear,attached,sunny,average,steady,"residential_discharge, urban_discharge",,Reviewed: quality check complete
Beech Hall,The Ching,51.604636,0.000755,Waltham Forest,2026-03-22,,1.0,0.13,,,,,clear,clear,not_sure,cloudy,average,steady,,,Reviewed: quality check complete
Whitehall Outfalls,The Ching,51.626392,0.019922,Redbridge,2026-03-22,,1.08,0.37,,,11.0,853.0,clear,clear,,sunny,average,steady,,,Reviewed: quality check complete
D/S Whitehall Rd,The Ching,51.625457,0.019402,Redbridge,2026-03-22,,0.83,0.23,,,10.6,708.0,clear,clear,,sunny,average,steady,,,Reviewed: quality check complete
Newgate Street,The Ching,51.621835,0.016257,Waltham Forest,2026-03-22,,,0.75,,,12.0,690.0,clear,clear,,sunny,average,steady,,,Reviewed: quality check complete
Beech Hall Crescent CSO,River Ching,51.604332,0.000129,Waltham Forest,2026-03-22,,1.04,0.14,,,,,clear,clear,not_sure,cloudy,average,steady,urban_discharge,,Reviewed: quality check complete
Arnos Park Growing Space (upstream),Pymmes Brook ,51.617697,-0.129111,Enfield,2026-03-23,,0.7,0.41,,,10.8,852.0,,,,,,,,,Reviewed: quality check complete
Arnos Park Growing Space (downstream),Pymmes Brook ,51.617646,-0.128978,Enfield,2026-03-23,,0.69,0.44,,,11.2,856.0,,,,,,,,,Reviewed: quality check complete
Waterfall Walk 1 (Upstream),Pymmes Brook,51.622216,-0.13638,Barnet,2026-03-23,,0.75,0.29,,,11.5,808.0,,,,,,,,,Reviewed: quality check complete
Waterfall Walk 2 (Downstream),Pymmes Brook,51.62178,-0.136051,Barnet,2026-03-23,,0.72,0.68,,,11.3,865.0,,,,,,,,,Reviewed: quality check complete
Hatch Roundabout - Downstream,The Ching,51.618456,0.00869,Waltham Forest,2026-03-24,,1.22,0.42,,,,,clear,clear,,cloudy,low,slow,urban_discharge,,Reviewed: quality check complete
Hatch Roundabout - Upstream,The Ching,51.618979,0.008952,Waltham Forest,2026-03-24,,0.83,0.22,,,,,clear,clear,,cloudy,low,slow,urban_discharge,,Reviewed: quality check complete
Wadham Ave,The Ching,51.603672,-0.011865,Waltham Forest,2026-03-27,,1.34,0.23,,,,,clear,clear,none,cloudy,average,steady,,Sample tested 2.5 hours after collection (sampled alongside eDNA survey),Reviewed: quality check complete
Whitehall Outfall 5b,River Ching,51.626279,0.019638,Redbridge,2026-03-27,,2.36,1.69,,,13.1,,clear,clear,,cloudy,average,steady,residential_discharge,,Reviewed: quality check complete
The Charter Road (Gordon Avenue),The Ching,51.608856,0.009023,Waltham Forest,2026-03-27,,1.22,0.2,,,20.0,725.0,clear,clear,none,cloudy,average,steady,"residential_discharge, urban_discharge",Sample tested 3.5 hours after collection (sampled alongside eDNA survey),Reviewed: quality check complete
Highams Park Lake,The Ching,51.613892,0.009555,Waltham Forest,2026-03-27,,1.17,0.15,,,19.1,722.0,clear,clear,none,cloudy,,,other,Sample tested 5 hours after collection (sampled alongside eDNA survey),Reviewed: quality check complete
Sainsbury's,The Ching,51.604505,-0.019121,Waltham Forest,2026-03-27,,1.6,0.26,,,,,clear,clear,none,cloudy,,steady,,Sample tested 2 hours after collection (sampled during eDNA survey),Reviewed: quality check complete
Whitehall Outfall 5a,River Ching,51.626279,0.019638,Redbridge,2026-03-27,,3.3,1.29,,,13.1,,clear,clear,,cloudy,low,slow,residential_discharge,,Reviewed: quality check complete
Folly Lane EA monitoring point,The Ching,51.60745,-0.030985,Waltham Forest,2026-03-29,,2.13,1.21,,,10.8,896.0,clear,clear,,cloudy,low,steady,urban_discharge,,Reviewed: quality check complete
Eversley Crescent Outfall (Downstream),Salmons Brook/Houndsden Gutter,51.639676,-0.107511,Enfield,2026-03-29,,1.67,0.71,,,,,,,,cloudy,,,,,Reviewed: quality check complete
Newgate Street,The Ching,51.621835,0.016257,Waltham Forest,2026-03-29,,0.86,0.21,,,9.3,795.0,clear,clear,,cloudy,low,steady,,,Reviewed: quality check complete
D/S Whitehall Rd,The Ching,51.625457,0.019402,Redbridge,2026-03-29,,1.44,0.45,,,9.2,817.0,clear,clear,,cloudy,low,steady,,,Reviewed: quality check complete
Whitehall Outfalls,The Ching,51.626392,0.019922,Redbridge,2026-03-29,,2.09,0.13,,,10.1,626.0,clear,clear,,cloudy,low,steady,,,Reviewed: quality check complete
Friends Bridge,Lea (Old River Lea),51.561403,-0.037255,Hackney,2026-03-31,,1.42,0.28,,14.0,13.9,987.0,clear,clear,none,cloudy,average,steady,,,Reviewed: quality check complete
Rectory Farm,Turkey Brook,51.671883,-0.105772,England,2026-03-31,,0.36,0.18,,21.0,,1330.0,,clear,none,cloudy,average,still,,,Reviewed: quality check complete
Beech Hall Crescent CSO,River Ching,51.604332,0.000129,Waltham Forest,2026-03-31,,1.37,0.03,,,,,clear,clear,not_sure,cloudy,,,,,Reviewed: quality check complete
Beech Hall,The Ching,51.604636,0.000755,Waltham Forest,2026-03-31,,1.47,0.14,,,,,clear,clear,not_sure,cloudy,,,,,Reviewed: quality check complete
Flood Relief Channel outflow,Old Lea,51.561278,-0.029612,Waltham Forest,2026-03-31,,0.45,0.89,,14.0,12.0,812.0,clear,clear,none,cloudy,average,steady,,,Reviewed: quality check complete
Rectory Farm Footbridge,Turkey Brook,51.677515,-0.111974,England,2026-04-01,,0.12,0.12,,14.0,10.5,1530.0,,,,,,,,,Reviewed: quality check complete
Rose and Crown pub,Turkey Brook,51.671316,-0.084225,England,2026-04-01,,0.6,0.09,,14.0,10.7,1200.0,,,,,,,,,Reviewed: quality check complete
Cuffley Brook upstream,Cuffley Brook,51.674388,-0.07931,England,2026-04-01,,0.95,0.05,,14.0,11.6,889.0,,,,,,,,,Reviewed: quality check complete
Hollyhill brook,Holyhill Brook,51.681288,-0.116497,England,2026-04-01,,1.7,7.38,,14.0,10.4,647.0,,,,,,,,,Reviewed: quality check complete
Maidens Bridge,Turkey Brook,51.671774,-0.06026,England,2026-04-01,,0.48,0.03,,14.0,11.6,916.0,,,,,,,,,Reviewed: quality check complete
Downstream of Connaught Water,The Ching,51.63776,0.025654,Essex,2026-04-01,,0.27,0.28,,,,,brown,clear,none,"sunny, cloudy",low,steady,,,Reviewed: quality check complete
Footbridge near Rangers Road,Ching Brook,51.634055,0.025535,Essex,2026-04-01,,0.37,0.23,,,,,brown,clear,none,"sunny, cloudy",low,steady,,,Reviewed: quality check complete
Hatch Roundabout - Downstream,The Ching,51.618456,0.00869,Waltham Forest,2026-04-01,,1.68,0.58,,,,,clear,clear,none,cloudy,low,slow,urban_discharge,,Reviewed: quality check complete
Hatch Roundabout - Upstream,The Ching,51.618979,0.008952,Waltham Forest,2026-04-01,,1.05,0.16,,,,,clear,clear,none,cloudy,low,slow,urban_discharge,,Reviewed: quality check complete
Cattlegate Road,Turkey Brook,51.687675,-0.116758,England,2026-04-01,,0.17,0.1,,14.0,10.5,1620.0,,,,,,,,,Reviewed: quality check complete
Whitehall Plain,The Ching,51.627561,0.020547,Waltham Forest,2026-04-01,,0.33,0.23,,,,,brown,clear,none,"sunny, cloudy",average,steady,,,Reviewed: quality check complete
Hobart Corner,Bounds Green Brook,51.61262,-0.133703,Enfield,2026-04-02,,2.16,3.46,,15.0,13.5,1140.0,"green, grey",cloudy,not_sure,sunny,average,steady,"residential_discharge, urban_discharge, highway_discharge",,Reviewed: quality check complete
Whitehall Outfall 5b,River Ching,51.626279,0.019638,Redbridge,2026-04-03,,2.05,1.44,,,14.9,,clear,clear,none,cloudy,average,steady,residential_discharge,,Reviewed: quality check complete
Whitehall Outfall 5a,River Ching,51.626279,0.019638,Redbridge,2026-04-03,,3.8,0.58,,,15.6,,clear,clear,none,cloudy,low,steady,residential_discharge,,Reviewed: quality check complete
Folly Lane EA monitoring point,The Ching,51.60745,-0.030985,Waltham Forest,2026-04-03,,2.35,1.08,,,12.5,897.0,clear,clear,none,cloudy,low,steady,urban_discharge,,Reviewed: quality check complete
The Charter Road (Gordon Avenue),The Ching,51.608856,0.009023,Waltham Forest,2026-04-03,,1.5,0.25,,,14.1,824.0,clear,clear,none,"sunny, cloudy",average,steady,"residential_discharge, urban_discharge",,Reviewed: quality check complete
Broomfield Upper Lake NW Inlet,Broomfield Upper Lake,51.618446,-0.117374,England,2026-04-03,,2.8,4.41,4.41,,14.0,859.0,clear,clear,not_sure,cloudy,low,steady,urban_discharge,Secchi tube 12,Reviewed: quality check complete
Highams Park Lake,The Ching,51.613892,0.009555,Waltham Forest,2026-04-03,,1.68,0.24,,,14.4,810.0,clear,clear,none,"sunny, cloudy",average,steady,other,,Reviewed: quality check complete
Channelsea River Gas Holders ,Channelsea River,51.526949,-0.003434,England,2026-04-04,,1.32,0.04,,14.0,13.1,1060.0,brown,cloudy,,"sunny, cloudy, windy",high,steady,,,Reviewed: quality check complete
Dagenham Brook Bridge Rd D/S,Dagenham Brook ,51.570977,-0.029842,Waltham Forest,2026-04-04,,2.5,1.28,,,13.6,802.0,clear,clear,none,cloudy,average,slow,urban_discharge,,Reviewed: quality check complete
North Access Road,Dagenham Brook,51.576136,-0.039847,England,2026-04-04,,2.5,2.79,,,12.8,877.0,clear,clear,none,cloudy,average,steady,,phosphate reading flashing indicating level higher than 2.5,Reviewed: quality check complete
Channelsea River by Northern Outfall,Channelsea River,51.529767,0.0002,England,2026-04-04,,1.19,0.03,,14.0,13.9,960.0,brown,cloudy,,"sunny, cloudy, windy",high,steady,,,Reviewed: quality check complete
Newgate Street,The Ching,51.621835,0.016257,Waltham Forest,2026-04-05,,1.46,0.23,,,12.4,917.0,clear,clear,none,sunny,low,slow,,,Reviewed: quality check complete
D/S Whitehall Rd,The Ching,51.625457,0.019402,Redbridge,2026-04-05,,1.68,1.04,,,11.7,917.0,clear,clear,none,sunny,low,,,,Reviewed: quality check complete
Whitehall Outfalls,The Ching,51.626392,0.019922,Redbridge,2026-04-05,,2.4,0.64,,,12.5,879.0,clear,clear,none,sunny,low,slow,,,Reviewed: quality check complete
Beech Hall Crescent CSO,River Ching,51.604332,0.000129,Waltham Forest,2026-04-06,,1.67,0.27,,,,,clear,clear,not_sure,sunny,,,residential_discharge,,Reviewed: quality check complete
Beech Hall,The Ching,51.604636,0.000755,Waltham Forest,2026-04-06,,1.7,0.18,,,,,clear,clear,not_sure,sunny,,,,,Reviewed: quality check complete
Turkey Street (Downstream),Turkey Brook,51.667892,-0.031325,Enfield,2026-04-06,,0.47,0.03,,14.0,,900.0,clear,clear,none,sunny,average,slow,,,Reviewed: quality check complete
Turkey Street (Upstream),Turkey Brook,51.668694,-0.034631,Enfield,2026-04-06,,0.59,0.09,,14.0,,917.0,,clear,none,sunny,average,,,,Reviewed: quality check complete
Grovelands Park Lake Entry,Salmons Brook/Houndsden Gutter/Grovelands Stream,51.630718,-0.116322,Enfield,2026-04-07,,2.38,3.33,,14.0,14.1,705.0,,,,sunny,,,,,Reviewed: quality check complete
Grovelands Park Lake Downstream of reedbeds,Salmons Brook/Houndsden Gutter/Grovelands Stream,51.630991,-0.115829,Enfield,2026-04-07,,0.72,0.39,,14.0,14.2,511.0,,,,sunny,,,,,Reviewed: quality check complete
Grovelands Park Stream below dam,Salmons Brook/Houndsden Gutter/Grovelands Stream,51.633371,-0.111863,Enfield,2026-04-07,,0.69,0.22,,14.0,14.0,500.0,,,,sunny,,,,,Reviewed: quality check complete
Hatch Roundabout - Upstream,The Ching,51.618979,0.008952,Waltham Forest,2026-04-08,,1.27,0.04,,,,,clear,clear,none,sunny,low,slow,urban_discharge,,Reviewed: quality check complete
Hatch Roundabout - Downstream,The Ching,51.618456,0.00869,Waltham Forest,2026-04-08,,2.28,0.73,,,,,clear,clear,none,sunny,low,slow,urban_discharge,,Reviewed: quality check complete
East Finchley Allotments - East Stream,Bounds Green Brook,51.595286,-0.162522,England,2026-04-11,,5.1,9.41,,15.0,12.8,1100.0,"green, grey",cloudy,blue-green_scum,sunny,average,steady,residential_discharge,Sewage smell and scum on water ,Reviewed: quality check complete
Outlet,Moore's Brook,51.626611,-0.081703,England,2026-04-11,,2.5,3.57,,14.0,11.4,731.0,clear,clear,none,cloudy,average,steady,residential_discharge,,Reviewed: quality check complete
North Inlet,Moore's Brooķ,51.628245,-0.086723,England,2026-04-11,,2.1,3.4,,14.0,12.5,750.0,clear,clear,none,cloudy,average,surging,residential_discharge,Water flowing backward into inlet,Reviewed: quality check complete
South Inlet,Moore's Brook,51.627165,-0.087569,England,2026-04-11,,1.02,1.97,,14.0,12.3,795.0,clear,clear,none,cloudy,average,slow,residential_discharge,,Reviewed: quality check complete
Footbridge near Rangers Road,Ching Brook,51.634055,0.025535,Essex,2026-04-12,,0.32,0.25,,,,,clear,clear,none,"sunny, cloudy",low,steady,,,Reviewed: quality check complete
Newgate Street,The Ching,51.621835,0.016257,Waltham Forest,2026-04-12,,1.59,0.22,,,,,clear,clear,none,sunny,low,slow,,,Reviewed: quality check complete
Bridge by Springfield Marina,Coppermill Stream,51.573056,-0.056198,Waltham Forest,2026-04-12,,1.71,0.05,,14.0,,,clear,clear,none,"sunny, cloudy",average,slow,,,Reviewed: quality check complete
River Lea Flood Relief Channel,Footbridge beside Waterworks Centre into Waterworks Nature Reserve,51.564306,-0.036113,Waltham Forest,2026-04-12,,0.59,0.03,,14.0,,,clear,clear,none,"sunny, cloudy",low,slow,,,Reviewed: quality check complete
D/S Whitehall Rd,The Ching,51.625457,0.019402,Redbridge,2026-04-12,,1.26,0.49,,,,,clear,clear,none,sunny,low,slow,,,Reviewed: quality check complete
Whitehall Outfalls,The Ching,51.626392,0.019922,Redbridge,2026-04-12,,2.5,0.68,,,,,clear,clear,none,sunny,low,slow,,,Reviewed: quality check complete
Whitehall Outfall 5b,River Ching,51.626279,0.019638,Redbridge,2026-04-12,,2.47,2.91,,,15.2,,clear,clear,,sunny,average,steady,residential_discharge,,Reviewed: quality check complete
Whitehall Outfall 5a,River Ching,51.626279,0.019638,Redbridge,2026-04-12,,3.8,,,,15.2,,clear,clear,,sunny,average,steady,residential_discharge,"I conduct a medium range Ammonia test at this site and today's reading was 0.93.
I am unable to enter this amount as it's value is not a number!!! I have entered it here instead.",Reviewed: quality check complete
Beech Hall,The Ching,51.604636,0.000755,Waltham Forest,2026-04-12,,2.11,0.0,,,,,clear,clear,not_sure,sunny,,,urban_discharge,,Reviewed: quality check complete
Beech Hall Crescent CSO,River Ching,51.604332,0.000129,Waltham Forest,2026-04-12,,2.12,0.13,,,,,clear,clear,not_sure,sunny,,,residential_discharge,,Reviewed: quality check complete
Whitehall Plain,The Ching,51.627561,0.020547,Waltham Forest,2026-04-12,,0.36,0.21,,,,,clear,clear,none,"sunny, cloudy",low,slow,,Slow flow. Scum and natural debris on surface of stream.,Reviewed: quality check complete
Hatch Roundabout - Upstream,The Ching,51.618979,0.008952,Waltham Forest,2026-04-14,,1.19,0.88,,,,,clear,clear,none,cloudy,low,slow,urban_discharge,Half a dozen golf balls on and beside the water,Reviewed: quality check complete
Hatch Roundabout - Downstream,The Ching,51.618456,0.00869,Waltham Forest,2026-04-14,,2.14,1.41,,,,,clear,clear,none,cloudy,low,slow,urban_discharge,,Reviewed: quality check complete
Footbridge near Rangers Road,Ching Brook,51.634055,0.025535,Essex,2026-04-17,,0.25,0.29,,,,,clear,clear,none,"sunny, cloudy",low,slow,,,Reviewed: quality check complete
Whitehall Plain,The Ching,51.627561,0.020547,Waltham Forest,2026-04-17,,0.35,0.26,,,,,clear,clear,none,"sunny, cloudy",average,steady,,,Reviewed: quality check complete
Newgate Street,The Ching,51.621835,0.016257,Waltham Forest,2026-04-17,,1.81,0.22,,,14.1,968.0,clear,clear,none,"sunny, cloudy",low,slow,,,Reviewed: quality check complete
D/S Whitehall Rd,The Ching,51.625457,0.019402,Redbridge,2026-04-17,,2.18,0.39,,,13.3,969.0,clear,clear,none,"sunny, cloudy",low,slow,,,Reviewed: quality check complete
Whitehall Outfalls,The Ching,51.626392,0.019922,Redbridge,2026-04-17,,2.5,0.46,,,13.6,991.0,clear,clear,none,"sunny, cloudy",low,slow,,Little coming down the Ching. Mostly from outlet 5b,Reviewed: quality check complete
Downstream of Connaught Water,The Ching,51.63776,0.025654,Essex,2026-04-17,,0.1,0.2,,,,,clear,clear,none,"sunny, cloudy",low,slow,,,Reviewed: quality check complete
Folly Lane EA monitoring point,The Ching,51.60745,-0.030985,Waltham Forest,2026-04-18,,2.49,1.55,,,14.4,918.0,clear,clear,not_sure,cloudy,low,steady,urban_discharge,,Reviewed: quality check complete
Lordship Recreation Ground (Downstream),Moselle Brook,51.594777,-0.086985,Haringey,2026-04-18,,3.9,2.05,,,13.4,786.0,clear,clear,not_sure,sunny,average,steady,"residential_discharge, urban_discharge",,Reviewed: quality check complete
Eversley Crescent Outfall (Downstream),Salmons Brook/Houndsden Gutter,51.639676,-0.107511,Enfield,2026-04-19,,2.5,4.01,,,,,,,,cloudy,,,,"Very slight biofilm
Po4 flashing",Reviewed: quality check complete
OUTFALL PYMM0161: Shirebourne Culvert Victoria Rec Ground,Shirebourne,51.651505,-0.171887,England,2026-04-19,,2.5,4.87,,,,,white,cloudy,none,,,,residential_discharge,,Reviewed: quality check complete
Whitehall Outfall 5a,River Ching,51.626279,0.019638,Redbridge,2026-04-20,,4.3,0.86,,,15.0,,clear,,none,sunny,low,steady,residential_discharge,,Reviewed: quality check complete
Whitehall Outfall 5b,River Ching,51.626279,0.019638,Redbridge,2026-04-20,,1.1,7.49,,,14.8,,clear,,none,sunny,average,steady,residential_discharge,,Reviewed: quality check complete
Hatch Roundabout - Downstream,The Ching,51.618456,0.00869,Waltham Forest,2026-04-21,,2.32,1.09,,,,,clear,clear,none,sunny,low,slow,urban_discharge,,Reviewed: quality check complete
Hatch Roundabout - Upstream,The Ching,51.618979,0.008952,Waltham Forest,2026-04-21,,1.78,0.1,,,,,clear,clear,none,sunny,low,slow,urban_discharge,someone has retrieved the golfballs from the stream ,Reviewed: quality check complete
Beech Hall Crescent CSO,River Ching,51.604332,0.000129,Waltham Forest,2026-04-22,,2.07,0.07,,,,,clear,clear,not_sure,"sunny, windy",,,residential_discharge,,Reviewed: quality check complete
Plumridge Farm 1,Salmons Brook,51.674437,-0.162223,England,2026-04-22,,0.16,0.14,,14.0,13.1,1150.0,,,,,,,,,Reviewed: quality check complete
Jolly Farmers Bridge,Salmons Brook,51.654995,-0.107234,England,2026-04-22,,,0.84,,14.0,14.7,698.0,,,,,,,,Phosphate Hanna Checker low battery,Reviewed: quality check complete
Botany Bay Bridge,Salmons Brook,51.673608,-0.134733,England,2026-04-22,,,0.03,,14.0,13.5,1010.0,,,,,,,,Phosphate Hanna Checker low battery,Reviewed: quality check complete
Hadley Road Bridge,Salmons Brook,51.666017,-0.118286,England,2026-04-22,,,0.17,,14.0,12.4,901.0,,,,,,,,Phosphate Hanna Checker low battery,Reviewed: quality check complete
Beech Hall,The Ching,51.604636,0.000755,Waltham Forest,2026-04-22,,1.99,0.14,,,,,clear,clear,not_sure,"sunny, windy",,,urban_discharge,,Reviewed: quality check complete
Plumridge Farm 2,Salmons Brook,51.673322,-0.154733,England,2026-04-22,,0.31,0.62,,14.0,12.4,1130.0,,,,,,,,,Reviewed: quality check complete
Downstream of Jack’s Lake,Pymmes Brook,51.656668,-0.164216,Barnet,2026-04-23,,0.51,0.06,,240.0,13.9,688.0,grey,cloudy,none,sunny,low,slow,"industrial_discharge, water contaminated with puddling clay overpumped from lake",Sheet piling has recently been installed at the south end of Jack's Lake. Puddling clay has been used for sealing purposes. The contractor has been overpumping some lake water containing the clay into the brook upstream of the sampling site. This work is scheduled to complete on Friday 24th April.,Reviewed: quality check complete
Oak Hill Park 2 (Downstream),Pymmes Brook,51.638422,-0.156959,Barnet,2026-04-23,,2.31,1.93,,14.0,13.7,943.0,clear,clear,none,sunny,low,slow,"residential_discharge, urban_discharge, highway_discharge",,Reviewed: quality check complete
Hillyfields park,Turkey brook,51.66987,-0.088862,Enfield,2026-04-23,,2.5,0.02,,14.0,11.0,770.0,clear,clear,none,sunny,average,still,,"I took the readings approx 3m further downstream than previously as a large branch has fallen blocking access to previous site. New what3words is
///enter.lowest.wide
",Reviewed: quality check complete
East Finchley Allotments - East Stream,Bounds Green Brook,51.595286,-0.162522,England,2026-04-24,,4.7,8.34,,,12.6,1100.0,"green, grey",cloudy,not_sure,sunny,average,steady,"residential_discharge, urban_discharge",,Reviewed: quality check complete
Arnos Park Growing Space (upstream),Pymmes Brook ,51.617697,-0.129111,Enfield,2026-04-24,,1.78,1.37,,,13.6,993.0,,,,,,,,No rain for weeks,Reviewed: quality check complete
Arnos Park Growing Space (downstream),Pymmes Brook ,51.617646,-0.128978,Enfield,2026-04-24,,1.79,1.54,,,13.2,997.0,,,,,,,,No rain for weeks,Reviewed: quality check complete
Highams Park Lake,The Ching,51.613892,0.009555,Waltham Forest,2026-04-24,,2.5,0.74,,,15.3,831.0,clear,clear,none,sunny,low,slow,land drainage discharge,,Reviewed: quality check complete
The Charter Road (Gordon Avenue),The Ching,51.608856,0.009023,Waltham Forest,2026-04-24,,2.18,0.34,,,15.3,841.0,clear,clear,none,sunny,low,slow,"residential_discharge, urban_discharge",,Reviewed: quality check complete
Waterfall Walk 2 (Downstream),Pymmes Brook,51.62178,-0.136051,Barnet,2026-04-24,,1.85,2.1,,,13.8,1010.0,,,,,,,,No rain for weeks,Reviewed: quality check complete
Waterfall Walk 1 (Upstream),Pymmes Brook,51.622216,-0.13638,Barnet,2026-04-24,,1.52,0.32,,,14.4,953.0,,,,,,,,No rain for weeks,Reviewed: quality check complete
Folly Lane EA monitoring point,The Ching,51.60745,-0.030985,Waltham Forest,2026-04-24,,2.5,1.69,,,12.9,1020.0,clear,clear,not_sure,sunny,low,steady,urban_discharge,,Reviewed: quality check complete
Markfield Park (Stonebridge Brook) CSO,River Lea,51.58111,-0.060575,Haringey,2026-04-24,,1.56,0.2,,,,,clear,clear,,sunny,,,,No odour today and no visible sewage,Reviewed: quality check complete
Upstream of Markfield Park (Stonebridge Brook) CSO ,River Lea,51.58119,-0.060253,Waltham Forest,2026-04-24,,1.94,0.17,,,,,clear,clear,,sunny,average,steady,,,Reviewed: quality check complete
Whitehall Outfall 5b,River Ching,51.626279,0.019638,Redbridge,2026-04-27,,3.7,1.23,,,17.3,,clear,clear,none,sunny,average,steady,residential_discharge,,Reviewed: quality check complete
Whitehall Outfall 5a,River Ching,51.626279,0.019638,Redbridge,2026-04-27,,4.0,1.67,,,16.9,,clear,clear,none,sunny,low,steady,residential_discharge,,Reviewed: quality check complete
Whitehall Plain,The Ching,51.627561,0.020547,Waltham Forest,2026-04-27,,0.44,0.29,,,,,clear,clear,none,sunny,low,slow,,,Reviewed: quality check complete
Footbridge near Rangers Road,Ching Brook,51.634055,0.025535,Essex,2026-04-27,,0.38,0.21,,,,,clear,clear,none,sunny,low,slow,,,Reviewed: quality check complete
Downstream of Connaught Water,The Ching,51.63776,0.025654,Essex,2026-04-27,,0.15,0.28,,,,,clear,clear,none,sunny,low,slow,,"Very slow flow, low water level.",Reviewed: quality check complete
Beech Hall Crescent CSO,River Ching,51.604332,0.000129,Waltham Forest,2026-04-28,,2.39,0.03,,,,,clear,clear,not_sure,"sunny, windy",,,Combined sewage outflow,,Reviewed: quality check complete
Beech Hall,The Ching,51.604636,0.000755,Waltham Forest,2026-04-28,,2.27,0.09,,,,,clear,clear,not_sure,"sunny, windy",,,urban_discharge,,Reviewed: quality check complete
Grovelands Park Stream below dam,Salmons Brook/Houndsden Gutter/Grovelands Stream,51.633371,-0.111863,Enfield,2026-05-01,,0.93,0.07,,14.0,20.2,542.0,,,,sunny,,,,,Reviewed: quality check complete
Channelsea River by Northern Outfall,Channelsea River,51.529767,0.0002,England,2026-05-01,,1.65,0.19,,14.0,20.1,1010.0,brown,cloudy,none,sunny,high,steady,,"This morning, there was an unusual discharge from the old Channelsea pipe/West Ham pump, north of Channelsea bridge. It hasn't rained much in weeks. The tide was out. There's normally a stagnant stream, but it was gushing and could hear the white noise of flowing water. ",Reviewed: quality check complete
Channelsea River Gas Holders ,Channelsea River,51.526949,-0.003434,England,2026-05-01,,1.91,0.0,,14.0,18.1,1410.0,brown,cloudy,none,sunny,high,steady,,"This morning, there was an unusual discharge from the old channelsea pipe/west ham pump, north of Channelsea bridge. It hasn't rained much in weeks. The tide was out. There's normally a stagnant stream, but it was gushing and could hear the white noise of flowing water. ",Reviewed: quality check complete
Folly Lane EA monitoring point,The Ching,51.60745,-0.030985,Waltham Forest,2026-05-01,,2.5,2.07,,,15.1,948.0,clear,clear,not_sure,sunny,low,steady,urban_discharge,,Reviewed: quality check complete
Flood Relief Channel outflow,Old Lea,51.561278,-0.029612,Waltham Forest,2026-05-01,,0.12,0.32,,,21.7,707.0,clear,clear,none,sunny,average,slow,,,Reviewed: quality check complete
Friends Bridge,Lea (Old River Lea),51.561403,-0.037255,Hackney,2026-05-01,,1.44,1.15,,,19.4,1040.0,clear,clear,none,sunny,average,slow,,,Reviewed: quality check complete
Grovelands Park Lake Entry,Salmons Brook/Houndsden Gutter/Grovelands Stream,51.630718,-0.116322,Enfield,2026-05-01,,4.4,2.83,,14.0,16.9,734.0,,,,sunny,,,,,Reviewed: quality check complete
Grovelands Park Lake Downstream of reedbeds,Salmons Brook/Houndsden Gutter/Grovelands Stream,51.630991,-0.115829,Enfield,2026-05-01,,0.93,0.46,,14.0,20.6,548.0,,,,sunny,,,,,Reviewed: quality check complete
North Access Road,Dagenham Brook,51.576136,-0.039847,England,2026-05-02,,2.5,4.09,,,17.4,910.0,clear,clear,none,sunny,average,steady,,,Reviewed: quality check complete
Dagenham Brook Bridge Rd U/S,Dagenham Brook ,51.571262,-0.030595,Waltham Forest,2026-05-02,,2.5,2.98,,,19.0,787.0,clear,clear,none,sunny,average,still,urban_discharge,,Reviewed: quality check complete
Whitehall Outfall 5b,River Ching,51.626279,0.019638,Redbridge,2026-05-02,,3.9,3.38,,,22.2,,clear,clear,none,sunny,average,steady,residential_discharge,"I was unable to take a clean sample from the discharge, small black debris was flowing out in the water. See photo above.",Reviewed: quality check complete
Whitehall Outfall 5a,River Ching,51.626279,0.019638,Redbridge,2026-05-02,,3.9,0.6,,,21.2,,clear,clear,none,sunny,average,steady,residential_discharge,,Reviewed: quality check complete
Newgate Street,The Ching,51.621835,0.016257,Waltham Forest,2026-05-03,,2.5,0.24,,,,,clear,clear,none,sunny,low,slow,,,Reviewed: quality check complete
D/S Whitehall Rd,The Ching,51.625457,0.019402,Redbridge,2026-05-03,,2.5,0.55,,,,,clear,clear,none,sunny,low,slow,,,Reviewed: quality check complete
Whitehall Outfalls,The Ching,51.626392,0.019922,Redbridge,2026-05-03,,2.5,1.4,,,,,clear,clear,none,sunny,low,slow,,,Reviewed: quality check complete
Beech Hall Crescent CSO,River Ching,51.604332,0.000129,Waltham Forest,2026-05-04,,2.1,1.03,,,,,clear,clear,not_sure,,,,Combined Sewer Overflow,,Reviewed: quality check complete
Beech Hall,The Ching,51.604636,0.000755,Waltham Forest,2026-05-04,,2.11,1.1,,,,,clear,clear,not_sure,,,,urban_discharge,,Reviewed: quality check complete
Highams Park Lake,The Ching,51.613892,0.009555,Waltham Forest,2026-05-04,,1.77,2.29,,,23.2,500.0,clear,clear,none,cloudy,low,slow,land drainage discharge,All samples tested 1-2 hours after collection,Reviewed: quality check complete
The Charter Road (Gordon Avenue),The Ching,51.608856,0.009023,Waltham Forest,2026-05-04,,1.76,2.0,,,24.1,598.0,clear,clear,none,cloudy,low,slow,"residential_discharge, urban_discharge",Testing carried out 1-2 hours after collection,Reviewed: quality check complete
Hatch Roundabout - Upstream,The Ching,51.618979,0.008952,Waltham Forest,2026-05-05,,2.4,0.96,,,,,clear,clear,none,cloudy,low,slow,urban_discharge,,Reviewed: quality check complete
Hatch Roundabout - Downstream,The Ching,51.618456,0.00869,Waltham Forest,2026-05-05,,2.5,1.55,,,,,clear,clear,none,cloudy,low,slow,urban_discharge,,Reviewed: quality check complete
Folly Lane EA monitoring point,The Ching,51.60745,-0.030985,Waltham Forest,2026-05-08,,2.5,2.03,,,15.0,935.0,grey,cloudy,not_sure,cloudy,low,steady,urban_discharge,,Reviewed: quality check complete
Whitehall Outfall 5b,River Ching,51.626279,0.019638,Redbridge,2026-05-08,,4.3,1.3,,,15.1,,clear,clear,none,cloudy,average,steady,residential_discharge,,Reviewed: quality check complete
Whitehall Outfall 5a,River Ching,51.626279,0.019638,Redbridge,2026-05-08,,3.8,1.43,,,15.7,,clear,clear,none,cloudy,average,steady,residential_discharge,,Reviewed: quality check complete
Bridge by Springfield Marina,Coppermill Stream,51.573056,-0.056198,Waltham Forest,2026-05-09,,1.81,0.21,,14.0,14.8,,clear,clear,floating_mats,sunny,,,,,Reviewed: quality check complete
North Inlet,Moore's Brooķ,51.628245,-0.086723,England,2026-05-09,,2.5,4.29,,14.0,18.5,751.0,clear,cloudy,none,sunny,high,surging,other,,Reviewed: quality check complete
Outlet,Moore's Brook,51.626611,-0.081703,England,2026-05-09,,2.5,0.87,,240.0,16.0,750.0,clear,clear,none,sunny,high,steady,other,,Reviewed: quality check complete
East Finchley Allotments - West Stream,Bounds Green Brook,51.594478,-0.165213,England,2026-05-09,,2.2,3.6,,,17.4,882.0,"green, grey",cloudy,not_sure,sunny,average,slow,residential_discharge,,Reviewed: quality check complete
South Inlet,Moore's Brook,51.627165,-0.087569,England,2026-05-09,,1.18,3.52,,14.0,16.0,833.0,clear,cloudy,none,sunny,average,slow,other,,Reviewed: quality check complete
River Lea Flood Relief Channel,Footbridge beside Waterworks Centre into Waterworks Nature Reserve,51.564306,-0.036113,Waltham Forest,2026-05-09,,0.72,0.13,,,,,clear,clear,,sunny,low,steady,,,Reviewed: quality check complete
D/S Whitehall Rd,The Ching,51.625457,0.019402,Redbridge,2026-05-10,,2.5,0.58,,,13.4,955.0,clear,clear,none,cloudy,low,slow,,,Reviewed: quality check complete
Whitehall Outfalls,The Ching,51.626392,0.019922,Redbridge,2026-05-10,,2.36,2.58,,,14.4,984.0,clear,clear,none,cloudy,low,slow,,Little water coming down the Ching. Most from the 2 outfalls,Reviewed: quality check complete
Newgate Street,The Ching,51.621835,0.016257,Waltham Forest,2026-05-10,,2.5,0.27,,,12.4,976.0,clear,clear,none,cloudy,low,slow,,,Reviewed: quality check complete
Beech Hall,The Ching,51.604636,0.000755,Waltham Forest,2026-05-10,,2.5,0.22,,,,,clear,clear,not_sure,cloudy,,,urban_discharge,,Reviewed: quality check complete
Beech Hall Crescent CSO,River Ching,51.604332,0.000129,Waltham Forest,2026-05-10,,2.5,0.18,,,,,clear,clear,not_sure,cloudy,,,Combined Sewer Overflow,,Reviewed: quality check complete
Eversley Crescent Outfall (Downstream),Salmons Brook/Houndsden Gutter,51.639676,-0.107511,Enfield,2026-05-10,,2.5,2.89,,,,,,opaque,,sunny,,,other,"Offensive smell
Sewer flooding upstream
Reported to Thames Water and EA 
Awaiting cleanup and further investigation
Phosphate high range 2.5 flashing so higher than this",Reviewed: quality check complete
Whitehall Plain,The Ching,51.627561,0.020547,Waltham Forest,2026-05-10,,0.81,0.29,,,,,clear,clear,none,"sunny, cloudy",low,slow,,,Reviewed: quality check complete
Downstream of Connaught Water,The Ching,51.63776,0.025654,Essex,2026-05-10,,0.17,0.2,,,,,clear,clear,none,"sunny, cloudy",low,still,,No visible water flow,Reviewed: quality check complete
Footbridge near Rangers Road,Ching Brook,51.634055,0.025535,Essex,2026-05-10,,0.32,0.31,,,,,clear,clear,none,"sunny, cloudy",low,slow,,,Reviewed: quality check complete
Slopers Farm 1,Salmons Brook,51.674718,-0.173883,England,2026-05-12,,0.66,0.06,,45.0,17.4,1320.0,,,,,,,,,Reviewed: quality check complete
Oak Hill Park 2 (Downstream),Pymmes Brook,51.638422,-0.156959,Barnet,2026-05-12,,2.5,1.76,,14.0,12.9,963.0,clear,clear,not_sure,"sunny, cloudy, windy",low,slow,"residential_discharge, urban_discharge, highway_discharge",Very low flow.,Reviewed: quality check complete
Downstream of Jack’s Lake,Pymmes Brook,51.656668,-0.164216,Barnet,2026-05-12,,0.37,0.05,,19.0,11.5,702.0,clear,clear,none,"sunny, cloudy",low,still,,Very low flow in the brook. Virtually no rainfall in recent weeks.,Reviewed: quality check complete
Hatch Roundabout - Downstream,The Ching,51.618456,0.00869,Waltham Forest,2026-05-12,,2.5,1.1,,,,,clear,clear,none,sunny,low,slow,urban_discharge,,Reviewed: quality check complete
Hatch Roundabout - Upstream,The Ching,51.618979,0.008952,Waltham Forest,2026-05-12,,2.5,0.14,,,,,clear,clear,none,sunny,low,slow,urban_discharge,,Reviewed: quality check complete
Hadley Road Bridge,Salmons Brook,51.666017,-0.118286,England,2026-05-12,,0.27,0.02,,14.0,10.8,1120.0,,,,,,,,,Reviewed: quality check complete
Plumridge Farm 1,Salmons Brook,51.674437,-0.162223,England,2026-05-12,,0.48,0.1,,14.0,12.0,1290.0,,,,,,,,,Reviewed: quality check complete
Plumridge Farm 2,Salmons Brook,51.673322,-0.154733,England,2026-05-12,,0.76,0.49,,14.0,14.8,1190.0,,,,,,,,,Reviewed: quality check complete
Botany Bay Bridge,Salmons Brook,51.673608,-0.134733,England,2026-05-12,,,,,,,,,,,,,,,Dry,Reviewed: quality check complete
Jolly Farmers Bridge,Salmons Brook,51.654995,-0.107234,England,2026-05-12,,,,,14.0,12.0,801.0,,,,,,,,Ammonia and Phosphate Measurements not taken,Reviewed: quality check complete
Hollyhill brook,Holyhill Brook,51.681288,-0.116497,England,2026-05-15,,1.86,0.8,,14.0,11.6,707.0,,,,,,,,,Reviewed: quality check complete
Maidens Bridge,Turkey Brook,51.671774,-0.06026,England,2026-05-15,,1.29,0.28,,14.0,11.7,913.0,,,,,,,,,Reviewed: quality check complete
Cattlegate Road,Turkey Brook,51.687675,-0.116758,England,2026-05-15,,0.32,0.29,,14.0,9.9,1290.0,,,,,,,,,Reviewed: quality check complete
Cuffley Brook upstream,Cuffley Brook,51.674388,-0.07931,England,2026-05-15,,1.11,0.13,,14.0,11.0,945.0,,,,,,,,,Reviewed: quality check complete
Lordship Recreation Ground (Downstream),Moselle Brook,51.594777,-0.086985,Haringey,2026-05-15,,4.3,2.03,,,14.9,771.0,clear,clear,attached,sunny,average,steady,"residential_discharge, urban_discharge",,Reviewed: quality check complete
Broomfield Upper Lake South Outlet,Broomfield Upper Lake,51.617937,-0.117409,Enfield,2026-05-15,,8.5,5.47,3.12,14.0,15.7,583.0,clear,clear,none,cloudy,low,slow,"residential_discharge, urban_discharge",,Reviewed: quality check complete
Broomfield Lower Lake SE Outlet,Broomfield Lower Lake ,51.61692,-0.118504,Enfield,2026-05-15,,6.3,1.91,3.53,14.0,14.2,436.0,clear,clear,none,cloudy,low,still,"residential_discharge, urban_discharge",,Reviewed: quality check complete
Broomfield Upper Lake NW Inlet,Broomfield Upper Lake,51.618446,-0.117374,England,2026-05-15,,6.7,7.93,4.05,14.0,15.4,585.0,clear,clear,not_sure,cloudy,low,slow,"residential_discharge, urban_discharge",,Reviewed: quality check complete
Folly Lane EA monitoring point,The Ching,51.60745,-0.030985,Waltham Forest,2026-05-15,,1.89,0.67,,,14.1,815.0,grey,opaque,not_sure,cloudy,low,steady,urban_discharge,,Reviewed: quality check complete
The Charter Road (Gordon Avenue),The Ching,51.608856,0.009023,Waltham Forest,2026-05-16,,1.55,0.1,,,24.5,606.0,clear,clear,,cloudy,low,slow,"residential_discharge, urban_discharge",Temperature when tested not when sample taken,Reviewed: quality check complete
Highams Park Lake,The Ching,51.613892,0.009555,Waltham Forest,2026-05-16,,2.01,0.23,,,24.9,621.0,clear,clear,none,cloudy,low,slow,land drainage outfall,Temp when sample tested not when sample taken,Reviewed: quality check complete
Eversley Crescent Outfall (Downstream),Salmons Brook/Houndsden Gutter,51.639676,-0.107511,Enfield,2026-05-16,,2.5,1.98,,,,,,cloudy,,,,,other,,Reviewed: quality check complete
D/S Whitehall Rd,The Ching,51.625457,0.019402,Redbridge,2026-05-17,,2.26,0.63,,,,,clear,clear,none,"sunny, cloudy",low,slow,,,Reviewed: quality check complete
Whitehall Outfalls,The Ching,51.626392,0.019922,Redbridge,2026-05-17,,2.5,1.6,,,,,clear,clear,none,"sunny, cloudy",low,slow,,,Reviewed: quality check complete
Whitehall Outfall 5b,River Ching,51.626279,0.019638,Redbridge,2026-05-17,,3.9,1.83,,,,,clear,clear,none,sunny,average,steady,residential_discharge,,Reviewed: quality check complete
Whitehall Outfall 5a,River Ching,51.626279,0.019638,Redbridge,2026-05-17,,2.6,0.53,,,,,clear,clear,none,sunny,average,steady,residential_discharge,,Reviewed: quality check complete
Grovelands Park Stream below dam,Salmons Brook/Houndsden Gutter/Grovelands Stream,51.633371,-0.111863,Enfield,2026-05-17,,1.06,0.04,,14.0,13.9,557.0,,,,cloudy,,,,,Reviewed: quality check complete
Grovelands Park Lake Downstream of reedbeds,Salmons Brook/Houndsden Gutter/Grovelands Stream,51.630991,-0.115829,Enfield,2026-05-17,,1.41,0.78,,14.0,15.0,545.0,,,,cloudy,,,,,Reviewed: quality check complete
Grovelands Park Lake Entry,Salmons Brook/Houndsden Gutter/Grovelands Stream,51.630718,-0.116322,Enfield,2026-05-17,,6.4,9.93,,14.0,14.3,799.0,,,,cloudy,,,,,Reviewed: quality check complete
Footbridge near Rangers Road,Ching Brook,51.634055,0.025535,Essex,2026-05-17,,0.23,0.16,,,,,clear,clear,none,sunny,low,slow,,,Reviewed: quality check complete
Newgate Street,The Ching,51.621835,0.016257,Waltham Forest,2026-05-17,,1.86,0.34,,,,,clear,clear,none,"sunny, cloudy",low,,,,Reviewed: quality check complete
Whitehall Plain,The Ching,51.627561,0.020547,Waltham Forest,2026-05-17,,0.71,0.33,,,,,clear,clear,none,sunny,low,slow,,,Reviewed: quality check complete
Beech Hall,The Ching,51.604636,0.000755,Waltham Forest,2026-05-18,,2.5,0.23,,,,,clear,clear,not_sure,cloudy,,,urban_discharge,,Reviewed: quality check complete
Beech Hall Crescent CSO,River Ching,51.604332,0.000129,Waltham Forest,2026-05-18,,2.5,0.23,,,,,clear,clear,not_sure,cloudy,,,Combined Sewer Overflow,,Reviewed: quality check complete
Rectory Farm,Turkey Brook,51.671883,-0.105772,England,2026-05-19,,0.67,0.26,,15.0,,1380.0,,cloudy,none,cloudy,average,still,,,Reviewed: quality check complete
OUTFALL PYMM0161: Shirebourne Culvert Victoria Rec Ground,Shirebourne,51.651505,-0.171887,England,2026-05-19,,4.0,3.4,,44.0,,,clear,clear,cladaphora,sunny,dry,,highway_discharge,,Reviewed: quality check complete
Hatch Roundabout - Upstream,The Ching,51.618979,0.008952,Waltham Forest,2026-05-20,,2.36,0.33,,,,,clear,clear,none,cloudy,low,slow,urban_discharge,,Reviewed: quality check complete
Hatch Roundabout - Downstream,The Ching,51.618456,0.00869,Waltham Forest,2026-05-20,,2.5,1.17,,,,,clear,clear,none,cloudy,low,slow,urban_discharge,,Reviewed: quality check complete
Highams Park Lake,The Ching,51.613892,0.009555,Waltham Forest,2026-05-21,,2.5,0.27,,,26.6,605.0,clear,clear,none,cloudy,low,slow,Land drainage discharge,,Reviewed: quality check complete
The Charter Road (Gordon Avenue),The Ching,51.608856,0.009023,Waltham Forest,2026-05-21,,2.5,0.16,,,26.2,580.0,clear,clear,none,cloudy,low,slow,"residential_discharge, urban_discharge",,Reviewed: quality check complete
Sainsbury's,The Ching,51.604505,-0.019121,Waltham Forest,2026-05-22,,2.5,0.35,,,,,,clear,,sunny,,,,phosphate 2.50 flashing,Reviewed: quality check complete
Wadham Ave,The Ching,51.603672,-0.011865,Waltham Forest,2026-05-22,,2.5,0.11,,,,,,,,sunny,,,,,Reviewed: quality check complete
Whitehall Plain,The Ching,51.627561,0.020547,Waltham Forest,2026-05-22,,0.82,0.23,,,,,clear,clear,none,sunny,low,slow,,,Reviewed: quality check complete
Footbridge near Rangers Road,Ching Brook,51.634055,0.025535,Essex,2026-05-22,,0.51,0.16,,,,,clear,clear,none,sunny,low,slow,,,Reviewed: quality check complete
Downstream of Connaught Water,The Ching,51.63776,0.025654,Essex,2026-05-22,,0.29,0.54,,,,,clear,clear,none,sunny,low,still,,No visible flow,Reviewed: quality check complete
Folly Lane EA monitoring point,The Ching,51.60745,-0.030985,Waltham Forest,2026-05-22,,2.5,1.15,,,17.8,850.0,clear,clear,none,sunny,low,steady,urban_discharge,,Reviewed: quality check complete
Whitehall Outfall 5b,River Ching,51.626279,0.019638,Redbridge,2026-05-23,,3.9,2.36,,,,,clear,clear,none,sunny,average,steady,residential_discharge,,Reviewed: quality check complete
Whitehall Outfall 5a,River Ching,51.626279,0.019638,Redbridge,2026-05-23,,3.5,1.08,,,,,clear,clear,none,sunny,average,slow,residential_discharge,,Reviewed: quality check complete
D/S Whitehall Rd,The Ching,51.625457,0.019402,Redbridge,2026-05-24,,2.5,0.82,,,,,clear,clear,none,sunny,low,slow,,,Reviewed: quality check complete
Whitehall Outfalls,The Ching,51.626392,0.019922,Redbridge,2026-05-24,,2.5,1.81,,,,,clear,clear,none,sunny,low,slow,,Little flow from Ching. Most water from outfalls ,Reviewed: quality check complete
Arnos Park Growing Space (downstream),Pymmes Brook ,51.617646,-0.128978,Enfield,2026-05-24,,2.5,3.18,,,18.1,988.0,,,,,,,,No rain for 2 months,Reviewed: quality check complete
Arnos Park Growing Space (upstream),Pymmes Brook ,51.617697,-0.129111,Enfield,2026-05-24,,2.5,3.09,,,18.2,992.0,,,,,,,,No rain for 2 months,Reviewed: quality check complete
Waterfall Walk 2 (Downstream),Pymmes Brook,51.62178,-0.136051,Barnet,2026-05-24,,2.5,2.32,,,16.9,1000.0,,,,,,,,No rain for 2 months,Reviewed: quality check complete
Waterfall Walk 1 (Upstream),Pymmes Brook,51.622216,-0.13638,Barnet,2026-05-24,,2.5,1.13,,,18.3,956.0,,,,,,,,No rain for 2 months,Reviewed: quality check complete
Newgate Street,The Ching,51.621835,0.016257,Waltham Forest,2026-05-24,,2.19,0.52,,,,,clear,clear,none,sunny,low,slow,,,Reviewed: quality check complete
East Finchley Allotments - East Stream,Bounds Green Brook,51.595286,-0.162522,England,2026-05-28,,8.4,9.99,,,19.6,1130.0,"green, grey",cloudy,not_sure,sunny,average,slow,residential_discharge,Sewage fungus and white scum in water ,Reviewed: quality check complete
Folly Lane EA monitoring point,The Ching,51.60745,-0.030985,Waltham Forest,2026-05-29,,2.5,1.18,,,20.8,911.0,clear,clear,not_sure,"sunny, cloudy",low,steady,urban_discharge,,Reviewed: quality check complete
Whitehall Plain,The Ching,51.627561,0.020547,Waltham Forest,2026-05-29,,1.51,0.42,,,,,clear,clear,none,sunny,low,still,,No flow,Reviewed: quality check complete
Highams Park Lake,The Ching,51.613892,0.009555,Waltham Forest,2026-05-29,,2.07,0.23,,,24.2,400.0,clear,clear,none,cloudy,low,slow,land drainage discharge,Conductivity meter was calibrated this week,Reviewed: quality check complete
Downstream of Connaught Water,The Ching,51.63776,0.025654,Essex,2026-05-29,,0.42,0.83,,,,,clear,clear,none,sunny,low,still,,No flow,Reviewed: quality check complete
Footbridge near Rangers Road,Ching Brook,51.634055,0.025535,Essex,2026-05-29,,,,,,,,,clear,none,sunny,dry,still,,Stream completely dry,Reviewed: quality check complete
The Charter Road (Gordon Avenue),The Ching,51.608856,0.009023,Waltham Forest,2026-05-29,,2.42,0.11,,,27.5,375.0,clear,clear,none,cloudy,low,slow,"residential_discharge, urban_discharge",Conductivity meter calibrated this week,Reviewed: quality check complete
Friends Bridge,Lea (Old River Lea),51.561403,-0.037255,Hackney,2026-05-30,,1.91,0.08,,,22.1,1010.0,clear,clear,none,sunny,average,,,,Reviewed: quality check complete
Flood Relief Channel outflow,Old Lea,51.561278,-0.029612,Waltham Forest,2026-05-30,,0.44,0.93,,,24.4,767.0,clear,clear,floating_mats,sunny,average,,,,Reviewed: quality check complete
Whitehall Outfall 5a,River Ching,51.626279,0.019638,Redbridge,2026-05-31,,3.6,0.6,,,,,clear,clear,none,sunny,average,slow,residential_discharge,,Reviewed: quality check complete
Brookfield Meadow,River Ching,51.607557,0.006706,England,2026-05-31,,2.5,0.15,,,,,clear,clear,,cloudy,low,slow,,,Reviewed: quality check complete
Whitehall Outfall 5b,River Ching,51.626279,0.019638,Redbridge,2026-05-31,,3.2,2.26,,,,,clear,clear,none,sunny,average,steady,residential_discharge,,Reviewed: quality check complete
North Access Road,Dagenham Brook,51.576136,-0.039847,England,2026-05-31,,2.5,4.08,,,20.3,840.0,clear,clear,none,"cloudy, windy",average,steady,,,Reviewed: quality check complete
Dagenham Brook Bridge Rd D/S,Dagenham Brook ,51.570977,-0.029842,Waltham Forest,2026-05-31,,2.5,3.5,,,19.7,808.0,clear,clear,none,"sunny, cloudy, windy",low,steady,urban_discharge,,Reviewed: quality check complete
Beech Hall,The Ching,51.604636,0.000755,Waltham Forest,2026-05-31,,2.5,0.21,,,,,clear,clear,not_sure,sunny,,,Combined Sewer Overflow,2.50 flashing - above range,Reviewed: quality check complete
Beech Hall,The Ching,51.604636,0.000755,Waltham Forest,2026-05-31,,2.5,0.23,,,,,clear,,not_sure,sunny,,,urban_discharge,2.50 flashing - beyond range,Reviewed: quality check complete
Turkey Street (Upstream),Turkey Brook,51.668694,-0.034631,Enfield,2026-06-01,,1.43,0.08,,12.0,20.0,385.0,,clear,floating_mats,cloudy,low,slow,,,Reviewed: quality check complete
Hatch Roundabout - Upstream,The Ching,51.618979,0.008952,Waltham Forest,2026-06-03,,1.39,0.11,,,,,clear,clear,none,rainy,average,steady,urban_discharge,,Reviewed: quality check complete
Hatch Roundabout - Downstream,The Ching,51.618456,0.00869,Waltham Forest,2026-06-03,,1.34,0.25,,,,,clear,clear,none,rainy,average,steady,urban_discharge,,Reviewed: quality check complete
Highams Park Lake,The Ching,51.613892,0.009555,Waltham Forest,2026-06-04,,1.45,0.15,,,28.7,214.0,clear,clear,none,rainy,low,slow,Land drainage outfall,,Reviewed: quality check complete
Footbridge near Rangers Road,Ching Brook,51.634055,0.025535,Essex,2026-06-05,,0.19,0.1,,,,,clear,clear,none,"sunny, cloudy",low,slow,,,Reviewed: quality check complete
Whitehall Outfall 5b,River Ching,51.626279,0.019638,Redbridge,2026-06-05,,3.0,0.0,,,,,clear,clear,none,cloudy,average,steady,residential_discharge,,Reviewed: quality check complete
Sainsbury's,The Ching,51.604505,-0.019121,Waltham Forest,2026-06-05,,1.56,0.59,,,,,,,,"sunny, cloudy",,,,,Reviewed: quality check complete
Downstream of Connaught Water,The Ching,51.63776,0.025654,Essex,2026-06-05,,0.37,0.16,,,,,clear,clear,none,"sunny, cloudy",low,still,,No flow,Reviewed: quality check complete
Wadham Ave,The Ching,51.603672,-0.011865,Waltham Forest,2026-06-05,,1.72,0.62,,,,,,,,"sunny, cloudy",,,,,Reviewed: quality check complete
Whitehall Outfall 5a,River Ching,51.626279,0.019638,Redbridge,2026-06-05,,2.4,0.19,,,,,clear,clear,none,cloudy,average,steady,residential_discharge,,Reviewed: quality check complete
Whitehall Plain,The Ching,51.627561,0.020547,Waltham Forest,2026-06-05,,0.46,0.23,,,,,clear,clear,none,sunny,low,slow,,,Reviewed: quality check complete
Folly Lane EA monitoring point,The Ching,51.60745,-0.030985,Waltham Forest,2026-06-05,,1.35,1.94,,,17.5,706.0,clear,clear,not_sure,"cloudy, windy",average,steady,urban_discharge,,Reviewed: quality check complete
Brookfield Meadow,River Ching,51.607557,0.006706,England,2026-06-07,,1.49,0.13,,,,,clear,clear,,cloudy,low,slow,,,Reviewed: quality check complete
Whitehall Outfalls,The Ching,51.626392,0.019922,Redbridge,2026-06-07,,1.58,0.09,,,,,clear,clear,none,sunny,low,slow,,,Reviewed: quality check complete
D/S Whitehall Rd,The Ching,51.625457,0.019402,Redbridge,2026-06-07,,1.58,0.21,,,,,clear,clear,none,sunny,low,slow,,,Reviewed: quality check complete
Newgate Street,The Ching,51.621835,0.016257,Waltham Forest,2026-06-07,,1.28,0.16,,,,,clear,clear,none,sunny,low,slow,,,Reviewed: quality check complete
Markfield Park (Stonebridge Brook) CSO,River Lea,51.58111,-0.060575,Haringey,2026-06-08,,1.75,0.41,,,,,clear,clear,,rainy,high,steady,,noticable oily sheen on water surface today,Reviewed: quality check complete
Upstream of Markfield Park (Stonebridge Brook) CSO ,River Lea,51.58119,-0.060253,Waltham Forest,2026-06-08,,2.5,0.5,,,,,clear,clear,,rainy,high,steady,,noticable oily sheen on water surface,Reviewed: quality check complete
Beech Hall,The Ching,51.604636,0.000755,Waltham Forest,2026-06-09,,1.75,0.11,,,,,"brown, white",clear,not_sure,sunny,,,urban_discharge,,Reviewed: quality check complete
Beech Hall Crescent CSO,River Ching,51.604332,0.000129,Waltham Forest,2026-06-09,,1.97,0.09,,,,,clear,clear,not_sure,"sunny, windy",,,Combined Sewer Overflow,,Reviewed: quality check complete
Hatch Roundabout - Upstream,The Ching,51.618979,0.008952,Waltham Forest,2026-06-10,,1.55,0.05,,,,,clear,clear,none,sunny,average,slow,urban_discharge,,Reviewed: quality check complete
Hatch Roundabout - Downstream,The Ching,51.618456,0.00869,Waltham Forest,2026-06-10,,2.5,0.73,,,,,clear,clear,none,sunny,average,slow,urban_discharge,,Reviewed: quality check complete
Sainsbury's,The Ching,51.604505,-0.019121,Waltham Forest,2026-06-12,,1.08,0.16,,,,,,,,sunny,,,,,Reviewed: quality check complete
Brookfield Meadow,River Ching,51.607557,0.006706,England,2026-06-12,,2.5,0.04,,,,,"clear, grey",cloudy,,cloudy,low,slow,residential_discharge,Slightly grey water coming from surface water outflow pipe,Reviewed: quality check complete
Wadham Ave,The Ching,51.603672,-0.011865,Waltham Forest,2026-06-12,,1.31,0.15,,,,,,,,sunny,,,,,Reviewed: quality check complete
Channelsea River Gas Holders ,Channelsea River,51.526949,-0.003434,England,2026-06-12,,1.27,0.11,,14.0,17.7,804.0,brown,cloudy,,cloudy,average,steady,,,Reviewed: quality check complete
Channelsea River by Northern Outfall,Channelsea River,51.529767,0.0002,England,2026-06-12,,1.43,0.06,,14.0,19.4,789.0,brown,cloudy,,cloudy,low,steady,,,Reviewed: quality check complete
Folly Lane EA monitoring point,The Ching,51.60745,-0.030985,Waltham Forest,2026-06-12,,1.64,1.48,,,16.8,642.0,clear,clear,not_sure,"cloudy, windy",average,steady,urban_discharge,,Reviewed: quality check complete
Lea Bridge Weir (downstream),Old Lea,51.561715,-0.043795,Hackney,2026-06-13,,2.19,0.1,,,,,"clear, brown",,attached,sunny,average,steady,"industrial_discharge, residential_discharge, urban_discharge, dogs",,Reviewed: quality check complete
Bottom of Berms,Old Lea,51.560985,-0.034761,Waltham Forest,2026-06-13,,2.36,0.11,,,,,clear,clear,attached,sunny,low,steady,"industrial_discharge, residential_discharge, urban_discharge, boats",,Reviewed: quality check complete
The Charter Road (Gordon Avenue),The Ching,51.608856,0.009023,Waltham Forest,2026-06-13,,1.47,0.13,,,31.4,263.0,clear,clear,,sunny,low,slow,"residential_discharge, urban_discharge",Temperature probe seems to be reading too high since it was calibrated,Reviewed: quality check complete
Highams Park Lake,The Ching,51.613892,0.009555,Waltham Forest,2026-06-13,,1.84,0.15,,,29.9,274.0,clear,clear,,sunny,low,slow,Land drainage outfall,Temperature probe seems to be displaying unusually high readings since it was calibrated,Reviewed: quality check complete
Top of Berms,Old Lea,51.561327,-0.035427,Waltham Forest,2026-06-13,,2.19,0.1,,,,,"clear, brown",clear,attached,sunny,average,steady,"industrial_discharge, residential_discharge, urban_discharge, dogs",,Reviewed: quality check complete
Grovelands Park Lake Downstream of reedbeds,Salmons Brook/Houndsden Gutter/Grovelands Stream,51.630991,-0.115829,Enfield,2026-06-14,,1.92,0.65,,14.0,18.5,545.0,,,,sunny,,,,,Reviewed: quality check complete
Grovelands Park Stream below dam,Salmons Brook/Houndsden Gutter/Grovelands Stream,51.633371,-0.111863,Enfield,2026-06-14,,1.67,0.07,,14.0,17.5,531.0,,,,sunny,,,,,Reviewed: quality check complete
Newgate Street,The Ching,51.621835,0.016257,Waltham Forest,2026-06-14,,1.72,0.11,,,16.7,862.0,clear,clear,none,sunny,low,slow,,,Reviewed: quality check complete
D/S Whitehall Rd,The Ching,51.625457,0.019402,Redbridge,2026-06-14,,2.48,0.31,,,17.2,870.0,clear,clear,none,sunny,,slow,,,Reviewed: quality check complete
Whitehall Outfalls,The Ching,51.626392,0.019922,Redbridge,2026-06-14,,1.43,0.59,,,17.0,879.0,clear,clear,none,sunny,low,slow,,,Reviewed: quality check complete
Grovelands Park Lake Entry,Salmons Brook/Houndsden Gutter/Grovelands Stream,51.630718,-0.116322,Enfield,2026-06-14,,2.5,4.16,,14.0,16.8,741.0,,,,sunny,,,,,Reviewed: quality check complete
Beech Hall Crescent CSO,River Ching,51.604332,0.000129,Waltham Forest,2026-06-16,,2.41,0.16,,,,,clear,clear,not_sure,sunny,,,Combined sewer overflow,CSO has obviously discharged since testing last week - evidence of fresh paper on the concrete just below the pipe (picture attached).  There was a short period of very heavy rainfall and hail on Thursday last week - overflow may have happened then.,Reviewed: quality check complete
Beech Hall,The Ching,51.604636,0.000755,Waltham Forest,2026-06-16,,2.37,0.17,,,,,clear,clear,not_sure,sunny,,,urban_discharge,,Reviewed: quality check complete
East Finchley Allotments - East Stream,Bounds Green Brook,51.595286,-0.162522,England,2026-06-16,,4.3,7.93,,,17.7,913.0,grey,cloudy,not_sure,sunny,average,steady,residential_discharge,Sewage fungus ,Reviewed: quality check complete
Hatch Roundabout - Downstream,The Ching,51.618456,0.00869,Waltham Forest,2026-06-17,,2.5,0.35,,,,,clear,clear,none,sunny,low,slow,urban_discharge,,Reviewed: quality check complete
Hatch Roundabout - Upstream,The Ching,51.618979,0.008952,Waltham Forest,2026-06-17,,2.09,0.04,,,,,clear,clear,none,sunny,low,slow,urban_discharge,,Reviewed: quality check complete
Downstream of Connaught Water,The Ching,51.63776,0.025654,Essex,2026-06-18,,0.53,0.29,,,,,clear,clear,none,"sunny, cloudy",low,still,,No flow,Reviewed: quality check complete
Footbridge near Rangers Road,Ching Brook,51.634055,0.025535,Essex,2026-06-18,,0.35,0.28,,,,,clear,clear,none,"sunny, cloudy",low,slow,,,Reviewed: quality check complete
Whitehall Plain,The Ching,51.627561,0.020547,Waltham Forest,2026-06-18,,0.98,0.25,,,,,clear,clear,none,"sunny, cloudy",low,slow,,,Reviewed: quality check complete
Eversley Crescent Outfall (Downstream),Salmons Brook/Houndsden Gutter,51.639676,-0.107511,Enfield,2026-06-18,,2.5,3.25,,,,,,,,cloudy,,,,small amount sewage fungus on rocks under bridge,Reviewed: quality check complete
River Lea Flood Relief Channel,Footbridge beside Waterworks Centre into Waterworks Nature Reserve,51.564306,-0.036113,Waltham Forest,2026-06-19,,0.49,0.05,,,,,clear,clear,,sunny,low,steady,,,Reviewed: quality check complete
Bridge by Springfield Marina,Coppermill Stream,51.573056,-0.056198,Waltham Forest,2026-06-19,,1.75,0.17,,,23.8,,clear,clear,floating_mats,sunny,average,still,,,Reviewed: quality check complete
Oak Hill Park 2 (Downstream),Pymmes Brook,51.638422,-0.156959,Barnet,2026-06-19,,2.5,3.41,,14.0,21.0,470.0,clear,clear,none,sunny,low,slow,"residential_discharge, urban_discharge",Although tests show significant pollution there was a group of fish (>20) approx 180m upstream from the testing site.,Reviewed: quality check complete
Folly Lane EA monitoring point,The Ching,51.60745,-0.030985,Waltham Forest,2026-06-19,,2.5,0.78,,,20.9,864.0,clear,clear,not_sure,sunny,low,steady,urban_discharge,,Reviewed: quality check complete
OUTFALL PYMM0161: Shirebourne Culvert Victoria Rec Ground,Shirebourne,51.651505,-0.171887,England,2026-06-19,,2.5,5.26,,14.0,19.8,488.0,clear,clear,none,sunny,average,slow,"residential_discharge, urban_discharge",,Reviewed: quality check complete
Lordship Recreation Ground (Downstream),Moselle Brook,51.594777,-0.086985,Haringey,2026-06-20,,4.9,2.48,,,,,clear,clear,attached,sunny,average,steady,"residential_discharge, urban_discharge",,Reviewed: quality check complete
Whitehall Outfall 5b,River Ching,51.626279,0.019638,Redbridge,2026-06-20,,3.2,0.76,,,,,clear,clear,none,cloudy,average,steady,residential_discharge,,Reviewed: quality check complete
Whitehall Outfall 5a,River Ching,51.626279,0.019638,Redbridge,2026-06-20,,3.7,0.6,,,,,clear,clear,none,cloudy,low,slow,residential_discharge,,Reviewed: quality check complete
Whitehall Outfall 5b,River Ching,51.626279,0.019638,Redbridge,2026-06-20,,,,,,,,,,,,,,,,Reviewed: quality check complete
Brookfield Meadow,River Ching,51.607557,0.006706,England,2026-06-21,,2.5,0.14,,,,,clear,clear,,sunny,,,,,Reviewed: quality check complete
Waterfall Walk 1 (Upstream),Pymmes Brook,51.622216,-0.13638,Barnet,2026-06-22,,2.48,0.34,,,19.7,963.0,,,,,,,,Heavy rain earlier this month,Reviewed: quality check complete
Waterfall Walk 2 (Downstream),Pymmes Brook,51.62178,-0.136051,Barnet,2026-06-22,,2.5,2.15,,,18.8,1010.0,,,,,,,,Heavy rain earlier this month,Reviewed: quality check complete
Arnos Park Growing Space (upstream),Pymmes Brook ,51.617697,-0.129111,Enfield,2026-06-22,,2.5,2.13,,,20.1,991.0,,,,,,,,Heavy rain earlier this month,Reviewed: quality check complete
Arnos Park Growing Space (downstream),Pymmes Brook ,51.617646,-0.128978,Enfield,2026-06-22,,2.5,2.08,,,19.9,994.0,,,,,,,,Heavy rain earlier this month,Reviewed: quality check complete
Beech Hall Crescent CSO,River Ching,51.604332,0.000129,Waltham Forest,2026-06-23,,1.17,0.26,,,,,clear,clear,not_sure,sunny,,,Combined sewer overflow,,Reviewed: quality check complete
Beech Hall,The Ching,51.604636,0.000755,Waltham Forest,2026-06-23,,1.21,0.27,,,,,clear,clear,not_sure,sunny,,,urban_discharge,,Reviewed: quality check complete
The Charter Road (Gordon Avenue),The Ching,51.608856,0.009023,Waltham Forest,2026-06-24,,1.32,0.21,,,,,clear,clear,none,sunny,low,slow,"residential_discharge, urban_discharge",,Reviewed: quality check complete
Highams Park Lake,The Ching,51.613892,0.009555,Waltham Forest,2026-06-24,,1.51,0.13,,,,,brown,cloudy,,sunny,low,slow,land drainage discharge,Hazy brown effect possibly caused by silt from heavy rain in last 48 hours,Reviewed: quality check complete
Hatch Roundabout - Downstream,The Ching,51.618456,0.00869,Waltham Forest,2026-06-25,,2.12,0.23,,,,,clear,clear,none,sunny,low,slow,urban_discharge,,Reviewed: quality check complete
Hobart Corner,Bounds Green Brook,51.61262,-0.133703,Enfield,2026-06-25,,1.88,4.12,,,27.9,1030.0,"green, grey",cloudy,not_sure,sunny,average,,"residential_discharge, urban_discharge, highway_discharge",Sewage fungus ,Reviewed: quality check complete
Hatch Roundabout - Upstream,The Ching,51.618979,0.008952,Waltham Forest,2026-06-25,,1.74,0.04,,,,,clear,clear,none,sunny,low,slow,urban_discharge,,Reviewed: quality check complete
Folly Lane EA monitoring point,The Ching,51.60745,-0.030985,Waltham Forest,2026-06-26,,2.13,1.32,,,23.1,915.0,clear,clear,not_sure,sunny,low,steady,urban_discharge,,Reviewed: quality check complete
Sainsbury's,The Ching,51.604505,-0.019121,Waltham Forest,2026-06-26,,2.19,0.25,,,,,,cloudy,,sunny,,,,Burst water main day previously ,Reviewed: quality check complete
Footbridge near Rangers Road,Ching Brook,51.634055,0.025535,Essex,2026-06-26,,,,,,,,clear,clear,none,sunny,dry,still,,"No water, riverbed stones wet.",Reviewed: quality check complete
Downstream of Connaught Water,The Ching,51.63776,0.025654,Essex,2026-06-26,,0.67,0.15,,,,,clear,clear,none,sunny,low,still,,No flow,Reviewed: quality check complete
Whitehall Plain,The Ching,51.627561,0.020547,Waltham Forest,2026-06-26,,1.26,0.34,,,,,clear,clear,none,sunny,low,still,,No visible flow,Reviewed: quality check complete
Turkey Street (Downstream),Turkey Brook,51.667892,-0.031325,Enfield,2026-06-27,,2.29,0.2,,14.0,24.6,396.0,,clear,,sunny,low,still,,,Reviewed: quality check complete
Turkey Street (Upstream),Turkey Brook,51.668694,-0.034631,Enfield,2026-06-27,,2.27,0.2,,14.0,24.2,395.0,,cloudy,cladaphora,sunny,low,slow,,,Reviewed: quality check complete
Brookfield Meadow,River Ching,51.607557,0.006706,England,2026-06-28,,2.35,0.18,,,,,,,,"sunny, cloudy",low,slow,,,Reviewed: quality check complete
Whitehall Outfalls,The Ching,51.626392,0.019922,Redbridge,2026-06-28,,2.5,0.5,,,22.0,787.0,clear,clear,none,sunny,low,steady,,,Reviewed: quality check complete
D/S Whitehall Rd,The Ching,51.625457,0.019402,Redbridge,2026-06-28,,1.42,0.08,,,21.5,796.0,clear,clear,none,sunny,low,steady,,,Reviewed: quality check complete
Newgate Street,The Ching,51.621835,0.016257,Waltham Forest,2026-06-28,,2.28,0.21,,,21.0,780.0,clear,clear,none,sunny,low,steady,,,Reviewed: quality check complete
Whitehall Outfall 5a,River Ching,51.626279,0.019638,Redbridge,2026-06-29,,3.6,0.14,,,,,clear,clear,none,sunny,average,steady,residential_discharge,,Reviewed: quality check complete
Beech Hall Crescent CSO,River Ching,51.604332,0.000129,Waltham Forest,2026-06-30,,2.37,0.18,,,,,clear,clear,not_sure,sunny,,,Combined sewer overflow,,Reviewed: quality check complete
Beech Hall,The Ching,51.604636,0.000755,Waltham Forest,2026-06-30,,2.31,0.16,,,,,clear,clear,not_sure,sunny,,,urban_discharge,,Reviewed: quality check complete
Flood Relief Channel outflow,Old Lea,51.561278,-0.029612,Waltham Forest,2026-06-30,,0.28,0.02,,,20.5,829.0,clear,clear,none,cloudy,low,still,,,Reviewed: quality check complete
Friends Bridge,Lea (Old River Lea),51.561403,-0.037255,Hackney,2026-06-30,,1.09,0.09,,,21.8,1030.0,clear,clear,none,sunny,low,slow,,,Reviewed: quality check complete
Broomfield Upper Lake NW Inlet,Broomfield Upper Lake,51.618446,-0.117374,England,2026-06-30,,5.2,8.32,4.23,14.0,19.9,812.0,clear,clear,none,sunny,low,slow,"residential_discharge, urban_discharge, highway_discharge",The foam was light on top of the Secchi tube. Slight sewage small plus domestic chemicals. At the time of testing the water entering the lake was cloudy once in the water. By evening the lake had turned green and since then has had thick dark green plaques. The wildfowl mainly left the water. Pollution was reported to Thames Water & the Environment Agency. Their testing resulted in water being stopped from entering the lake and investigations in the catchment area.,Reviewed: quality check complete
Broomfield Upper Lake water in the lake (NW),Broomfield Upper Lake ,51.618335,-0.117466,England,2026-06-30,,3.6,7.86,10.21,14.0,24.2,770.0,brown,clear,not_sure,sunny,low,slow,"residential_discharge, urban_discharge, highway_discharge",This test was undertaken to compare to water coming from the outlet pipe. While pollution levels are poor they are not as high as the water entering the lake. As a result a water pollution incident was reported and by the evening the colour of the lake had changed and dark green algal plaques were developing,Reviewed: quality check complete
Broomfield Wetland NE Inlet,Broomfield Wetland,51.617593,-0.118979,England,2026-06-30,,1.8,1.11,11.97,25.0,25.4,626.0,green,clear,none,sunny,low,slow,"residential_discharge, urban_discharge, highway_discharge","The pollution of the water entering the wetland was surprisingly low considering the levels in the Upper Lake, which feeds the wetland via the Middle Lake. To test this was accurate we later tested the outlet from Middle Lake",Reviewed: quality check complete
Downstream of Connaught Water,The Ching,51.63776,0.025654,Essex,2026-07-03,,,,,,,,,,,sunny,dry,still,,"Riverbed dried up, no water.",Reviewed: quality check complete
Wadham Ave,The Ching,51.603672,-0.011865,Waltham Forest,2026-07-03,,2.41,0.11,,,,,,,,sunny,,,,,Reviewed: quality check complete
Whitehall Plain,The Ching,51.627561,0.020547,Waltham Forest,2026-07-03,,1.17,,,,,,clear,clear,none,sunny,low,still,,"No flow, parts of riverbed have 0 water depth. Sample taken from still pool.",Reviewed: quality check complete
Footbridge near Rangers Road,Ching Brook,51.634055,0.025535,Essex,2026-07-03,,,,,,,,,,,sunny,dry,still,,"Riverbed dried up, no water.",Reviewed: quality check complete
Highams Park Lake,The Ching,51.613892,0.009555,Waltham Forest,2026-07-03,,1.95,0.09,,,,,clear,clear,none,sunny,low,slow,land drain outfall,,Reviewed: quality check complete
Folly Lane EA monitoring point,The Ching,51.60745,-0.030985,Waltham Forest,2026-07-03,,2.5,4.56,,,21.2,922.0,clear,clear,not_sure,sunny,low,steady,urban_discharge,,Reviewed: quality check complete
Sainsbury's,The Ching,51.604505,-0.019121,Waltham Forest,2026-07-03,,2.5,0.09,,,,,,cloudy,,sunny,,,,,Reviewed: quality check complete
Channelsea River by Northern Outfall,Channelsea River,51.529767,0.0002,England,2026-07-04,,2.13,0.03,,14.0,24.4,1090.0,brown,cloudy,,sunny,high,steady,,Total dissolved solids = .75ppt,Reviewed: quality check complete
Outlet,Moore's Brook,51.626611,-0.081703,England,2026-07-04,,3.5,0.38,,14.0,22.7,370.0,clear,clear,none,sunny,low,slow,residential_discharge,,Reviewed: quality check complete
North Access Road,Dagenham Brook,51.576136,-0.039847,England,2026-07-04,,2.5,3.24,,,21.7,882.0,clear,clear,none,sunny,low,slow,,abandoned bike in the river downstream of sampling point (removed after photograph taken),Reviewed: quality check complete
Dagenham Brook Bridge Rd U/S,Dagenham Brook ,51.571262,-0.030595,Waltham Forest,2026-07-04,,2.5,2.93,,,23.5,916.0,clear,clear,none,sunny,low,slow,urban_discharge,,Reviewed: quality check complete
North Inlet,Moore's Brooķ,51.628245,-0.086723,England,2026-07-04,,3.6,5.17,,70.0,22.3,418.0,clear,clear,none,sunny,low,slow,,,Reviewed: quality check complete
D/S Whitehall Rd,The Ching,51.625457,0.019402,Redbridge,2026-07-05,,2.5,0.14,,,22.2,795.0,clear,clear,none,sunny,low,slow,,,Reviewed: quality check complete
Brookfield Meadow,River Ching,51.607557,0.006706,England,2026-07-05,,2.5,0.16,,,,,,clear,,sunny,low,slow,,,Reviewed: quality check complete
Whitehall Outfall 5a,River Ching,51.626279,0.019638,Redbridge,2026-07-05,,3.7,0.06,,,,,clear,clear,none,cloudy,low,slow,residential_discharge,,Reviewed: quality check complete
Whitehall Outfall 5b,River Ching,51.626279,0.019638,Redbridge,2026-07-05,,2.8,0.49,,,,,clear,clear,none,cloudy,average,steady,residential_discharge,,Reviewed: quality check complete
Newgate Street,The Ching,51.621835,0.016257,Waltham Forest,2026-07-05,,1.07,0.12,,,21.7,765.0,clear,clear,none,sunny,low,slow,,,Reviewed: quality check complete
Whitehall Outfalls,The Ching,51.626392,0.019922,Redbridge,2026-07-05,,1.7,0.13,,,22.2,731.0,clear,clear,none,sunny,low,slow,,,Reviewed: quality check complete
Beech Hall,The Ching,51.604636,0.000755,Waltham Forest,2026-07-07,,2.5,0.21,,,,,clear,clear,not_sure,sunny,,,urban_discharge,,Reviewed: quality check complete
Beech Hall Crescent CSO,River Ching,51.604332,0.000129,Waltham Forest,2026-07-07,,2.5,0.14,,,,,clear,clear,not_sure,sunny,,,Combined Sewer Overflow,,Reviewed: quality check complete
Wadham Ave,The Ching,51.603672,-0.011865,Waltham Forest,2026-07-07,,2.1,0.24,,,,,,,,sunny,,,,,Reviewed: quality check complete
Hatch Roundabout - Upstream,The Ching,51.618979,0.008952,Waltham Forest,2026-07-08,,2.5,0.01,,,,,clear,clear,none,sunny,low,slow,urban_discharge,,Reviewed: quality check complete
Hatch Roundabout - Downstream,The Ching,51.618456,0.00869,Waltham Forest,2026-07-08,,2.5,0.73,,,,,clear,clear,none,sunny,low,slow,urban_discharge,,Reviewed: quality check complete
Folly Lane EA monitoring point,The Ching,51.60745,-0.030985,Waltham Forest,2026-07-10,,2.5,3.37,,,22.8,901.0,clear,clear,not_sure,sunny,low,steady,urban_discharge,,Reviewed: quality check complete
Wadham Ave,The Ching,51.603672,-0.011865,Waltham Forest,2026-07-10,,2.5,0.07,,,,,,clear,,sunny,low,steady,,2.50 flashing phosphate,Reviewed: quality check complete
Sainsbury's,The Ching,51.604505,-0.019121,Waltham Forest,2026-07-10,,2.5,0.27,,,,,,,,sunny,,,,,Reviewed: quality check complete
Top of Berms,Old Lea,51.561327,-0.035427,Waltham Forest,2026-07-11,,2.42,0.15,,,,,,,,,,,,,Reviewed: quality check complete
Lea Bridge Weir (downstream),Old Lea,51.561715,-0.043795,Hackney,2026-07-11,,2.5,0.29,,,,,,,,,,,,,Reviewed: quality check complete
Bottom of Berms,Old Lea,51.560985,-0.034761,Waltham Forest,2026-07-11,,2.5,0.3,,,,,,,,,,,,,Reviewed: quality check complete
Whitehall Outfall 5a,River Ching,51.626279,0.019638,Redbridge,2026-07-12,,3.5,0.9,,,,,clear,clear,none,sunny,low,slow,residential_discharge,,Reviewed: quality check complete
Whitehall Outfall 5b,River Ching,51.626279,0.019638,Redbridge,2026-07-12,,3.3,1.32,,,,,clear,clear,none,sunny,average,steady,residential_discharge,,Reviewed: quality check complete
Whitehall Outfalls,The Ching,51.626392,0.019922,Redbridge,2026-07-12,,2.5,0.01,,,22.9,775.0,clear,clear,none,sunny,low,slow,,,Reviewed: quality check complete
D/S Whitehall Rd,The Ching,51.625457,0.019402,Redbridge,2026-07-12,,2.5,0.04,,,23.0,814.0,clear,clear,none,sunny,low,slow,,,Reviewed: quality check complete
Newgate Street,The Ching,51.621835,0.016257,Waltham Forest,2026-07-12,,2.5,0.12,,,22.0,795.0,clear,clear,none,sunny,low,slow,,,Reviewed: quality check complete
Beech Hall Crescent CSO,River Ching,51.604332,0.000129,Waltham Forest,2026-07-13,,2.5,0.13,,,,,clear,clear,not_sure,sunny,,,urban_discharge,,Reviewed: quality check complete
Beech Hall,The Ching,51.604636,0.000755,Waltham Forest,2026-07-13,,2.5,0.0,,,,,clear,clear,not_sure,sunny,,,urban_discharge,,Reviewed: quality check complete
Bridge by Springfield Marina,Coppermill Stream,51.573056,-0.056198,Waltham Forest,2026-07-14,,1.88,0.12,,,19.5,,clear,clear,floating_mats,"sunny, cloudy",average,still,,,Reviewed: quality check complete
River Lea Flood Relief Channel,Footbridge beside Waterworks Centre into Waterworks Nature Reserve,51.564306,-0.036113,Waltham Forest,2026-07-14,,1.72,0.17,,,21.6,,clear,clear,,"sunny, cloudy",low,slow,,,Reviewed: quality check complete
Hatch Roundabout - Downstream,The Ching,51.618456,0.00869,Waltham Forest,2026-07-14,,2.5,0.81,,,,,clear,clear,none,sunny,low,slow,urban_discharge,,Reviewed: quality check complete
Hatch Roundabout - Upstream,The Ching,51.618979,0.008952,Waltham Forest,2026-07-14,,2.5,0.04,,,,,clear,clear,none,sunny,low,slow,urban_discharge,,Reviewed: quality check complete
Downstream of Jack’s Lake,Pymmes Brook,51.656668,-0.164216,Barnet,2026-07-15,,1.68,0.17,,21.0,20.8,357.0,brown,cloudy,none,"sunny, cloudy",low,still,"urban_discharge, highway_discharge",Has been very dry for several weeks.,Reviewed: quality check complete
Oak Hill Park 2 (Downstream),Pymmes Brook,51.638422,-0.156959,Barnet,2026-07-15,,2.5,0.35,,14.0,22.1,480.0,clear,clear,"attached, not_sure","sunny, cloudy, windy",low,slow,"residential_discharge, urban_discharge",,Reviewed: quality check complete
OUTFALL PYMM0161: Shirebourne Culvert Victoria Rec Ground,Shirebourne,51.651505,-0.171887,England,2026-07-15,,2.5,4.79,,,21.3,478.0,clear,clear,none,"sunny, cloudy",low,slow,"residential_discharge, urban_discharge, highway_discharge",It has been very dry for several weeks. There is less floating debris than on previous occasions.,Reviewed: quality check complete
Grovelands Park Lake Downstream of reedbeds,Salmons Brook/Houndsden Gutter/Grovelands Stream,51.630991,-0.115829,Enfield,2026-07-16,,3.6,0.1,,14.0,25.8,542.0,,,,sunny,,,,,Reviewed: quality check complete
Grovelands Park Lake Entry,Salmons Brook/Houndsden Gutter/Grovelands Stream,51.630718,-0.116322,Enfield,2026-07-16,,5.2,3.7,,14.0,21.3,787.0,,,,sunny,,,,,Reviewed: quality check complete
Sainsbury's,The Ching,51.604505,-0.019121,Waltham Forest,2026-07-17,,1.19,0.08,,,,,,cloudy,,sunny,,,,,Reviewed: quality check complete
Wadham Ave,The Ching,51.603672,-0.011865,Waltham Forest,2026-07-17,,2.5,0.01,,,,,,cloudy,,sunny,,,,,Reviewed: quality check complete
Lordship Recreation Ground (Downstream),Moselle Brook,51.594777,-0.086985,Haringey,2026-07-17,,6.3,6.7,,,21.1,836.0,white,cloudy,attached,sunny,low,slow,"residential_discharge, urban_discharge","Unfortunately the water quality in the Moselle Brook appears worse than it has been for some years.   Due to the drought the water level is low, although it is still flowing.  The sewage fungus is visible on the bed of the Brook all the way along.  There seemed to be a dark brown fungus along the sides of the bank mixed up with the sewage fungus attached to vegetatioin. Sludge worm has been present on the bottom of the Brook for about 5 weeks in most of its length.",Reviewed: quality check complete
Footbridge near Rangers Road,Ching Brook,51.634055,0.025535,Essex,2026-07-17,,,,,,,,,,none,"sunny, cloudy",dry,still,,River completely dried up,Reviewed: quality check complete
Whitehall Plain,The Ching,51.627561,0.020547,Waltham Forest,2026-07-17,,1.27,0.12,,,,,green,clear,"evenly_dispersed, blue-green_scum","sunny, cloudy",low,still,,No flow in river. Sample collected from still pool. Pool covered in green algae covering surface.,Reviewed: quality check complete
Highams Park Lake,The Ching,51.613892,0.009555,Waltham Forest,2026-07-17,,2.5,0.08,,,,,clear,clear,none,sunny,low,,land drainage discharge,,Reviewed: quality check complete
The Charter Road (Gordon Avenue),The Ching,51.608856,0.009023,Waltham Forest,2026-07-17,,2.01,0.1,,,,,clear,clear,none,sunny,low,slow,"residential_discharge, urban_discharge",,Reviewed: quality check complete
Downstream of Connaught Water,The Ching,51.63776,0.025654,Essex,2026-07-17,,,,,,,,,,none,"sunny, cloudy",dry,still,,River completely dried up,Reviewed: quality check complete
Whitehall Outfalls,The Ching,51.626392,0.019922,Redbridge,2026-07-18,,2.5,0.0,,,21.3,797.0,clear,clear,none,sunny,low,slow,,Little flow in Ching. 3 water leaks on Whitehall Rd which enter via outfall 5a,Reviewed: quality check complete
D/S Whitehall Rd,The Ching,51.625457,0.019402,Redbridge,2026-07-18,,,2.5,,,20.1,835.0,clear,clear,none,sunny,low,slow,,,Reviewed: quality check complete
Newgate Street,The Ching,51.621835,0.016257,Waltham Forest,2026-07-18,,2.5,0.04,,,17.9,845.0,clear,clear,none,sunny,low,slow,,,Reviewed: quality check complete
Folly Lane EA monitoring point,The Ching,51.60745,-0.030985,Waltham Forest,2026-07-19,,2.5,3.46,,,19.6,920.0,clear,clear,not_sure,"cloudy, windy",low,steady,urban_discharge,,Reviewed: quality check complete
Whitehall Outfall 5b,River Ching,51.626279,0.019638,Redbridge,2026-07-19,,3.4,0.18,,,,,clear,clear,none,sunny,average,steady,residential_discharge,,Reviewed: quality check complete
Whitehall Outfall 5a,River Ching,51.626279,0.019638,Redbridge,2026-07-19,,3.1,0.04,,,,,clear,clear,none,sunny,low,slow,residential_discharge,,Reviewed: quality check complete
Brookfield Meadow,River Ching,51.607557,0.006706,England,2026-07-19,,2.5,0.08,,,,,,,,sunny,,,,,Reviewed: quality check complete
Beech Hall,The Ching,51.604636,0.000755,Waltham Forest,2026-07-21,,2.5,0.13,,,,,clear,clear,not_sure,sunny,,,urban_discharge,,Reviewed: quality check complete
Beech Hall Crescent CSO,River Ching,51.604332,0.000129,Waltham Forest,2026-07-21,,2.5,0.26,,,,,clear,clear,not_sure,sunny,,,Combined Sewer Overflow,,Reviewed: quality check complete
East Finchley Allotments - West Stream,Bounds Green Brook,51.594478,-0.165213,England,2026-07-21,,5.5,3.15,,,21.4,968.0,"green, grey",cloudy,not_sure,sunny,average,slow,residential_discharge,,Reviewed: quality check complete
Waterfall Walk 1 (Upstream),Pymmes Brook,51.622216,-0.13638,Barnet,2026-07-21,,2.08,0.09,,,17.6,985.0,,,,,,,,No rain since early June,Reviewed: quality check complete
Hatch Roundabout - Downstream,The Ching,51.618456,0.00869,Waltham Forest,2026-07-21,,2.5,0.7,,,,,clear,clear,none,sunny,low,slow,urban_discharge,,Reviewed: quality check complete
Hatch Roundabout - Upstream,The Ching,51.618979,0.008952,Waltham Forest,2026-07-21,,2.5,0.0,,,,,clear,clear,none,snowy,low,slow,,,Reviewed: quality check complete
East Finchley Allotments - East Stream,Bounds Green Brook,51.595286,-0.162522,England,2026-07-21,,2.5,9.99,,,20.1,1100.0,grey,cloudy,not_sure,sunny,average,slow,residential_discharge,,Reviewed: quality check complete
Arnos Park Growing Space (downstream),Pymmes Brook ,51.617646,-0.128978,Enfield,2026-07-21,,2.13,0.47,,,17.6,1010.0,,,,,,,,No rain since early June. Steady flow from outfall.,Reviewed: quality check complete
Arnos Park Growing Space (upstream),Pymmes Brook ,51.617697,-0.129111,Enfield,2026-07-21,,2.02,0.17,,,17.5,1000.0,,,,,,,,No rain since early June.,Reviewed: quality check complete
Waterfall Walk 2 (Downstream),Pymmes Brook,51.62178,-0.136051,Barnet,2026-07-21,,2.42,0.7,,,17.4,1010.0,,,,,,,,No rain since early June. Steady flow from outfall.,Reviewed: quality check complete
Upstream of Markfield Park (Stonebridge Brook) CSO ,River Lea,51.58119,-0.060253,Waltham Forest,2026-07-22,,2.5,0.01,,,,,brown,clear,,sunny,low,slow,,,Reviewed: quality check complete
Markfield Park (Stonebridge Brook) CSO,River Lea,51.58111,-0.060575,Haringey,2026-07-22,,2.5,0.11,,,,,clear,clear,,sunny,,,,,Reviewed: quality check complete
Whitehall Plain,The Ching,51.627561,0.020547,Waltham Forest,2026-07-24,,1.19,0.1,,,,,clear,cloudy,"evenly_dispersed, blue-green_scum",sunny,low,still,,,Reviewed: quality check complete
Wadham Ave,The Ching,51.603672,-0.011865,Waltham Forest,2026-07-24,,2.5,0.01,,,,,,clear,,"sunny, cloudy, windy",,,,flashing 2.50 phosphate,Reviewed: quality check complete
Sainsbury's,The Ching,51.604505,-0.019121,Waltham Forest,2026-07-24,,,2.5,,,,,,cloudy,,"sunny, cloudy, windy",,,,phosphate 2.50 flashing,Reviewed: quality check complete
Hobart Corner,Bounds Green Brook,51.61262,-0.133703,Enfield,2026-07-24,,2.5,5.71,,,21.6,1000.0,"green, grey",clear,none,sunny,average,steady,"residential_discharge, urban_discharge, highway_discharge",We deserve clean rivers ,Reviewed: quality check complete
Folly Lane EA monitoring point,The Ching,51.60745,-0.030985,Waltham Forest,2026-07-24,,2.5,1.0,,,20.5,908.0,clear,clear,not_sure,sunny,low,steady,urban_discharge,,Reviewed: quality check complete
Footbridge near Rangers Road,Ching Brook,51.634055,0.025535,Essex,2026-07-24,,,,,,,,,,,sunny,dry,,,River completely dry,Reviewed: quality check complete
Brookfield Meadow,River Ching,51.607557,0.006706,England,2026-07-26,,2.5,0.08,,,,,,,,sunny,low,slow,,,Reviewed: quality check complete
Turkey Street (Upstream),Turkey Brook,51.668694,-0.034631,Enfield,2026-07-27,,1.57,0.01,,14.0,19.6,367.0,,clear,cladaphora,sunny,low,still,,,Reviewed: quality check complete
Beech Hall Crescent CSO,River Ching,51.604332,0.000129,Waltham Forest,2026-07-28,,2.5,0.2,,,,,clear,clear,not_sure,sunny,,,Combined Sewer Overflow,,Reviewed: quality check complete
Rectory Farm,Turkey Brook,51.671883,-0.105772,England,2026-07-28,,,,,,,,,cloudy,,sunny,dry,,,"Unable to take sample insufficient water at sample point.
Unsafe to sample where some water was.",Reviewed: quality check complete
Beech Hall,The Ching,51.604636,0.000755,Waltham Forest,2026-07-28,,2.5,0.12,,,,,clear,clear,not_sure,sunny,,,urban_discharge,,Reviewed: quality check complete
Wadham Ave,The Ching,51.603672,-0.011865,Waltham Forest,2026-07-31,,2.5,0.09,,,,,,,,"sunny, cloudy",,,,Single dead stickleback - reported to EA,Reviewed: quality check complete
Hatch Roundabout - Upstream,The Ching,51.618979,0.008952,Waltham Forest,2026-07-31,,2.5,0.02,,,,,clear,clear,none,sunny,low,slow,urban_discharge,,Reviewed: quality check complete
Flood Relief Channel outflow,Old Lea,51.561278,-0.029612,Waltham Forest,2026-07-31,,1.24,0.07,,,19.7,865.0,clear,clear,floating_mats,sunny,low,steady,,,Reviewed: quality check complete
Hatch Roundabout - Downstream,The Ching,51.618456,0.00869,Waltham Forest,2026-07-31,,2.5,0.65,,,,,clear,clear,none,sunny,low,slow,urban_discharge,,Reviewed: quality check complete
Friends Bridge,Lea (Old River Lea),51.561403,-0.037255,Hackney,2026-07-31,,2.0,0.1,,14.0,22.1,1070.0,clear,clear,,sunny,low,slow,,,Reviewed: quality check complete
Sainsbury's,The Ching,51.604505,-0.019121,Waltham Forest,2026-07-31,,2.5,0.11,,,,,,clear,,"sunny, cloudy",,,,,Reviewed: quality check complete
Folly Lane EA monitoring point,The Ching,51.60745,-0.030985,Waltham Forest,2026-08-01,,2.5,0.66,,,23.3,905.0,clear,clear,not_sure,sunny,low,steady,urban_discharge,,Reviewed: quality check complete
North Access Road,Dagenham Brook,51.576136,-0.039847,England,2026-08-01,,2.5,1.49,,,20.3,1110.0,clear,clear,none,sunny,low,slow,,,Reviewed: quality check complete
Dagenham Brook Bridge Rd U/S,Dagenham Brook ,51.571262,-0.030595,Waltham Forest,2026-08-01,,2.5,1.79,,,18.8,858.0,clear,clear,not_sure,sunny,low,still,urban_discharge,,Reviewed: quality check complete
Highams Park Lake,The Ching,51.613892,0.009555,Waltham Forest,2026-08-01,,2.5,0.23,,,,,"clear, hazy sheen",clear,none,sunny,low,slow,Land drainage outfall,,Reviewed: quality check complete
The Charter Road (Gordon Avenue),The Ching,51.608856,0.009023,Waltham Forest,2026-08-01,,2.5,0.12,,,,,clear,clear,none,sunny,low,slow,"residential_discharge, urban_discharge",,Reviewed: quality check complete
Whitehall Outfall 5a,River Ching,51.626279,0.019638,Redbridge,2026-08-02,,3.4,0.23,,,,,clear,clear,none,sunny,average,steady,residential_discharge,,Reviewed: quality check complete
Whitehall Outfall 5b,River Ching,51.626279,0.019638,Redbridge,2026-08-02,,3.9,2.55,,,,,clear,clear,none,sunny,average,steady,residential_discharge,,Reviewed: quality check complete
Brookfield Meadow,River Ching,51.607557,0.006706,England,2026-08-02,,2.5,0.1,,,,,,,,sunny,low,slow,,,Reviewed: quality check complete
Channelsea River by Northern Outfall,Channelsea River,51.529767,0.0002,England,2026-08-03,,2.5,0.22,,14.0,25.2,1260.0,brown,cloudy,,sunny,high,steady,,Nitrate = l.7mg/l,Reviewed: quality check complete
The Charter Road (Gordon Avenue),The Ching,51.608856,0.009023,Waltham Forest,2026-08-06,,2.5,0.23,,,,,clear,clear,none,sunny,low,slow,,,Reviewed: quality check complete
Hatch Roundabout - Upstream,The Ching,51.618979,0.008952,Waltham Forest,2026-08-06,,2.5,0.04,,,,,clear,clear,none,sunny,low,slow,urban_discharge,,Reviewed: quality check complete
Hatch Roundabout - Downstream,The Ching,51.618456,0.00869,Waltham Forest,2026-08-06,,2.5,0.4,,,,,clear,clear,none,sunny,low,slow,urban_discharge,,Reviewed: quality check complete
Highams Park Lake,The Ching,51.613892,0.009555,Waltham Forest,2026-08-06,,2.5,0.06,,,,,clear,clear,none,sunny,low,slow,Land drainage outfall,,Reviewed: quality check complete
Broomfield Upper Lake NW Inlet,Broomfield Upper Lake,51.618446,-0.117374,England,2026-08-07,,5.9,9.99,3.67,14.0,21.9,905.0,clear,clear,none,sunny,low,slow,"residential_discharge, urban_discharge",Ammonia reading was flashing so presumably exceeded capacity of checker.  This water enters the Upper Lake directly from the outlet bringing Thames Water surface water drainage. This reading is taken directly from that flow. This explains lower oxygen and lower temperature than in the lake itself. Turbidity was actually 12.,Reviewed: quality check complete
Broomfield Lower Lake SE Outlet,Broomfield Lower Lake ,51.61692,-0.118504,Enfield,2026-08-07,,10.6,5.24,4.03,16.0,23.3,798.0,brown,clear,none,sunny,low,still,"residential_discharge, urban_discharge",Water level very low. Nothing entering the lake. Hardly anything seeping out the outlet to Pymmes Brook. ,Reviewed: quality check complete
Wadham Ave,The Ching,51.603672,-0.011865,Waltham Forest,2026-08-07,,2.5,0.0,,,,,,,,sunny,,,,,Reviewed: quality check complete
Sainsbury's,The Ching,51.604505,-0.019121,Waltham Forest,2026-08-07,,2.5,0.06,,,,,,clear,,sunny,,,,,Reviewed: quality check complete
Broomfield Upper Lake water in the lake (NW),Broomfield Upper Lake ,51.618335,-0.117466,England,2026-08-07,,7.2,9.75,5.13,20.0,26.8,932.0,"brown, grey",clear,not_sure,sunny,low,still,"residential_discharge, urban_discharge",,Reviewed: quality check complete
Beech Hall,The Ching,51.604636,0.000755,Waltham Forest,2026-08-08,,2.5,0.21,,,,,clear,clear,not_sure,sunny,,,urban_discharge,,Reviewed: quality check complete
Beech Hall Crescent CSO,River Ching,51.604332,0.000129,Waltham Forest,2026-08-08,,2.5,0.15,,,,,"clear, brown",clear,not_sure,sunny,,,Combined Sewer Overflow,,Reviewed: quality check complete
Outlet,Moore's Brook,51.626611,-0.081703,England,2026-08-08,,2.9,0.1,,14.0,18.3,376.0,clear,clear,none,sunny,low,slow,residential_discharge,,Reviewed: quality check complete
North Inlet,Moore's Brooķ,51.628245,-0.086723,England,2026-08-08,,2.2,4.51,,100.0,21.0,378.0,brown,opaque,none,sunny,low,slow,residential_discharge,,Reviewed: quality check complete
Markfield Park (Stonebridge Brook) CSO,River Lea,51.58111,-0.060575,Haringey,2026-08-09,,2.16,0.09,,,,,clear,clear,,sunny,low,slow,,,Reviewed: quality check complete
Folly Lane EA monitoring point,The Ching,51.60745,-0.030985,Waltham Forest,2026-08-09,,2.5,1.13,,,20.6,897.0,clear,clear,not_sure,sunny,low,steady,urban_discharge,,Reviewed: quality check complete
Upstream of Markfield Park (Stonebridge Brook) CSO ,River Lea,51.58119,-0.060253,Waltham Forest,2026-08-09,,2.17,0.16,,,,,,clear,,sunny,low,slow,,,Reviewed: quality check complete
Newgate Street,The Ching,51.621835,0.016257,Waltham Forest,2026-08-09,,2.5,0.22,,,20.0,890.0,clear,clear,none,sunny,low,slow,,,Reviewed: quality check complete
Whitehall Outfalls,The Ching,51.626392,0.019922,Redbridge,2026-08-09,,2.5,0.34,,,20.4,910.0,clear,clear,none,sunny,low,slow,,"No water coming down the Ching, only from outfalls",Reviewed: quality check complete
D/S Whitehall Rd,The Ching,51.625457,0.019402,Redbridge,2026-08-09,,2.5,0.13,,,20.8,891.0,grey,cloudy,none,sunny,low,slow,,,Reviewed: quality check complete
Grovelands Park Lake Entry,Salmons Brook/Houndsden Gutter/Grovelands Stream,51.630718,-0.116322,Enfield,2026-08-10,,2.17,1.37,,14.0,23.6,753.0,,,,,,,,,Reviewed: quality check complete
Grovelands Park Lake Downstream of reedbeds,Salmons Brook/Houndsden Gutter/Grovelands Stream,51.630991,-0.115829,Enfield,2026-08-10,,5.0,0.07,,14.0,24.5,553.0,,,,sunny,,,,,Reviewed: quality check complete
Hatch Roundabout - Downstream,The Ching,51.618456,0.00869,Waltham Forest,2026-08-12,,2.5,0.66,,,,,clear,clear,none,sunny,low,slow,urban_discharge,,Reviewed: quality check complete
Hatch Roundabout - Upstream,The Ching,51.618979,0.008952,Waltham Forest,2026-08-12,,2.5,0.07,,,,,clear,clear,none,sunny,low,slow,urban_discharge,,Reviewed: quality check complete
The Charter Road (Gordon Avenue),The Ching,51.608856,0.009023,Waltham Forest,2026-08-13,,2.5,0.19,,,,,clear,clear,none,sunny,low,slow,"residential_discharge, urban_discharge",,Reviewed: quality check complete
Highams Park Lake,The Ching,51.613892,0.009555,Waltham Forest,2026-08-13,,2.5,0.06,,,,,clear,clear,none,sunny,low,slow,Land drainage outfall,,Reviewed: quality check complete
Lordship Recreation Ground (Downstream),Moselle Brook,51.594777,-0.086985,Haringey,2026-08-14,,4.8,2.05,,,22.6,748.0,clear,clear,attached,sunny,average,steady,"residential_discharge, urban_discharge","The visual appearance of the Moselle Brook was greatly improved from last month's readings on 17th July and the readings, particularly the ammonia had markedly reduced. Although there had not been any rainfall the overall level of the water in the Brook was higher and the flow steadier than last month.  There was no smell.  Although there was still sewage fungus attached to vegetation in the water, the white deposits on the stream bed were completely gone and sludge worm no longer evident.  ",Reviewed: quality check complete
Hobart Corner,Bounds Green Brook,51.61262,-0.133703,Enfield,2026-08-14,,2.5,4.46,,,25.0,1000.0,"clear, green",clear,not_sure,sunny,average,steady,"residential_discharge, urban_discharge, highway_discharge",,Reviewed: quality check complete
Sainsbury's,The Ching,51.604505,-0.019121,Waltham Forest,2026-08-14,,2.25,0.19,,,,,,clear,,sunny,,,,,Reviewed: quality check complete
Wadham Ave,The Ching,51.603672,-0.011865,Waltham Forest,2026-08-14,,2.5,0.03,,,,,,,,sunny,,,,,Reviewed: quality check complete
Folly Lane EA monitoring point,The Ching,51.60745,-0.030985,Waltham Forest,2026-08-15,,2.5,0.47,,,22.5,896.0,clear,clear,not_sure,sunny,low,slow,urban_discharge,,Reviewed: quality check complete
Newgate Street,The Ching,51.621835,0.016257,Waltham Forest,2026-08-16,,2.5,0.16,,,20.1,936.0,clear,clear,none,sunny,low,slow,,,Reviewed: quality check complete
Brookfield Meadow,River Ching,51.607557,0.006706,England,2026-08-16,,2.5,0.08,,,,,,,,"sunny, cloudy",,,,,Reviewed: quality check complete
Whitehall Outfalls,The Ching,51.626392,0.019922,Redbridge,2026-08-16,,2.27,1.67,,,20.8,998.0,clear,clear,none,sunny,low,slow,,No water coming down the Ching,Reviewed: quality check complete
D/S Whitehall Rd,The Ching,51.625457,0.019402,Redbridge,2026-08-16,,2.49,0.21,,,21.0,916.0,clear,clear,none,sunny,low,slow,,,Reviewed: quality check complete
Downstream of Jack’s Lake,Pymmes Brook,51.656668,-0.164216,Barnet,2026-08-17,,1.51,0.44,,21.0,23.2,408.0,yellow,cloudy,none,"sunny, cloudy",low,still,"residential_discharge, urban_discharge",No appreciable rainfall in the last month. No noticeable flow.  ,Reviewed: quality check complete
OUTFALL PYMM0161: Shirebourne Culvert Victoria Rec Ground,Shirebourne,51.651505,-0.171887,England,2026-08-17,,2.5,5.71,,14.0,22.6,513.0,clear,clear,none,"sunny, cloudy",low,slow,"residential_discharge, urban_discharge","No appreciable rainfall in last month.
Litter on the bed of the stream including 2 fire extinguishers.",Reviewed: quality check complete
Oak Hill Park 2 (Downstream),Pymmes Brook,51.638422,-0.156959,Barnet,2026-08-17,,2.5,0.43,,14.0,22.8,495.0,clear,clear,none,"sunny, cloudy",low,slow,"residential_discharge, urban_discharge","No appreciable rainfall in the last month.
Some small fish visible upstream of sampling site.",Reviewed: quality check complete
Bridge by Springfield Marina,Coppermill Stream,51.573056,-0.056198,Waltham Forest,2026-08-17,,2.1,0.02,,,23.6,,clear,clear,,"sunny, cloudy",low,still,,,Reviewed: quality check complete
River Lea Flood Relief Channel,Footbridge beside Waterworks Centre into Waterworks Nature Reserve,51.564306,-0.036113,Waltham Forest,2026-08-17,,2.31,1.25,,,25.6,,"a little murky, clear when settled",clear,,"sunny, cloudy",low,still,,,Reviewed: quality check complete
East Finchley Allotments - East Stream,Bounds Green Brook,51.595286,-0.162522,England,2026-08-18,,6.0,9.99,,,20.1,1040.0,"green, grey",cloudy,not_sure,cloudy,average,steady,residential_discharge,,Reviewed: quality check complete
East Finchley Allotments - West Stream,Bounds Green Brook,51.594478,-0.165213,England,2026-08-18,,2.8,2.58,,,21.1,864.0,grey,clear,not_sure,cloudy,average,slow,residential_discharge,,Reviewed: quality check complete
Hatch Roundabout - Upstream,The Ching,51.618979,0.008952,Waltham Forest,2026-08-18,,2.5,0.1,,,,,clear,clear,none,cloudy,low,slow,urban_discharge,,Reviewed: quality check complete
Hatch Roundabout - Downstream,The Ching,51.618456,0.00869,Waltham Forest,2026-08-18,,2.5,0.37,,,,,clear,clear,none,cloudy,low,slow,urban_discharge,Very slow flowing.  First time scum seen in at least 11 months.  Multiple small ripples arising near scum consistent with small rising bubbles.,Reviewed: quality check complete
Eversley Crescent Outfall (Downstream),Salmons Brook/Houndsden Gutter,51.639676,-0.107511,Enfield,2026-08-19,,2.5,3.17,,,,,,,"evenly_dispersed, floating_mats",cloudy,,,,no sewage fungus lots of pondweed,Reviewed: quality check complete
Highams Park Lake,The Ching,51.613892,0.009555,Waltham Forest,2026-08-20,,2.5,0.12,,,,,clear,clear,,sunny,low,slow,Land drainage outfall,,Reviewed: quality check complete
The Charter Road (Gordon Avenue),The Ching,51.608856,0.009023,Waltham Forest,2026-08-20,,2.28,0.3,,,,,clear,clear,none,sunny,low,slow,"residential_discharge, urban_discharge",,Reviewed: quality check complete
Wadham Ave,The Ching,51.603672,-0.011865,Waltham Forest,2026-08-21,,2.5,0.01,,,,,,,,"sunny, cloudy",,,,,Reviewed: quality check complete
Sainsbury's,The Ching,51.604505,-0.019121,Waltham Forest,2026-08-21,,2.5,0.13,,,,,,clear,,"sunny, cloudy",,,,,Reviewed: quality check complete
Folly Lane EA monitoring point,The Ching,51.60745,-0.030985,Waltham Forest,2026-08-21,,2.5,2.92,,,19.6,928.0,clear,cloudy,not_sure,"sunny, windy",low,steady,urban_discharge,,Reviewed: quality check complete
Downstream of Connaught Water,The Ching,51.63776,0.025654,Essex,2026-08-21,,,,,,,,,,,"sunny, cloudy",dry,,,River completely dry.,Reviewed: quality check complete
Whitehall Outfall 5b,River Ching,51.626279,0.019638,Redbridge,2026-08-22,,3.4,0.31,,,,,clear,clear,none,sunny,average,steady,residential_discharge,,Reviewed: quality check complete
Whitehall Outfall 5a,River Ching,51.626279,0.019638,Redbridge,2026-08-22,,4.2,0.38,,,,,clear,clear,none,sunny,average,steady,residential_discharge,,Reviewed: quality check complete
Downstream of Connaught Water,The Ching,51.63776,0.025654,Essex,2026-08-22,,,,,,,,,,none,sunny,dry,still,,"Riverbed completely dry, some depth in Cuckoo Brook downstream.",Reviewed: quality check complete
Footbridge near Rangers Road,Ching Brook,51.634055,0.025535,Essex,2026-08-22,,,,,,,,,,none,"sunny, cloudy",dry,still,,No flow. Very small puddle of water on riverbed.,Reviewed: quality check complete
Whitehall Plain,The Ching,51.627561,0.020547,Waltham Forest,2026-08-22,,0.65,0.43,,,,,"clear, green",clear,"evenly_dispersed, blue-green_scum","sunny, cloudy",low,still,,"No flow, water level low. Isolated pool of water with green algae and oily bacterial sheen on surface.",Reviewed: quality check complete
Whitehall Outfalls,The Ching,51.626392,0.019922,Redbridge,2026-08-23,,2.5,0.2,,,19.1,959.0,clear,clear,none,sunny,low,slow,,,Reviewed: quality check complete
D/S Whitehall Rd,The Ching,51.625457,0.019402,Redbridge,2026-08-23,,2.5,0.04,,,18.5,912.0,clear,clear,none,sunny,low,slow,,,Reviewed: quality check complete
Newgate Street,The Ching,51.621835,0.016257,Waltham Forest,2026-08-23,,2.5,0.04,,,17.5,910.0,clear,clear,none,sunny,low,slow,,,Reviewed: quality check complete
Brookfield Meadow,River Ching,51.607557,0.006706,England,2026-08-23,,2.5,0.07,,,,,,,,sunny,low,slow,,,Reviewed: quality check complete
Arnos Park Growing Space (downstream),Pymmes Brook ,51.617646,-0.128978,Enfield,2026-08-24,,2.5,0.56,,,17.1,996.0,,,,,,,,No significant rain since early June. Slow flow from outfall.,Reviewed: quality check complete
Arnos Park Growing Space (upstream),Pymmes Brook ,51.617697,-0.129111,Enfield,2026-08-24,,2.5,0.14,,,17.4,980.0,,,,,,,,No significant rain since early June.,Reviewed: quality check complete
Waterfall Walk 1 (Upstream),Pymmes Brook,51.622216,-0.13638,Barnet,2026-08-24,,2.5,0.23,,,17.7,971.0,,,,,,,,No significant rain since early June,Reviewed: quality check complete
Waterfall Walk 2 (Downstream),Pymmes Brook,51.62178,-0.136051,Barnet,2026-08-24,,2.5,3.24,,,17.9,994.0,,,,,,,,No significant rain since early June. Slow flow from outfall.,Reviewed: quality check complete
Beech Hall,The Ching,51.604636,0.000755,Waltham Forest,2026-08-25,,2.5,0.11,,,,,clear,clear,not_sure,sunny,,,urban_discharge,,Reviewed: quality check complete
Beech Hall Crescent CSO,River Ching,51.604332,0.000129,Waltham Forest,2026-08-25,,2.5,0.01,,,,,"clear, brown",clear,not_sure,sunny,,,Combined Sewer Overflow,,Reviewed: quality check complete
The Charter Road (Gordon Avenue),The Ching,51.608856,0.009023,Waltham Forest,2026-08-27,,1.55,1.79,,,,,brown,cloudy,none,"sunny, cloudy",average,steady,"residential_discharge, urban_discharge",This was the first significant rain after a prolongued period of drought. Turbulance at the Falmouth Ave weir has created foam on the water surface.,Reviewed: quality check complete
Highams Park Lake,The Ching,51.613892,0.009555,Waltham Forest,2026-08-27,,1.59,1.63,,,,,brown,cloudy,none,"sunny, cloudy",average,steady,Land drainage outfall,This was the first significant rain after a prolonged period of drought,Reviewed: quality check complete
Folly Lane EA monitoring point,The Ching,51.60745,-0.030985,Waltham Forest,2026-08-28,,2.5,0.53,,,20.7,727.0,clear,clear,not_sure,sunny,low,steady,urban_discharge,,Reviewed: quality check complete
Whitehall Outfall 5b,River Ching,51.626279,0.019638,Redbridge,2026-08-28,,6.0,0.17,,,23.1,,clear,clear,none,sunny,average,steady,residential_discharge,,Reviewed: quality check complete
Whitehall Outfall 5a,River Ching,51.626279,0.019638,Redbridge,2026-08-28,,3.0,0.2,,,23.3,,clear,clear,none,sunny,low,slow,residential_discharge,,Reviewed: quality check complete
Whitehall Outfalls,The Ching,51.626392,0.019922,Redbridge,2026-08-30,,2.5,0.27,,,20.4,926.0,clear,clear,none,sunny,low,slow,,,Reviewed: quality check complete
Newgate Street,The Ching,51.621835,0.016257,Waltham Forest,2026-08-30,,2.5,0.22,,,18.4,684.0,clear,clear,none,sunny,low,slow,,,Reviewed: quality check complete
D/S Whitehall Rd,The Ching,51.625457,0.019402,Redbridge,2026-08-30,,2.5,0.15,,,19.9,906.0,clear,clear,none,sunny,low,slow,,,Reviewed: quality check complete
Footbridge near Rangers Road,Ching Brook,51.634055,0.025535,Essex,2026-08-31,,0.19,0.17,,,,,clear,clear,none,"sunny, cloudy",low,still,,No flow,Reviewed: quality check complete
Whitehall Plain,The Ching,51.627561,0.020547,Waltham Forest,2026-08-31,,0.61,0.24,,,,,clear,clear,none,"sunny, cloudy",low,still,,Leaky woody barrier has been installed US of the sampling site.,Reviewed: quality check complete
Friends Bridge,Lea (Old River Lea),51.561403,-0.037255,Hackney,2026-08-31,,1.89,1.32,,,20.3,1050.0,clear,clear,floating_mats,"sunny, cloudy",average,steady,,,Reviewed: quality check complete
Flood Relief Channel outflow,Old Lea,51.561278,-0.029612,Waltham Forest,2026-08-31,,1.06,1.23,,,17.2,876.0,clear,clear,not_sure,"sunny, cloudy",average,steady,,,Reviewed: quality check complete
North Access Road,Dagenham Brook,51.576136,-0.039847,England,2026-09-01,,2.5,9.99,,,20.5,1010.0,clear,cloudy,none,sunny,average,slow,,both ammonia and phosphate readings were out of range (ammonia flashing at 9.99 and phosphate flashing at 2.50),Reviewed: quality check complete
Dagenham Brook Bridge Rd U/S,Dagenham Brook ,51.571262,-0.030595,Waltham Forest,2026-09-01,,2.5,9.99,,,18.6,969.0,grey,cloudy,none,sunny,average,slow,urban_discharge,both ammonia and phosphate readings were above the range (ammonia flashing at 9.99 and phosphate flashing at 2.50),Reviewed: quality check complete
Sainsbury's,The Ching,51.604505,-0.019121,Waltham Forest,2026-09-01,,2.5,0.55,,,,,,,,"sunny, cloudy",,,,,Reviewed: quality check complete
Beech Hall Crescent CSO,River Ching,51.604332,0.000129,Waltham Forest,2026-09-01,,2.5,0.15,,,,,clear,clear,not_sure,sunny,,,Combined Sewer Overflow,,Reviewed: quality check complete
Beech Hall,The Ching,51.604636,0.000755,Waltham Forest,2026-09-01,,2.5,0.24,,,,,clear,clear,not_sure,sunny,,,urban_discharge,,Reviewed: quality check complete
Wadham Ave,The Ching,51.603672,-0.011865,Waltham Forest,2026-09-01,,2.5,0.18,,,,,,,,"sunny, cloudy",,,,,Reviewed: quality check complete
Hatch Roundabout - Upstream,The Ching,51.618979,0.008952,Waltham Forest,2026-09-02,,2.5,0.1,,,,,clear,clear,none,rainy,low,slow,urban_discharge,,Reviewed: quality check complete
Hatch Roundabout - Downstream,The Ching,51.618456,0.00869,Waltham Forest,2026-09-02,,2.5,0.92,,,,,clear,clear,none,rainy,low,slow,urban_discharge,,Reviewed: quality check complete
The Charter Road (Gordon Avenue),The Ching,51.608856,0.009023,Waltham Forest,2026-09-03,,2.5,0.26,,,,,clear,clear,none,sunny,low,slow,"residential_discharge, urban_discharge",,Reviewed: quality check complete
Highams Park Lake,The Ching,51.613892,0.009555,Waltham Forest,2026-09-03,,2.5,0.11,,,,,clear,clear,,sunny,low,slow,Land drainage outfall,,Reviewed: quality check complete
Folly Lane EA monitoring point,The Ching,51.60745,-0.030985,Waltham Forest,2026-09-04,,2.5,1.54,,,20.7,719.0,grey,opaque,not_sure,"cloudy, windy",high,steady,urban_discharge,,Reviewed: quality check complete
Whitehall Outfalls,The Ching,51.626392,0.019922,Redbridge,2026-09-06,,2.5,0.2,,,,,clear,clear,none,sunny,low,slow,,,Reviewed: quality check complete
D/S Whitehall Rd,The Ching,51.625457,0.019402,Redbridge,2026-09-06,,2.5,0.34,,,,,clear,clear,none,sunny,low,slow,,,Reviewed: quality check complete
Whitehall Outfall 5b,River Ching,51.626279,0.019638,Redbridge,2026-09-06,,3.4,1.54,,,21.0,,clear,clear,none,sunny,average,steady,residential_discharge,,Reviewed: quality check complete
Whitehall Outfall 5a,River Ching,51.626279,0.019638,Redbridge,2026-09-06,,3.6,0.25,,,21.0,,clear,clear,none,sunny,low,slow,residential_discharge,,Reviewed: quality check complete
Newgate Street,The Ching,51.621835,0.016257,Waltham Forest,2026-09-06,,2.5,0.19,,,,,,clear,none,sunny,low,slow,,,Reviewed: quality check complete
Brookfield Meadow,River Ching,51.607557,0.006706,England,2026-09-07,,2.5,0.1,,,,,,,,sunny,,,,,Reviewed: quality check complete
Beech Hall Crescent CSO,River Ching,51.604332,0.000129,Waltham Forest,2026-09-08,,1.96,0.27,,,,,clear,clear,not_sure,sunny,,,Combined Sewer Overflow,,Reviewed: quality check complete
Beech Hall,The Ching,51.604636,0.000755,Waltham Forest,2026-09-08,,1.32,0.24,,,,,clear,clear,not_sure,sunny,,,urban_discharge,,Reviewed: quality check complete
Grovelands Park Lake Entry,Salmons Brook/Houndsden Gutter/Grovelands Stream,51.630718,-0.116322,Enfield,2026-09-09,,3.3,3.34,,14.0,19.0,735.0,,,,sunny,,,,,Reviewed: quality check complete
Grovelands Park Stream below dam,Salmons Brook/Houndsden Gutter/Grovelands Stream,51.633371,-0.111863,Enfield,2026-09-09,,6.5,1.32,,14.0,18.0,638.0,,,,sunny,,,,,Reviewed: quality check complete
Grovelands Park Lake Downstream of reedbeds,Salmons Brook/Houndsden Gutter/Grovelands Stream,51.630991,-0.115829,Enfield,2026-09-09,,5.3,1.63,,14.0,18.3,610.0,,,,sunny,,,,,Reviewed: quality check complete
Folly Lane EA monitoring point,The Ching,51.60745,-0.030985,Waltham Forest,2026-09-11,,2.5,1.09,,,19.7,749.0,clear,clear,not_sure,cloudy,low,steady,urban_discharge,,Reviewed: quality check complete
Wadham Ave,The Ching,51.603672,-0.011865,Waltham Forest,2026-09-11,,2.5,0.04,,,,,,,,sunny,,,,,Reviewed: quality check complete
Whitehall Plain,The Ching,51.627561,0.020547,Waltham Forest,2026-09-11,,0.69,0.25,,,,,clear,clear,none,"sunny, cloudy",,still,,No flow. Some algae forming in still pools.,Reviewed: quality check complete
Sainsbury's,The Ching,51.604505,-0.019121,Waltham Forest,2026-09-11,,2.5,0.12,,,,,,,,"sunny, cloudy, rainy",,,,,Reviewed: quality check complete
Footbridge near Rangers Road,Ching Brook,51.634055,0.025535,Essex,2026-09-11,,0.19,0.1,,,,,clear,clear,none,"sunny, cloudy",,still,,No flow,Reviewed: quality check complete
Downstream of Connaught Water,The Ching,51.63776,0.025654,Essex,2026-09-11,,,,,,,,,,,"sunny, cloudy",dry,,,River completely dry,Reviewed: quality check complete
Whitehall Outfall 5a,River Ching,51.626279,0.019638,Redbridge,2026-09-12,,3.4,0.16,,,22.0,,clear,clear,none,sunny,low,slow,residential_discharge,,Reviewed: quality check complete
Whitehall Outfall 5b,River Ching,51.626279,0.019638,Redbridge,2026-09-12,,3.1,0.44,,,22.2,,clear,clear,none,sunny,average,steady,residential_discharge,,Reviewed: quality check complete
Whitehall Outfalls,The Ching,51.626392,0.019922,Redbridge,2026-09-13,,2.5,0.07,,,19.7,879.0,clear,clear,none,cloudy,low,slow,,,Reviewed: quality check complete
D/S Whitehall Rd,The Ching,51.625457,0.019402,Redbridge,2026-09-13,,2.5,0.28,,,20.0,831.0,clear,clear,none,cloudy,low,slow,,,Reviewed: quality check complete
Oak Hill Park 2 (Downstream),Pymmes Brook,51.638422,-0.156959,Barnet,2026-09-14,,2.5,0.77,,240.0,19.7,425.0,clear,clear,none,cloudy,low,slow,"residential_discharge, urban_discharge",,Reviewed: quality check complete
Beech Hall Crescent CSO,River Ching,51.604332,0.000129,Waltham Forest,2026-09-14,,2.5,0.12,,,,,"clear, brown",clear,not_sure,sunny,,,Combined Sewer Overflow,Looks like the CSO discharged recently - quite a lot of what looks like toilet paper in the water below - see photos.,Reviewed: quality check complete
Beech Hall,The Ching,51.604636,0.000755,Waltham Forest,2026-09-14,,2.5,0.12,,,,,clear,clear,not_sure,sunny,,,urban_discharge,,Reviewed: quality check complete
Hillyfields park,Turkey brook,51.66987,-0.088862,Enfield,2026-09-14,,2.5,0.08,,14.0,19.0,745.0,clear,clear,none,cloudy,low,slow,,,Reviewed: quality check complete
OUTFALL PYMM0161: Shirebourne Culvert Victoria Rec Ground,Shirebourne,51.651505,-0.171887,England,2026-09-14,,2.5,4.67,,14.0,19.6,491.0,clear,clear,none,cloudy,low,slow,"residential_discharge, urban_discharge",,Reviewed: quality check complete
Downstream of Jack’s Lake,Pymmes Brook,51.656668,-0.164216,Barnet,2026-09-14,,1.05,0.3,,14.0,19.1,416.0,"clear, yellow",clear,none,cloudy,low,still,"residential_discharge, urban_discharge",,Reviewed: quality check complete
East Finchley Allotments - East Stream,Bounds Green Brook,51.595286,-0.162522,England,2026-09-15,,3.6,3.86,,,18.2,900.0,"green, grey",cloudy,none,cloudy,average,steady,"residential_discharge, urban_discharge",,Reviewed: quality check complete
Rectory Farm,Turkey Brook,51.671883,-0.105772,England,2026-09-15,,0.12,0.39,,14.0,19.2,705.0,,clear,none,cloudy,low,still,,Last week insufficient water at test point,Reviewed: quality check complete
Hatch Roundabout - Downstream,The Ching,51.618456,0.00869,Waltham Forest,2026-09-15,,2.5,1.88,,,,,clear,clear,none,cloudy,low,slow,urban_discharge,,Reviewed: quality check complete
Hatch Roundabout - Upstream,The Ching,51.618979,0.008952,Waltham Forest,2026-09-15,,2.5,0.06,,,,,clear,clear,none,cloudy,low,slow,urban_discharge,,Reviewed: quality check complete
East Finchley Allotments - West Stream,Bounds Green Brook,51.594478,-0.165213,England,2026-09-15,,4.2,4.17,,,19.5,939.0,"blue, grey",cloudy,none,cloudy,average,slow,"residential_discharge, urban_discharge",,Reviewed: quality check complete
Hobart Corner,Bounds Green Brook,51.61262,-0.133703,Enfield,2026-09-18,,2.5,3.52,,,19.1,966.0,"green, grey",cloudy,none,cloudy,average,steady,"residential_discharge, urban_discharge, highway_discharge",,Reviewed: quality check complete
Wadham Ave,The Ching,51.603672,-0.011865,Waltham Forest,2026-09-18,,2.5,0.02,,,,,,,,"sunny, windy",,,,,Reviewed: quality check complete
Sainsbury's,The Ching,51.604505,-0.019121,Waltham Forest,2026-09-18,,2.5,0.15,,,,,,,,"sunny, windy",,,,,Reviewed: quality check complete
Lordship Recreation Ground (Downstream),Moselle Brook,51.594777,-0.086985,Haringey,2026-09-18,,4.8,1.77,,,19.8,762.0,clear,clear,attached,sunny,average,steady,"residential_discharge, urban_discharge","Visible appearance of the Moselle Brook had improved since the August water testing.  There was very little sewage fungus attached to vegetation in the , water.   Looking at August photos there was still a great deal of sewage fungus visible, but it has almost disappeared.   The water was very clear and the photo shows that the clay bottom of the riverbed was visible at the testing point with silt all washed through from rain over the last month.   Ammonia had dropped again to 1.77,  but phosphate was stable at 4.8 which is still disappointingly high. ",Reviewed: quality check complete
Whitehall Outfall 5b,River Ching,51.626279,0.019638,Redbridge,2026-09-20,,3.7,0.57,,,20.0,,clear,clear,none,cloudy,average,steady,residential_discharge,,Reviewed: quality check complete
Broomfield Upper Lake NW Inlet,Broomfield Upper Lake,51.618446,-0.117374,England,2026-09-20,,7.5,9.99,,14.0,20.8,855.0,clear,clear,none,sunny,low,slow,"residential_discharge, urban_discharge",Disappointingly ammonia remained at 9.99 flashing despite periods of rainfall after the drought. Phosphate was higher than when we tested during the drought. This is the water flow direct from the pipe bringing surface water into the park lakes. Sadly not yet showing the results of the correction of three quarters of upstream misconnections,Reviewed: quality check complete
Broomfield Upper Lake water in the lake (NW),Broomfield Upper Lake ,51.618335,-0.117466,England,2026-09-20,,7.7,7.79,5.72,17.0,19.6,776.0,clear,clear,none,sunny,average,still,"residential_discharge, urban_discharge","Water in the lake to the right of the outlet was more opaque than flow in. Ammonia level was lower and phosphate pretty similar. It was a nice change to have no aroma from the lake water. There were many water birds present for feeding, disturbing the water.",Reviewed: quality check complete
Beech Hall,The Ching,51.604636,0.000755,Waltham Forest,2026-09-21,,2.5,0.13,,,,,clear,clear,not_sure,sunny,,,urban_discharge,,Reviewed: quality check complete
Beech Hall Crescent CSO,River Ching,51.604332,0.000129,Waltham Forest,2026-09-21,,2.5,0.03,,,,,clear,clear,not_sure,sunny,,,Combined Sewer Overflow,,Reviewed: quality check complete
Newgate Street,The Ching,51.621835,0.016257,Waltham Forest,2026-09-21,,2.5,0.02,,,17.2,838.0,clear,clear,none,sunny,low,steady,,,Reviewed: quality check complete
D/S Whitehall Rd,The Ching,51.625457,0.019402,Redbridge,2026-09-21,,2.5,0.53,,,18.5,877.0,clear,clear,none,sunny,low,slow,,,Reviewed: quality check complete
Whitehall Outfalls,The Ching,51.626392,0.019922,Redbridge,2026-09-21,,2.5,0.26,,,18.3,871.0,clear,clear,none,sunny,low,slow,,,Reviewed: quality check complete
Brookfield Meadow,River Ching,51.607557,0.006706,England,2026-09-21,,2.5,0.26,,,,,,,,sunny,,,,,Reviewed: quality check complete
Arnos Park Growing Space (downstream),Pymmes Brook ,51.617646,-0.128978,Enfield,2026-09-22,,2.5,3.12,,,16.0,974.0,,,,,,,,slow flow from outfall,Reviewed: quality check complete
Arnos Park Growing Space (upstream),Pymmes Brook ,51.617697,-0.129111,Enfield,2026-09-22,,2.5,2.02,,,16.3,955.0,,,,,,,,,Reviewed: quality check complete
Channelsea River by Northern Outfall,Channelsea River,51.529767,0.0002,England,2026-09-22,,1.91,0.06,,14.0,20.2,1080.0,brown,cloudy,,"sunny, cloudy",high,still,,"Strong smell of sewage nearby the night before. 

Nitrates = 7.4mg/L",Reviewed: quality check complete
Channelsea River Gas Holders ,Channelsea River,51.526949,-0.003434,England,2026-09-22,,1.39,0.05,,14.0,21.0,1090.0,brown,cloudy,,sunny,average,slow,,"All readings from H183306 Hannah photo meter

Nitrates = 7.5 mg/L

Quite a low range high tide, tide on its way out",Reviewed: quality check complete
Waterfall Walk 1 (Upstream),Pymmes Brook,51.622216,-0.13638,Barnet,2026-09-22,,2.5,0.18,,,15.9,966.0,,,,,,,,,Reviewed: quality check complete
Waterfall Walk 2 (Downstream),Pymmes Brook,51.62178,-0.136051,Barnet,2026-09-22,,2.5,2.06,,,16.9,976.0,,,,,,,,slow flow from outfall,Reviewed: quality check complete
Markfield Park (Stonebridge Brook) CSO,River Lea,51.58111,-0.060575,Haringey,2026-09-24,,2.49,0.28,,,,,brown,clear,floating_mats,cloudy,low,slow,,still marked increase in ammonia from upstream readings,Reviewed: quality check complete
Upstream of Markfield Park (Stonebridge Brook) CSO ,River Lea,51.58119,-0.060253,Waltham Forest,2026-09-24,,2.17,0.05,,,,,clear,clear,floating_mats,cloudy,low,slow,,,Reviewed: quality check complete
Highams Park Lake,The Ching,51.613892,0.009555,Waltham Forest,2026-09-25,,2.5,0.09,,,,,clear,clear,none,sunny,low,slow,land drainage,,Reviewed: quality check complete
The Charter Road (Gordon Avenue),The Ching,51.608856,0.009023,Waltham Forest,2026-09-25,,2.5,0.1,,,,,clear,clear,none,sunny,low,slow,"residential_discharge, urban_discharge",,Reviewed: quality check complete
Folly Lane EA monitoring point,The Ching,51.60745,-0.030985,Waltham Forest,2026-09-25,,2.5,0.97,,,19.0,865.0,clear,clear,not_sure,sunny,low,steady,urban_discharge,,Reviewed: quality check complete
Brookfield Meadow,River Ching,51.607557,0.006706,England,2026-09-26,,2.5,0.1,,,,,,,,sunny,,,,,Reviewed: quality check complete
Whitehall Outfall 5a,River Ching,51.626279,0.019638,Redbridge,2026-09-27,,4.4,0.05,,,19.3,,clear,clear,none,cloudy,average,steady,residential_discharge,,Reviewed: quality check complete
Whitehall Outfall 5b,River Ching,51.626279,0.019638,Redbridge,2026-09-27,,3.4,3.58,,,18.7,,clear,clear,none,cloudy,average,steady,residential_discharge,,Reviewed: quality check complete
Whitehall Outfalls,The Ching,51.626392,0.019922,Redbridge,2026-09-27,,2.5,0.24,,,17.8,870.0,clear,clear,none,sunny,low,slow,,Still no water coming down the Ching above Whitehall Rd,Reviewed: quality check complete
D/S Whitehall Rd,The Ching,51.625457,0.019402,Redbridge,2026-09-27,,2.5,0.04,,,17.6,853.0,clear,clear,none,sunny,low,slow,,,Reviewed: quality check complete
Newgate Street,The Ching,51.621835,0.016257,Waltham Forest,2026-09-27,,2.5,0.06,,,15.9,865.0,clear,clear,none,sunny,low,slow,,,Reviewed: quality check complete
